match_id,innings,batting_team,bowling_team,season,date,venue,city,winner,result_type,toss_winner,toss_decision,player_of_match,stage,match_number,total_runs,batter_runs,total_balls,wickets,fours,sixes,is_completed_match
335982,1,Kolkata Knight Riders,Royal Challengers Bangalore,,2008-04-18,M Chinnaswamy Stadium,Bangalore,Kolkata Knight Riders,,Royal Challengers Bangalore,field,BB McCullum,Unknown,Unknown,222,205,120,3,15,14,True
335982,2,Royal Challengers Bangalore,Kolkata Knight Riders,,2008-04-18,M Chinnaswamy Stadium,Bangalore,Kolkata Knight Riders,,Royal Challengers Bangalore,field,BB McCullum,Unknown,Unknown,82,63,91,10,3,3,True
335983,1,Chennai Super Kings,Kings XI Punjab,,2008-04-19,"Punjab Cricket Association Stadium, Mohali",Chandigarh,Chennai Super Kings,,Chennai Super Kings,bat,MEK Hussey,Unknown,Unknown,240,234,120,5,20,16,True
335983,2,Kings XI Punjab,Chennai Super Kings,,2008-04-19,"Punjab Cricket Association Stadium, Mohali",Chandigarh,Chennai Super Kings,,Chennai Super Kings,bat,MEK Hussey,Unknown,Unknown,207,196,120,4,18,9,True
335984,1,Rajasthan Royals,Delhi Daredevils,,2008-04-19,Feroz Shah Kotla,Delhi,Delhi Daredevils,,Rajasthan Royals,bat,MF Maharoof,Unknown,Unknown,129,122,120,8,14,3,True
335984,2,Delhi Daredevils,Rajasthan Royals,,2008-04-19,Feroz Shah Kotla,Delhi,Delhi Daredevils,,Rajasthan Royals,bat,MF Maharoof,Unknown,Unknown,132,122,91,1,18,1,True
335985,1,Mumbai Indians,Royal Challengers Bangalore,,2008-04-20,Wankhede Stadium,Mumbai,Royal Challengers Bangalore,,Mumbai Indians,bat,MV Boucher,Unknown,Unknown,165,154,120,6,18,5,True
335985,2,Royal Challengers Bangalore,Mumbai Indians,,2008-04-20,Wankhede Stadium,Mumbai,Royal Challengers Bangalore,,Mumbai Indians,bat,MV Boucher,Unknown,Unknown,166,161,118,5,15,6,True
335986,1,Deccan Chargers,Kolkata Knight Riders,,2008-04-20,Eden Gardens,Kolkata,Kolkata Knight Riders,,Deccan Chargers,bat,DJ Hussey,Unknown,Unknown,110,100,112,10,6,6,True
335986,2,Kolkata Knight Riders,Deccan Chargers,,2008-04-20,Eden Gardens,Kolkata,Kolkata Knight Riders,,Deccan Chargers,bat,DJ Hussey,Unknown,Unknown,112,84,114,5,5,4,True
335987,1,Kings XI Punjab,Rajasthan Royals,,2008-04-21,Sawai Mansingh Stadium,Jaipur,Rajasthan Royals,,Kings XI Punjab,bat,SR Watson,Unknown,Unknown,166,162,119,8,18,7,True
335987,2,Rajasthan Royals,Kings XI Punjab,,2008-04-21,Sawai Mansingh Stadium,Jaipur,Rajasthan Royals,,Kings XI Punjab,bat,SR Watson,Unknown,Unknown,168,156,109,4,17,7,True
335988,1,Deccan Chargers,Delhi Daredevils,,2008-04-22,"Rajiv Gandhi International Stadium, Uppal",Hyderabad,Delhi Daredevils,,Deccan Chargers,bat,V Sehwag,Unknown,Unknown,142,137,120,8,12,6,True
335988,2,Delhi Daredevils,Deccan Chargers,,2008-04-22,"Rajiv Gandhi International Stadium, Uppal",Hyderabad,Delhi Daredevils,,Deccan Chargers,bat,V Sehwag,Unknown,Unknown,143,131,78,1,15,6,True
335989,1,Chennai Super Kings,Mumbai Indians,,2008-04-23,"MA Chidambaram Stadium, Chepauk",Chennai,Chennai Super Kings,,Mumbai Indians,field,ML Hayden,Unknown,Unknown,208,190,120,5,24,6,True
335989,2,Mumbai Indians,Chennai Super Kings,,2008-04-23,"MA Chidambaram Stadium, Chepauk",Chennai,Chennai Super Kings,,Mumbai Indians,field,ML Hayden,Unknown,Unknown,202,189,120,7,19,8,True
335990,1,Deccan Chargers,Rajasthan Royals,,2008-04-24,"Rajiv Gandhi International Stadium, Uppal",Hyderabad,Rajasthan Royals,,Rajasthan Royals,field,YK Pathan,Unknown,Unknown,214,208,120,5,24,9,True
335990,2,Rajasthan Royals,Deccan Chargers,,2008-04-24,"Rajiv Gandhi International Stadium, Uppal",Hyderabad,Rajasthan Royals,,Rajasthan Royals,field,YK Pathan,Unknown,Unknown,217,210,119,7,18,14,True
335991,1,Kings XI Punjab,Mumbai Indians,,2008-04-25,"Punjab Cricket Association Stadium, Mohali",Chandigarh,Kings XI Punjab,,Mumbai Indians,field,KC Sangakkara,Unknown,Unknown,182,175,120,10,18,5,True
335991,2,Mumbai Indians,Kings XI Punjab,,2008-04-25,"Punjab Cricket Association Stadium, Mohali",Chandigarh,Kings XI Punjab,,Mumbai Indians,field,KC Sangakkara,Unknown,Unknown,116,109,120,9,12,4,True
335992,1,Royal Challengers Bangalore,Rajasthan Royals,,2008-04-26,M Chinnaswamy Stadium,Bangalore,Rajasthan Royals,,Rajasthan Royals,field,SR Watson,Unknown,Unknown,135,129,120,8,12,7,True
335992,2,Rajasthan Royals,Royal Challengers Bangalore,,2008-04-26,M Chinnaswamy Stadium,Bangalore,Rajasthan Royals,,Rajasthan Royals,field,SR Watson,Unknown,Unknown,138,135,103,3,22,2,True
335993,1,Kolkata Knight Riders,Chennai Super Kings,,2008-04-26,"MA Chidambaram Stadium, Chepauk",Chennai,Chennai Super Kings,,Kolkata Knight Riders,bat,JDP Oram,Unknown,Unknown,147,139,120,9,14,4,True
335993,2,Chennai Super Kings,Kolkata Knight Riders,,2008-04-26,"MA Chidambaram Stadium, Chepauk",Chennai,Chennai Super Kings,,Kolkata Knight Riders,bat,JDP Oram,Unknown,Unknown,152,134,102,1,12,5,True
335994,1,Mumbai Indians,Deccan Chargers,,2008-04-27,Dr DY Patil Sports Academy,Mumbai,Deccan Chargers,,Deccan Chargers,field,AC Gilchrist,Unknown,Unknown,154,143,120,7,14,5,True
335994,2,Deccan Chargers,Mumbai Indians,,2008-04-27,Dr DY Patil Sports Academy,Mumbai,Deccan Chargers,,Deccan Chargers,field,AC Gilchrist,Unknown,Unknown,155,146,73,0,13,11,True
335995,1,Delhi Daredevils,Kings XI Punjab,,2008-04-27,"Punjab Cricket Association Stadium, Mohali",Chandigarh,Kings XI Punjab,,Delhi Daredevils,bat,SM Katich,Unknown,Unknown,158,147,120,8,18,2,True
335995,2,Kings XI Punjab,Delhi Daredevils,,2008-04-27,"Punjab Cricket Association Stadium, Mohali",Chandigarh,Kings XI Punjab,,Delhi Daredevils,bat,SM Katich,Unknown,Unknown,162,153,117,6,19,3,True
335996,1,Chennai Super Kings,Royal Challengers Bangalore,,2008-04-28,M Chinnaswamy Stadium,Bangalore,Chennai Super Kings,,Chennai Super Kings,bat,MS Dhoni,Unknown,Unknown,178,174,120,5,17,8,True
335996,2,Royal Challengers Bangalore,Chennai Super Kings,,2008-04-28,M Chinnaswamy Stadium,Bangalore,Chennai Super Kings,,Chennai Super Kings,bat,MS Dhoni,Unknown,Unknown,165,158,118,10,14,5,True
335997,1,Kolkata Knight Riders,Mumbai Indians,,2008-04-29,Eden Gardens,Kolkata,Mumbai Indians,,Kolkata Knight Riders,bat,ST Jayasuriya,Unknown,Unknown,137,124,120,8,15,3,True
335997,2,Mumbai Indians,Kolkata Knight Riders,,2008-04-29,Eden Gardens,Kolkata,Mumbai Indians,,Kolkata Knight Riders,bat,ST Jayasuriya,Unknown,Unknown,138,123,112,3,17,2,True
335998,1,Delhi Daredevils,Royal Challengers Bangalore,,2008-04-30,Feroz Shah Kotla,Delhi,Delhi Daredevils,,Royal Challengers Bangalore,field,GD McGrath,Unknown,Unknown,191,187,120,5,21,5,True
335998,2,Royal Challengers Bangalore,Delhi Daredevils,,2008-04-30,Feroz Shah Kotla,Delhi,Delhi Daredevils,,Royal Challengers Bangalore,field,GD McGrath,Unknown,Unknown,181,169,120,5,16,7,True
335999,1,Deccan Chargers,Kings XI Punjab,,2008-05-01,"Rajiv Gandhi International Stadium, Uppal",Hyderabad,Kings XI Punjab,,Kings XI Punjab,field,SE Marsh,Unknown,Unknown,164,160,120,8,19,3,True
335999,2,Kings XI Punjab,Deccan Chargers,,2008-05-01,"Rajiv Gandhi International Stadium, Uppal",Hyderabad,Kings XI Punjab,,Kings XI Punjab,field,SE Marsh,Unknown,Unknown,167,161,113,3,21,2,True
336000,1,Rajasthan Royals,Kolkata Knight Riders,,2008-05-01,Sawai Mansingh Stadium,Jaipur,Rajasthan Royals,,Rajasthan Royals,bat,SA Asnodkar,Unknown,Unknown,196,182,120,7,22,5,True
336000,2,Kolkata Knight Riders,Rajasthan Royals,,2008-05-01,Sawai Mansingh Stadium,Jaipur,Rajasthan Royals,,Rajasthan Royals,bat,SA Asnodkar,Unknown,Unknown,151,139,115,10,8,6,True
336001,1,Chennai Super Kings,Delhi Daredevils,,2008-05-02,"MA Chidambaram Stadium, Chepauk",Chennai,Delhi Daredevils,,Chennai Super Kings,bat,V Sehwag,Unknown,Unknown,169,162,120,6,17,5,True
336001,2,Delhi Daredevils,Chennai Super Kings,,2008-05-02,"MA Chidambaram Stadium, Chepauk",Chennai,Delhi Daredevils,,Chennai Super Kings,bat,V Sehwag,Unknown,Unknown,172,166,114,2,16,5,True
336002,1,Deccan Chargers,Royal Challengers Bangalore,,2008-05-25,"Rajiv Gandhi International Stadium, Uppal",Hyderabad,Royal Challengers Bangalore,,Deccan Chargers,bat,R Vinay Kumar,Unknown,Unknown,165,152,120,10,15,7,True
336002,2,Royal Challengers Bangalore,Deccan Chargers,,2008-05-25,"Rajiv Gandhi International Stadium, Uppal",Hyderabad,Royal Challengers Bangalore,,Deccan Chargers,bat,R Vinay Kumar,Unknown,Unknown,171,168,114,5,19,7,True
336003,1,Kings XI Punjab,Kolkata Knight Riders,,2008-05-03,"Punjab Cricket Association Stadium, Mohali",Chandigarh,Kings XI Punjab,,Kings XI Punjab,bat,IK Pathan,Unknown,Unknown,178,164,120,6,22,4,True
336003,2,Kolkata Knight Riders,Kings XI Punjab,,2008-05-03,"Punjab Cricket Association Stadium, Mohali",Chandigarh,Kings XI Punjab,,Kings XI Punjab,bat,IK Pathan,Unknown,Unknown,169,162,120,6,9,9,True
336004,1,Mumbai Indians,Delhi Daredevils,,2008-05-04,Dr DY Patil Sports Academy,Mumbai,Mumbai Indians,,Delhi Daredevils,field,SM Pollock,Unknown,Unknown,162,152,120,8,14,8,True
336004,2,Delhi Daredevils,Mumbai Indians,,2008-05-04,Dr DY Patil Sports Academy,Mumbai,Mumbai Indians,,Delhi Daredevils,field,SM Pollock,Unknown,Unknown,133,129,113,10,9,5,True
336005,1,Chennai Super Kings,Rajasthan Royals,,2008-05-04,Sawai Mansingh Stadium,Jaipur,Rajasthan Royals,,Chennai Super Kings,bat,Sohail Tanvir,Unknown,Unknown,109,102,114,10,12,1,True
336005,2,Rajasthan Royals,Chennai Super Kings,,2008-05-04,Sawai Mansingh Stadium,Jaipur,Rajasthan Royals,,Chennai Super Kings,bat,Sohail Tanvir,Unknown,Unknown,110,89,86,2,10,2,True
336006,1,Royal Challengers Bangalore,Kings XI Punjab,,2008-05-05,M Chinnaswamy Stadium,Bangalore,Kings XI Punjab,,Kings XI Punjab,field,S Sreesanth,Unknown,Unknown,126,116,116,10,16,1,True
336006,2,Kings XI Punjab,Royal Challengers Bangalore,,2008-05-05,M Chinnaswamy Stadium,Bangalore,Kings XI Punjab,,Kings XI Punjab,field,S Sreesanth,Unknown,Unknown,127,110,110,4,12,3,True
336007,1,Chennai Super Kings,Deccan Chargers,,2008-05-06,"MA Chidambaram Stadium, Chepauk",Chennai,Deccan Chargers,,Deccan Chargers,field,AC Gilchrist,Unknown,Unknown,144,134,120,7,12,5,True
336007,2,Deccan Chargers,Chennai Super Kings,,2008-05-06,"MA Chidambaram Stadium, Chepauk",Chennai,Deccan Chargers,,Deccan Chargers,field,AC Gilchrist,Unknown,Unknown,148,143,108,3,15,7,True
336008,1,Rajasthan Royals,Mumbai Indians,,2008-05-07,Dr DY Patil Sports Academy,Mumbai,Mumbai Indians,,Mumbai Indians,field,A Nehra,Unknown,Unknown,103,96,98,10,9,2,True
336008,2,Mumbai Indians,Rajasthan Royals,,2008-05-07,Dr DY Patil Sports Academy,Mumbai,Mumbai Indians,,Mumbai Indians,field,A Nehra,Unknown,Unknown,104,92,91,3,7,3,True
336009,1,Delhi Daredevils,Chennai Super Kings,,2008-05-08,Feroz Shah Kotla,Delhi,Chennai Super Kings,,Chennai Super Kings,field,MS Dhoni,Unknown,Unknown,187,175,120,5,22,3,True
336009,2,Chennai Super Kings,Delhi Daredevils,,2008-05-08,Feroz Shah Kotla,Delhi,Chennai Super Kings,,Chennai Super Kings,field,MS Dhoni,Unknown,Unknown,188,177,120,6,20,5,True
336010,1,Kolkata Knight Riders,Royal Challengers Bangalore,,2008-05-08,Eden Gardens,Kolkata,Kolkata Knight Riders,,Kolkata Knight Riders,bat,SC Ganguly,Unknown,Unknown,129,124,96,7,12,5,True
336010,2,Royal Challengers Bangalore,Kolkata Knight Riders,,2008-05-08,Eden Gardens,Kolkata,Kolkata Knight Riders,,Kolkata Knight Riders,bat,SC Ganguly,Unknown,Unknown,124,118,96,4,15,2,True
336011,1,Deccan Chargers,Rajasthan Royals,,2008-05-09,Sawai Mansingh Stadium,Jaipur,Rajasthan Royals,,Rajasthan Royals,field,YK Pathan,Unknown,Unknown,140,134,120,8,15,3,True
336011,2,Rajasthan Royals,Deccan Chargers,,2008-05-09,Sawai Mansingh Stadium,Jaipur,Rajasthan Royals,,Rajasthan Royals,field,YK Pathan,Unknown,Unknown,141,130,96,2,16,2,True
336012,1,Royal Challengers Bangalore,Mumbai Indians,,2008-05-28,M Chinnaswamy Stadium,Bangalore,Mumbai Indians,,Mumbai Indians,field,CRD Fernando,Unknown,Unknown,122,111,108,9,11,2,True
336012,2,Mumbai Indians,Royal Challengers Bangalore,,2008-05-28,M Chinnaswamy Stadium,Bangalore,Mumbai Indians,,Mumbai Indians,field,CRD Fernando,Unknown,Unknown,126,113,96,1,10,6,True
336013,1,Chennai Super Kings,Kings XI Punjab,,2008-05-10,"MA Chidambaram Stadium, Chepauk",Chennai,Chennai Super Kings,,Kings XI Punjab,field,L Balaji,Unknown,Unknown,181,166,120,4,14,7,True
336013,2,Kings XI Punjab,Chennai Super Kings,,2008-05-10,"MA Chidambaram Stadium, Chepauk",Chennai,Chennai Super Kings,,Kings XI Punjab,field,L Balaji,Unknown,Unknown,163,160,120,9,8,10,True
336014,1,Kolkata Knight Riders,Deccan Chargers,,2008-05-11,"Rajiv Gandhi International Stadium, Uppal",Hyderabad,Kolkata Knight Riders,,Kolkata Knight Riders,bat,SC Ganguly,Unknown,Unknown,204,199,120,4,22,9,True
336014,2,Deccan Chargers,Kolkata Knight Riders,,2008-05-11,"Rajiv Gandhi International Stadium, Uppal",Hyderabad,Kolkata Knight Riders,,Kolkata Knight Riders,bat,SC Ganguly,Unknown,Unknown,181,165,120,7,16,8,True
336015,1,Delhi Daredevils,Rajasthan Royals,,2008-05-11,Sawai Mansingh Stadium,Jaipur,Rajasthan Royals,,Rajasthan Royals,field,SR Watson,Unknown,Unknown,156,145,120,7,10,5,True
336015,2,Rajasthan Royals,Delhi Daredevils,,2008-05-11,Sawai Mansingh Stadium,Jaipur,Rajasthan Royals,,Rajasthan Royals,field,SR Watson,Unknown,Unknown,159,142,114,7,13,6,True
336016,1,Royal Challengers Bangalore,Kings XI Punjab,,2008-05-12,"Punjab Cricket Association Stadium, Mohali",Chandigarh,Kings XI Punjab,,Royal Challengers Bangalore,bat,SE Marsh,Unknown,Unknown,143,128,120,8,13,2,True
336016,2,Kings XI Punjab,Royal Challengers Bangalore,,2008-05-12,"Punjab Cricket Association Stadium, Mohali",Chandigarh,Kings XI Punjab,,Royal Challengers Bangalore,bat,SE Marsh,Unknown,Unknown,144,135,94,1,12,7,True
336017,1,Kolkata Knight Riders,Delhi Daredevils,,2008-05-13,Eden Gardens,Kolkata,Kolkata Knight Riders,,Kolkata Knight Riders,bat,Shoaib Akhtar,Unknown,Unknown,133,122,120,6,10,3,True
336017,2,Delhi Daredevils,Kolkata Knight Riders,,2008-05-13,Eden Gardens,Kolkata,Kolkata Knight Riders,,Kolkata Knight Riders,bat,Shoaib Akhtar,Unknown,Unknown,110,102,107,10,13,0,True
336018,1,Chennai Super Kings,Mumbai Indians,,2008-05-14,Wankhede Stadium,Mumbai,Mumbai Indians,,Mumbai Indians,field,ST Jayasuriya,Unknown,Unknown,156,144,120,6,21,3,True
336018,2,Mumbai Indians,Chennai Super Kings,,2008-05-14,Wankhede Stadium,Mumbai,Mumbai Indians,,Mumbai Indians,field,ST Jayasuriya,Unknown,Unknown,158,142,83,1,12,12,True
336019,1,Kings XI Punjab,Rajasthan Royals,,2008-05-28,"Punjab Cricket Association Stadium, Mohali",Chandigarh,Kings XI Punjab,,Rajasthan Royals,field,SE Marsh,Unknown,Unknown,221,216,120,3,20,14,True
336019,2,Rajasthan Royals,Kings XI Punjab,,2008-05-28,"Punjab Cricket Association Stadium, Mohali",Chandigarh,Kings XI Punjab,,Rajasthan Royals,field,SE Marsh,Unknown,Unknown,180,176,120,7,18,8,True
336020,1,Delhi Daredevils,Deccan Chargers,,2008-05-15,Feroz Shah Kotla,Delhi,Delhi Daredevils,,Deccan Chargers,field,A Mishra,Unknown,Unknown,194,186,120,4,18,6,True
336020,2,Deccan Chargers,Delhi Daredevils,,2008-05-15,Feroz Shah Kotla,Delhi,Delhi Daredevils,,Deccan Chargers,field,A Mishra,Unknown,Unknown,182,179,120,9,15,9,True
336021,1,Kolkata Knight Riders,Mumbai Indians,,2008-05-16,Wankhede Stadium,Mumbai,Mumbai Indians,,Mumbai Indians,field,SM Pollock,Unknown,Unknown,67,59,92,10,7,1,True
336021,2,Mumbai Indians,Kolkata Knight Riders,,2008-05-16,Wankhede Stadium,Mumbai,Mumbai Indians,,Mumbai Indians,field,SM Pollock,Unknown,Unknown,68,58,33,2,8,3,True
336022,1,Delhi Daredevils,Kings XI Punjab,,2008-05-17,Feroz Shah Kotla,Delhi,Kings XI Punjab,,Delhi Daredevils,bat,DPMD Jayawardene,Unknown,Unknown,118,108,66,4,10,6,True
336022,2,Kings XI Punjab,Delhi Daredevils,,2008-05-17,Feroz Shah Kotla,Delhi,Kings XI Punjab,,Delhi Daredevils,bat,DPMD Jayawardene,Unknown,Unknown,94,90,48,3,4,8,True
336023,1,Rajasthan Royals,Royal Challengers Bangalore,,2008-05-17,Sawai Mansingh Stadium,Jaipur,Rajasthan Royals,,Royal Challengers Bangalore,field,GC Smith,Unknown,Unknown,197,171,120,1,21,3,True
336023,2,Royal Challengers Bangalore,Rajasthan Royals,,2008-05-17,Sawai Mansingh Stadium,Jaipur,Rajasthan Royals,,Royal Challengers Bangalore,field,GC Smith,Unknown,Unknown,132,126,120,9,10,6,True
336024,1,Mumbai Indians,Deccan Chargers,,2008-05-18,"Rajiv Gandhi International Stadium, Uppal",Hyderabad,Mumbai Indians,,Deccan Chargers,field,DJ Bravo,Unknown,Unknown,178,158,120,7,17,6,True
336024,2,Deccan Chargers,Mumbai Indians,,2008-05-18,"Rajiv Gandhi International Stadium, Uppal",Hyderabad,Mumbai Indians,,Deccan Chargers,field,DJ Bravo,Unknown,Unknown,153,145,120,7,13,6,True
336025,1,Kolkata Knight Riders,Chennai Super Kings,,2008-05-18,Eden Gardens,Kolkata,Chennai Super Kings,,Kolkata Knight Riders,bat,M Ntini,Unknown,Unknown,149,136,120,5,15,3,True
336025,2,Chennai Super Kings,Kolkata Knight Riders,,2008-05-18,Eden Gardens,Kolkata,Chennai Super Kings,,Kolkata Knight Riders,bat,M Ntini,Unknown,Unknown,55,51,48,0,8,0,True
336026,1,Royal Challengers Bangalore,Delhi Daredevils,,2008-05-19,M Chinnaswamy Stadium,Bangalore,Delhi Daredevils,,Delhi Daredevils,field,SP Goswami,Unknown,Unknown,154,145,120,7,14,6,True
336026,2,Delhi Daredevils,Royal Challengers Bangalore,,2008-05-19,M Chinnaswamy Stadium,Bangalore,Delhi Daredevils,,Delhi Daredevils,field,SP Goswami,Unknown,Unknown,158,146,110,5,19,3,True
336027,1,Kolkata Knight Riders,Rajasthan Royals,,2008-05-20,Eden Gardens,Kolkata,Rajasthan Royals,,Rajasthan Royals,field,YK Pathan,Unknown,Unknown,147,142,120,8,13,6,True
336027,2,Rajasthan Royals,Kolkata Knight Riders,,2008-05-20,Eden Gardens,Kolkata,Rajasthan Royals,,Rajasthan Royals,field,YK Pathan,Unknown,Unknown,150,143,99,4,17,5,True
336028,1,Kings XI Punjab,Mumbai Indians,,2008-05-21,Wankhede Stadium,Mumbai,Kings XI Punjab,,Mumbai Indians,field,SE Marsh,Unknown,Unknown,189,177,120,4,18,8,True
336028,2,Mumbai Indians,Kings XI Punjab,,2008-05-21,Wankhede Stadium,Mumbai,Kings XI Punjab,,Mumbai Indians,field,SE Marsh,Unknown,Unknown,188,165,120,10,17,6,True
336029,1,Royal Challengers Bangalore,Chennai Super Kings,,2008-05-21,"MA Chidambaram Stadium, Chepauk",Chennai,Royal Challengers Bangalore,,Royal Challengers Bangalore,bat,A Kumble,Unknown,Unknown,126,122,120,8,14,1,True
336029,2,Chennai Super Kings,Royal Challengers Bangalore,,2008-05-21,"MA Chidambaram Stadium, Chepauk",Chennai,Royal Challengers Bangalore,,Royal Challengers Bangalore,bat,A Kumble,Unknown,Unknown,112,100,120,8,10,2,True
336031,1,Deccan Chargers,Kings XI Punjab,,2008-05-23,"Punjab Cricket Association Stadium, Mohali",Chandigarh,Kings XI Punjab,,Kings XI Punjab,field,SE Marsh,Unknown,Unknown,175,170,120,4,14,9,True
336031,2,Kings XI Punjab,Deccan Chargers,,2008-05-23,"Punjab Cricket Association Stadium, Mohali",Chandigarh,Kings XI Punjab,,Kings XI Punjab,field,SE Marsh,Unknown,Unknown,178,170,117,4,13,8,True
336032,1,Mumbai Indians,Delhi Daredevils,,2008-05-24,Feroz Shah Kotla,Delhi,Delhi Daredevils,,Delhi Daredevils,field,KD Karthik,Unknown,Unknown,176,167,120,8,18,7,True
336032,2,Delhi Daredevils,Mumbai Indians,,2008-05-24,Feroz Shah Kotla,Delhi,Delhi Daredevils,,Delhi Daredevils,field,KD Karthik,Unknown,Unknown,179,176,119,5,20,6,True
336033,1,Rajasthan Royals,Chennai Super Kings,,2008-05-24,"MA Chidambaram Stadium, Chepauk",Chennai,Rajasthan Royals,,Rajasthan Royals,bat,JA Morkel,Unknown,Unknown,211,204,120,5,20,9,True
336033,2,Chennai Super Kings,Rajasthan Royals,,2008-05-24,"MA Chidambaram Stadium, Chepauk",Chennai,Rajasthan Royals,,Rajasthan Royals,bat,JA Morkel,Unknown,Unknown,201,192,120,7,19,9,True
336034,1,Royal Challengers Bangalore,Deccan Chargers,,2008-05-03,M Chinnaswamy Stadium,Bangalore,Royal Challengers Bangalore,,Deccan Chargers,field,P Kumar,Unknown,Unknown,156,151,120,8,15,4,True
336034,2,Deccan Chargers,Royal Challengers Bangalore,,2008-05-03,M Chinnaswamy Stadium,Bangalore,Royal Challengers Bangalore,,Deccan Chargers,field,P Kumar,Unknown,Unknown,153,147,120,6,15,5,True
336035,1,Kings XI Punjab,Kolkata Knight Riders,,2008-05-25,Eden Gardens,Kolkata,Kolkata Knight Riders,,Kings XI Punjab,bat,Umar Gul,Unknown,Unknown,174,163,120,6,17,5,True
336035,2,Kolkata Knight Riders,Kings XI Punjab,,2008-05-25,Eden Gardens,Kolkata,Kolkata Knight Riders,,Kings XI Punjab,bat,Umar Gul,Unknown,Unknown,175,166,118,7,17,9,True
336036,1,Mumbai Indians,Rajasthan Royals,,2008-05-26,Sawai Mansingh Stadium,Jaipur,Rajasthan Royals,,Rajasthan Royals,field,Sohail Tanvir,Unknown,Unknown,145,132,120,7,14,1,True
336036,2,Rajasthan Royals,Mumbai Indians,,2008-05-26,Sawai Mansingh Stadium,Jaipur,Rajasthan Royals,,Rajasthan Royals,field,Sohail Tanvir,Unknown,Unknown,146,130,120,5,11,2,True
336037,1,Deccan Chargers,Chennai Super Kings,,2008-05-27,"Rajiv Gandhi International Stadium, Uppal",Hyderabad,Chennai Super Kings,,Deccan Chargers,bat,SK Raina,Unknown,Unknown,147,131,120,8,13,3,True
336037,2,Chennai Super Kings,Deccan Chargers,,2008-05-27,"Rajiv Gandhi International Stadium, Uppal",Hyderabad,Chennai Super Kings,,Deccan Chargers,bat,SK Raina,Unknown,Unknown,148,137,116,3,16,3,True
336038,1,Rajasthan Royals,Delhi Daredevils,,2008-05-30,Wankhede Stadium,Mumbai,Rajasthan Royals,,Delhi Daredevils,field,SR Watson,Semi Final,Unknown,192,188,120,9,19,10,True
336038,2,Delhi Daredevils,Rajasthan Royals,,2008-05-30,Wankhede Stadium,Mumbai,Rajasthan Royals,,Delhi Daredevils,field,SR Watson,Semi Final,Unknown,87,80,97,10,9,1,True
336039,1,Kings XI Punjab,Chennai Super Kings,,2008-05-31,Wankhede Stadium,Mumbai,Chennai Super Kings,,Kings XI Punjab,bat,M Ntini,Semi Final,Unknown,112,108,120,8,11,2,True
336039,2,Chennai Super Kings,Kings XI Punjab,,2008-05-31,Wankhede Stadium,Mumbai,Chennai Super Kings,,Kings XI Punjab,bat,M Ntini,Semi Final,Unknown,116,112,89,1,13,4,True
336040,1,Chennai Super Kings,Rajasthan Royals,,2008-06-01,Dr DY Patil Sports Academy,Mumbai,Rajasthan Royals,,Rajasthan Royals,field,YK Pathan,Final,Unknown,163,156,120,5,9,7,True
336040,2,Rajasthan Royals,Chennai Super Kings,,2008-06-01,Dr DY Patil Sports Academy,Mumbai,Rajasthan Royals,,Rajasthan Royals,field,YK Pathan,Final,Unknown,164,150,120,7,12,5,True
392181,1,Mumbai Indians,Chennai Super Kings,2009.0,2009-04-18,Newlands,Cape Town,Mumbai Indians,,Chennai Super Kings,field,SR Tendulkar,Unknown,Unknown,165,162,120,7,19,3,True
392181,2,Chennai Super Kings,Mumbai Indians,2009.0,2009-04-18,Newlands,Cape Town,Mumbai Indians,,Chennai Super Kings,field,SR Tendulkar,Unknown,Unknown,146,137,120,7,10,6,True
392182,1,Royal Challengers Bangalore,Rajasthan Royals,2009.0,2009-04-18,Newlands,Cape Town,Royal Challengers Bangalore,,Royal Challengers Bangalore,bat,R Dravid,Unknown,Unknown,133,129,120,8,15,2,True
392182,2,Rajasthan Royals,Royal Challengers Bangalore,2009.0,2009-04-18,Newlands,Cape Town,Royal Challengers Bangalore,,Royal Challengers Bangalore,bat,R Dravid,Unknown,Unknown,58,49,91,10,1,2,True
392183,1,Kings XI Punjab,Delhi Daredevils,2009.0,2009-04-19,Newlands,Cape Town,Delhi Daredevils,,Delhi Daredevils,field,DL Vettori,Unknown,Unknown,104,96,72,7,5,7,True
392183,2,Delhi Daredevils,Kings XI Punjab,2009.0,2009-04-19,Newlands,Cape Town,Delhi Daredevils,,Delhi Daredevils,field,DL Vettori,Unknown,Unknown,58,53,29,0,6,3,True
392184,1,Kolkata Knight Riders,Deccan Chargers,2009.0,2009-04-19,Newlands,Cape Town,Deccan Chargers,,Kolkata Knight Riders,bat,RP Singh,Unknown,Unknown,101,96,118,10,7,4,True
392184,2,Deccan Chargers,Kolkata Knight Riders,2009.0,2009-04-19,Newlands,Cape Town,Deccan Chargers,,Kolkata Knight Riders,bat,RP Singh,Unknown,Unknown,104,102,79,2,11,4,True
392185,1,Chennai Super Kings,Royal Challengers Bangalore,2009.0,2009-04-20,St George's Park,Port Elizabeth,Chennai Super Kings,,Chennai Super Kings,bat,M Muralitharan,Unknown,Unknown,179,166,120,5,15,6,True
392185,2,Royal Challengers Bangalore,Chennai Super Kings,2009.0,2009-04-20,St George's Park,Port Elizabeth,Chennai Super Kings,,Chennai Super Kings,bat,M Muralitharan,Unknown,Unknown,87,82,92,10,9,1,True
392186,1,Kings XI Punjab,Kolkata Knight Riders,2009.0,2009-04-21,Kingsmead,Durban,Kolkata Knight Riders,,Kolkata Knight Riders,field,CH Gayle,Unknown,Unknown,158,146,120,6,15,4,True
392186,2,Kolkata Knight Riders,Kings XI Punjab,2009.0,2009-04-21,Kingsmead,Durban,Kolkata Knight Riders,,Kolkata Knight Riders,field,CH Gayle,Unknown,Unknown,79,75,56,1,3,6,True
392188,1,Deccan Chargers,Royal Challengers Bangalore,2009.0,2009-04-22,Newlands,Cape Town,Deccan Chargers,,Deccan Chargers,bat,AC Gilchrist,Unknown,Unknown,184,175,120,6,9,12,True
392188,2,Royal Challengers Bangalore,Deccan Chargers,2009.0,2009-04-22,Newlands,Cape Town,Deccan Chargers,,Deccan Chargers,bat,AC Gilchrist,Unknown,Unknown,160,153,120,8,17,4,True
392189,1,Delhi Daredevils,Chennai Super Kings,2009.0,2009-04-23,Kingsmead,Durban,Delhi Daredevils,,Delhi Daredevils,bat,AB de Villiers,Unknown,Unknown,189,188,120,5,16,8,True
392189,2,Chennai Super Kings,Delhi Daredevils,2009.0,2009-04-23,Kingsmead,Durban,Delhi Daredevils,,Delhi Daredevils,bat,AB de Villiers,Unknown,Unknown,180,165,120,9,14,5,True
392190,1,Rajasthan Royals,Kolkata Knight Riders,2009.0,2009-04-23,Newlands,Cape Town,Unknown,tie,Kolkata Knight Riders,field,YK Pathan,Unknown,Unknown,150,140,120,6,11,5,True
392190,2,Kolkata Knight Riders,Rajasthan Royals,2009.0,2009-04-23,Newlands,Cape Town,Unknown,tie,Kolkata Knight Riders,field,YK Pathan,Unknown,Unknown,150,132,120,8,10,6,True
392191,1,Royal Challengers Bangalore,Kings XI Punjab,2009.0,2009-04-24,Kingsmead,Durban,Kings XI Punjab,,Royal Challengers Bangalore,bat,RS Bopara,Unknown,Unknown,168,160,120,9,16,5,True
392191,2,Kings XI Punjab,Royal Challengers Bangalore,2009.0,2009-04-24,Kingsmead,Durban,Kings XI Punjab,,Royal Challengers Bangalore,bat,RS Bopara,Unknown,Unknown,173,160,114,3,10,7,True
392192,1,Deccan Chargers,Mumbai Indians,2009.0,2009-04-25,Kingsmead,Durban,Deccan Chargers,,Deccan Chargers,bat,PP Ojha,Unknown,Unknown,168,154,120,9,12,7,True
392192,2,Mumbai Indians,Deccan Chargers,2009.0,2009-04-25,Kingsmead,Durban,Deccan Chargers,,Deccan Chargers,bat,PP Ojha,Unknown,Unknown,156,143,120,7,10,7,True
392194,1,Royal Challengers Bangalore,Delhi Daredevils,2009.0,2009-04-26,St George's Park,Port Elizabeth,Delhi Daredevils,,Royal Challengers Bangalore,bat,TM Dilshan,Unknown,Unknown,149,138,120,7,8,5,True
392194,2,Delhi Daredevils,Royal Challengers Bangalore,2009.0,2009-04-26,St George's Park,Port Elizabeth,Delhi Daredevils,,Royal Challengers Bangalore,bat,TM Dilshan,Unknown,Unknown,150,146,116,4,10,4,True
392195,1,Kings XI Punjab,Rajasthan Royals,2009.0,2009-04-26,Newlands,Cape Town,Kings XI Punjab,,Kings XI Punjab,bat,KC Sangakkara,Unknown,Unknown,139,126,120,6,12,3,True
392195,2,Rajasthan Royals,Kings XI Punjab,2009.0,2009-04-26,Newlands,Cape Town,Kings XI Punjab,,Kings XI Punjab,bat,KC Sangakkara,Unknown,Unknown,112,102,120,7,9,0,True
392196,1,Chennai Super Kings,Deccan Chargers,2009.0,2009-04-27,Kingsmead,Durban,Deccan Chargers,,Deccan Chargers,field,HH Gibbs,Unknown,Unknown,165,158,120,6,16,6,True
392196,2,Deccan Chargers,Chennai Super Kings,2009.0,2009-04-27,Kingsmead,Durban,Deccan Chargers,,Deccan Chargers,field,HH Gibbs,Unknown,Unknown,169,159,117,4,13,7,True
392197,1,Mumbai Indians,Kolkata Knight Riders,2009.0,2009-04-27,St George's Park,Port Elizabeth,Mumbai Indians,,Mumbai Indians,bat,SR Tendulkar,Unknown,Unknown,187,178,120,6,11,10,True
392197,2,Kolkata Knight Riders,Mumbai Indians,2009.0,2009-04-27,St George's Park,Port Elizabeth,Mumbai Indians,,Mumbai Indians,bat,SR Tendulkar,Unknown,Unknown,95,91,92,9,8,2,True
392198,1,Delhi Daredevils,Rajasthan Royals,2009.0,2009-04-28,SuperSport Park,Centurion,Rajasthan Royals,,Delhi Daredevils,bat,YK Pathan,Unknown,Unknown,143,138,120,7,14,3,True
392198,2,Rajasthan Royals,Delhi Daredevils,2009.0,2009-04-28,SuperSport Park,Centurion,Rajasthan Royals,,Delhi Daredevils,bat,YK Pathan,Unknown,Unknown,147,138,112,5,11,7,True
392199,1,Kolkata Knight Riders,Royal Challengers Bangalore,2009.0,2009-04-29,Kingsmead,Durban,Royal Challengers Bangalore,,Kolkata Knight Riders,bat,MV Boucher,Unknown,Unknown,139,130,120,6,12,2,True
392199,2,Royal Challengers Bangalore,Kolkata Knight Riders,2009.0,2009-04-29,Kingsmead,Durban,Royal Challengers Bangalore,,Kolkata Knight Riders,bat,MV Boucher,Unknown,Unknown,143,134,119,5,12,3,True
392200,1,Kings XI Punjab,Mumbai Indians,2009.0,2009-04-29,Kingsmead,Durban,Kings XI Punjab,,Kings XI Punjab,bat,KC Sangakkara,Unknown,Unknown,119,102,120,8,4,2,True
392200,2,Mumbai Indians,Kings XI Punjab,2009.0,2009-04-29,Kingsmead,Durban,Kings XI Punjab,,Kings XI Punjab,bat,KC Sangakkara,Unknown,Unknown,116,105,120,7,7,1,True
392201,1,Deccan Chargers,Delhi Daredevils,2009.0,2009-04-30,SuperSport Park,Centurion,Delhi Daredevils,,Delhi Daredevils,field,DP Nannes,Unknown,Unknown,148,137,120,9,13,3,True
392201,2,Delhi Daredevils,Deccan Chargers,2009.0,2009-04-30,SuperSport Park,Centurion,Delhi Daredevils,,Delhi Daredevils,field,DP Nannes,Unknown,Unknown,150,138,112,4,15,4,True
392202,1,Chennai Super Kings,Rajasthan Royals,2009.0,2009-04-30,SuperSport Park,Centurion,Chennai Super Kings,,Rajasthan Royals,field,SK Raina,Unknown,Unknown,164,159,120,5,15,6,True
392202,2,Rajasthan Royals,Chennai Super Kings,2009.0,2009-04-30,SuperSport Park,Centurion,Chennai Super Kings,,Rajasthan Royals,field,SK Raina,Unknown,Unknown,126,118,117,9,11,2,True
392203,1,Mumbai Indians,Kolkata Knight Riders,2009.0,2009-05-01,Buffalo Park,East London,Mumbai Indians,,Mumbai Indians,bat,JP Duminy,Unknown,Unknown,148,135,120,6,8,6,True
392203,2,Kolkata Knight Riders,Mumbai Indians,2009.0,2009-05-01,Buffalo Park,East London,Mumbai Indians,,Mumbai Indians,bat,JP Duminy,Unknown,Unknown,139,131,120,6,10,3,True
392204,1,Royal Challengers Bangalore,Kings XI Punjab,2009.0,2009-05-01,Kingsmead,Durban,Royal Challengers Bangalore,,Royal Challengers Bangalore,bat,Yuvraj Singh,Unknown,Unknown,145,139,120,9,13,5,True
392204,2,Kings XI Punjab,Royal Challengers Bangalore,2009.0,2009-05-01,Kingsmead,Durban,Royal Challengers Bangalore,,Royal Challengers Bangalore,bat,Yuvraj Singh,Unknown,Unknown,137,124,120,7,11,4,True
392205,1,Deccan Chargers,Rajasthan Royals,2009.0,2009-05-02,St George's Park,Port Elizabeth,Rajasthan Royals,,Deccan Chargers,bat,YK Pathan,Unknown,Unknown,141,134,120,5,11,5,True
392205,2,Rajasthan Royals,Deccan Chargers,2009.0,2009-05-02,St George's Park,Port Elizabeth,Rajasthan Royals,,Deccan Chargers,bat,YK Pathan,Unknown,Unknown,142,135,118,7,12,5,True
392206,1,Chennai Super Kings,Delhi Daredevils,2009.0,2009-05-02,New Wanderers Stadium,Johannesburg,Chennai Super Kings,,Delhi Daredevils,field,SB Jakati,Unknown,Unknown,163,154,120,10,15,5,True
392206,2,Delhi Daredevils,Chennai Super Kings,2009.0,2009-05-02,New Wanderers Stadium,Johannesburg,Chennai Super Kings,,Delhi Daredevils,field,SB Jakati,Unknown,Unknown,145,142,120,8,15,4,True
392207,1,Kolkata Knight Riders,Kings XI Punjab,2009.0,2009-05-03,St George's Park,Port Elizabeth,Kings XI Punjab,,Kolkata Knight Riders,bat,DPMD Jayawardene,Unknown,Unknown,153,146,120,3,16,3,True
392207,2,Kings XI Punjab,Kolkata Knight Riders,2009.0,2009-05-03,St George's Park,Port Elizabeth,Kings XI Punjab,,Kolkata Knight Riders,bat,DPMD Jayawardene,Unknown,Unknown,154,144,120,4,13,4,True
392208,1,Mumbai Indians,Royal Challengers Bangalore,2009.0,2009-05-03,New Wanderers Stadium,Johannesburg,Royal Challengers Bangalore,,Mumbai Indians,bat,JH Kallis,Unknown,Unknown,149,143,120,4,13,3,True
392208,2,Royal Challengers Bangalore,Mumbai Indians,2009.0,2009-05-03,New Wanderers Stadium,Johannesburg,Royal Challengers Bangalore,,Mumbai Indians,bat,JH Kallis,Unknown,Unknown,150,142,109,1,14,4,True
392209,1,Chennai Super Kings,Deccan Chargers,2009.0,2009-05-04,Buffalo Park,East London,Chennai Super Kings,,Chennai Super Kings,bat,MS Dhoni,Unknown,Unknown,178,168,120,3,14,7,True
392209,2,Deccan Chargers,Chennai Super Kings,2009.0,2009-05-04,Buffalo Park,East London,Chennai Super Kings,,Chennai Super Kings,bat,MS Dhoni,Unknown,Unknown,100,93,88,10,6,6,True
392210,1,Rajasthan Royals,Kings XI Punjab,2009.0,2009-05-05,Kingsmead,Durban,Rajasthan Royals,,Kings XI Punjab,field,GC Smith,Unknown,Unknown,211,207,120,4,25,8,True
392210,2,Kings XI Punjab,Rajasthan Royals,2009.0,2009-05-05,Kingsmead,Durban,Rajasthan Royals,,Kings XI Punjab,field,GC Smith,Unknown,Unknown,133,114,120,8,11,4,True
392211,1,Kolkata Knight Riders,Delhi Daredevils,2009.0,2009-05-05,Kingsmead,Durban,Delhi Daredevils,,Kolkata Knight Riders,bat,G Gambhir,Unknown,Unknown,154,150,120,3,14,4,True
392211,2,Delhi Daredevils,Kolkata Knight Riders,2009.0,2009-05-05,Kingsmead,Durban,Delhi Daredevils,,Kolkata Knight Riders,bat,G Gambhir,Unknown,Unknown,157,149,114,1,17,2,True
392212,1,Deccan Chargers,Mumbai Indians,2009.0,2009-05-06,SuperSport Park,Centurion,Deccan Chargers,,Deccan Chargers,bat,RG Sharma,Unknown,Unknown,145,136,120,6,8,6,True
392212,2,Mumbai Indians,Deccan Chargers,2009.0,2009-05-06,SuperSport Park,Centurion,Deccan Chargers,,Deccan Chargers,bat,RG Sharma,Unknown,Unknown,126,123,120,8,11,3,True
392213,1,Royal Challengers Bangalore,Rajasthan Royals,2009.0,2009-05-07,SuperSport Park,Centurion,Rajasthan Royals,,Rajasthan Royals,field,A Singh,Unknown,Unknown,105,100,120,10,6,3,True
392213,2,Rajasthan Royals,Royal Challengers Bangalore,2009.0,2009-05-07,SuperSport Park,Centurion,Rajasthan Royals,,Rajasthan Royals,field,A Singh,Unknown,Unknown,107,104,90,3,10,3,True
392214,1,Chennai Super Kings,Kings XI Punjab,2009.0,2009-05-07,SuperSport Park,Centurion,Chennai Super Kings,,Chennai Super Kings,bat,ML Hayden,Unknown,Unknown,185,179,108,3,19,9,True
392214,2,Kings XI Punjab,Chennai Super Kings,2009.0,2009-05-07,SuperSport Park,Centurion,Chennai Super Kings,,Chennai Super Kings,bat,ML Hayden,Unknown,Unknown,174,168,108,3,12,8,True
392215,1,Mumbai Indians,Delhi Daredevils,2009.0,2009-05-08,Buffalo Park,East London,Delhi Daredevils,,Mumbai Indians,bat,A Nehra,Unknown,Unknown,116,103,120,10,7,3,True
392215,2,Delhi Daredevils,Mumbai Indians,2009.0,2009-05-08,Buffalo Park,East London,Delhi Daredevils,,Mumbai Indians,bat,A Nehra,Unknown,Unknown,118,112,113,3,11,2,True
392216,1,Deccan Chargers,Kings XI Punjab,2009.0,2009-05-09,De Beers Diamond Oval,Kimberley,Kings XI Punjab,,Kings XI Punjab,field,DPMD Jayawardene,Unknown,Unknown,168,161,120,5,9,9,True
392216,2,Kings XI Punjab,Deccan Chargers,2009.0,2009-05-09,De Beers Diamond Oval,Kimberley,Kings XI Punjab,,Kings XI Punjab,field,DPMD Jayawardene,Unknown,Unknown,169,160,119,7,10,7,True
392217,1,Rajasthan Royals,Chennai Super Kings,2009.0,2009-05-09,De Beers Diamond Oval,Kimberley,Chennai Super Kings,,Rajasthan Royals,bat,S Badrinath,Unknown,Unknown,140,133,120,7,11,5,True
392217,2,Chennai Super Kings,Rajasthan Royals,2009.0,2009-05-09,De Beers Diamond Oval,Kimberley,Chennai Super Kings,,Rajasthan Royals,bat,S Badrinath,Unknown,Unknown,141,131,110,3,14,4,True
392218,1,Mumbai Indians,Royal Challengers Bangalore,2009.0,2009-05-10,St George's Park,Port Elizabeth,Mumbai Indians,,Mumbai Indians,bat,JP Duminy,Unknown,Unknown,157,150,120,2,10,4,True
392218,2,Royal Challengers Bangalore,Mumbai Indians,2009.0,2009-05-10,St George's Park,Port Elizabeth,Mumbai Indians,,Mumbai Indians,bat,JP Duminy,Unknown,Unknown,141,127,120,7,9,3,True
392219,1,Kolkata Knight Riders,Delhi Daredevils,2009.0,2009-05-10,New Wanderers Stadium,Johannesburg,Delhi Daredevils,,Delhi Daredevils,field,A Mishra,Unknown,Unknown,123,115,120,8,6,5,True
392219,2,Delhi Daredevils,Kolkata Knight Riders,2009.0,2009-05-10,New Wanderers Stadium,Johannesburg,Delhi Daredevils,,Delhi Daredevils,field,A Mishra,Unknown,Unknown,125,112,103,3,13,1,True
392220,1,Deccan Chargers,Rajasthan Royals,2009.0,2009-05-11,De Beers Diamond Oval,Kimberley,Deccan Chargers,,Deccan Chargers,bat,DR Smith,Unknown,Unknown,166,164,120,7,8,8,True
392220,2,Rajasthan Royals,Deccan Chargers,2009.0,2009-05-11,De Beers Diamond Oval,Kimberley,Deccan Chargers,,Deccan Chargers,bat,DR Smith,Unknown,Unknown,113,109,117,10,10,1,True
392221,1,Kolkata Knight Riders,Royal Challengers Bangalore,2009.0,2009-05-12,SuperSport Park,Centurion,Royal Challengers Bangalore,,Royal Challengers Bangalore,field,LRPL Taylor,Unknown,Unknown,173,164,120,4,17,5,True
392221,2,Royal Challengers Bangalore,Kolkata Knight Riders,2009.0,2009-05-12,SuperSport Park,Centurion,Royal Challengers Bangalore,,Royal Challengers Bangalore,field,LRPL Taylor,Unknown,Unknown,176,167,116,4,15,7,True
392222,1,Kings XI Punjab,Mumbai Indians,2009.0,2009-05-12,SuperSport Park,Centurion,Mumbai Indians,,Kings XI Punjab,bat,Harbhajan Singh,Unknown,Unknown,119,101,120,9,10,3,True
392222,2,Mumbai Indians,Kings XI Punjab,2009.0,2009-05-12,SuperSport Park,Centurion,Mumbai Indians,,Kings XI Punjab,bat,Harbhajan Singh,Unknown,Unknown,122,116,98,2,12,4,True
392223,1,Delhi Daredevils,Deccan Chargers,2009.0,2009-05-13,Kingsmead,Durban,Delhi Daredevils,,Deccan Chargers,field,R Bhatia,Unknown,Unknown,173,161,120,7,16,6,True
392223,2,Deccan Chargers,Delhi Daredevils,2009.0,2009-05-13,Kingsmead,Durban,Delhi Daredevils,,Deccan Chargers,field,R Bhatia,Unknown,Unknown,161,153,118,10,13,7,True
392224,1,Chennai Super Kings,Royal Challengers Bangalore,2009.0,2009-05-14,Kingsmead,Durban,Royal Challengers Bangalore,,Chennai Super Kings,bat,LRPL Taylor,Unknown,Unknown,129,125,118,10,12,3,True
392224,2,Royal Challengers Bangalore,Chennai Super Kings,2009.0,2009-05-14,Kingsmead,Durban,Royal Challengers Bangalore,,Chennai Super Kings,bat,LRPL Taylor,Unknown,Unknown,132,124,118,8,11,4,True
392225,1,Rajasthan Royals,Mumbai Indians,2009.0,2009-05-14,Kingsmead,Durban,Rajasthan Royals,,Rajasthan Royals,bat,SK Warne,Unknown,Unknown,145,138,120,7,16,3,True
392225,2,Mumbai Indians,Rajasthan Royals,2009.0,2009-05-14,Kingsmead,Durban,Rajasthan Royals,,Rajasthan Royals,bat,SK Warne,Unknown,Unknown,143,125,119,10,10,2,True
392226,1,Delhi Daredevils,Kings XI Punjab,2009.0,2009-05-15,OUTsurance Oval,Bloemfontein,Kings XI Punjab,,Kings XI Punjab,field,B Lee,Unknown,Unknown,120,106,120,9,6,1,True
392226,2,Kings XI Punjab,Delhi Daredevils,2009.0,2009-05-15,OUTsurance Oval,Bloemfontein,Kings XI Punjab,,Kings XI Punjab,field,B Lee,Unknown,Unknown,123,114,115,4,12,4,True
392227,1,Mumbai Indians,Chennai Super Kings,2009.0,2009-05-16,St George's Park,Port Elizabeth,Chennai Super Kings,,Mumbai Indians,bat,ML Hayden,Unknown,Unknown,147,142,120,5,9,6,True
392227,2,Chennai Super Kings,Mumbai Indians,2009.0,2009-05-16,St George's Park,Port Elizabeth,Chennai Super Kings,,Mumbai Indians,bat,ML Hayden,Unknown,Unknown,151,125,115,3,10,4,True
392228,1,Kolkata Knight Riders,Deccan Chargers,2009.0,2009-05-16,New Wanderers Stadium,Johannesburg,Deccan Chargers,,Deccan Chargers,field,RG Sharma,Unknown,Unknown,160,153,120,5,11,6,True
392228,2,Deccan Chargers,Kolkata Knight Riders,2009.0,2009-05-16,New Wanderers Stadium,Johannesburg,Deccan Chargers,,Deccan Chargers,field,RG Sharma,Unknown,Unknown,166,159,120,4,14,6,True
392229,1,Kings XI Punjab,Deccan Chargers,2009.0,2009-05-17,New Wanderers Stadium,Johannesburg,Kings XI Punjab,,Deccan Chargers,field,Yuvraj Singh,Unknown,Unknown,134,127,120,7,10,3,True
392229,2,Deccan Chargers,Kings XI Punjab,2009.0,2009-05-17,New Wanderers Stadium,Johannesburg,Kings XI Punjab,,Deccan Chargers,field,Yuvraj Singh,Unknown,Unknown,133,128,120,8,12,4,True
392230,1,Delhi Daredevils,Rajasthan Royals,2009.0,2009-05-17,OUTsurance Oval,Bloemfontein,Delhi Daredevils,,Delhi Daredevils,bat,AB de Villiers,Unknown,Unknown,150,145,120,3,11,2,True
392230,2,Rajasthan Royals,Delhi Daredevils,2009.0,2009-05-17,OUTsurance Oval,Bloemfontein,Delhi Daredevils,,Delhi Daredevils,bat,AB de Villiers,Unknown,Unknown,136,123,120,9,13,1,True
392231,1,Chennai Super Kings,Kolkata Knight Riders,2009.0,2009-05-18,SuperSport Park,Centurion,Kolkata Knight Riders,,Chennai Super Kings,bat,BJ Hodge,Unknown,Unknown,188,168,120,3,16,6,True
392231,2,Kolkata Knight Riders,Chennai Super Kings,2009.0,2009-05-18,SuperSport Park,Centurion,Kolkata Knight Riders,,Chennai Super Kings,bat,BJ Hodge,Unknown,Unknown,189,184,120,3,17,8,True
392232,1,Delhi Daredevils,Royal Challengers Bangalore,2009.0,2009-05-19,New Wanderers Stadium,Johannesburg,Royal Challengers Bangalore,,Delhi Daredevils,bat,JH Kallis,Unknown,Unknown,134,131,120,7,8,1,True
392232,2,Royal Challengers Bangalore,Delhi Daredevils,2009.0,2009-05-19,New Wanderers Stadium,Johannesburg,Royal Challengers Bangalore,,Delhi Daredevils,bat,JH Kallis,Unknown,Unknown,135,132,114,3,8,5,True
392233,1,Rajasthan Royals,Kolkata Knight Riders,2009.0,2009-05-20,Kingsmead,Durban,Kolkata Knight Riders,,Kolkata Knight Riders,field,LR Shukla,Unknown,Unknown,101,96,120,9,7,3,True
392233,2,Kolkata Knight Riders,Rajasthan Royals,2009.0,2009-05-20,Kingsmead,Durban,Kolkata Knight Riders,,Kolkata Knight Riders,field,LR Shukla,Unknown,Unknown,102,97,117,6,9,2,True
392234,1,Chennai Super Kings,Kings XI Punjab,2009.0,2009-05-20,Kingsmead,Durban,Chennai Super Kings,,Chennai Super Kings,bat,M Muralitharan,Unknown,Unknown,116,109,120,9,11,2,True
392234,2,Kings XI Punjab,Chennai Super Kings,2009.0,2009-05-20,Kingsmead,Durban,Chennai Super Kings,,Chennai Super Kings,bat,M Muralitharan,Unknown,Unknown,92,86,120,8,5,1,True
392235,1,Mumbai Indians,Delhi Daredevils,2009.0,2009-05-21,SuperSport Park,Centurion,Delhi Daredevils,,Delhi Daredevils,field,V Sehwag,Unknown,Unknown,165,141,120,8,18,2,True
392235,2,Delhi Daredevils,Mumbai Indians,2009.0,2009-05-21,SuperSport Park,Centurion,Delhi Daredevils,,Delhi Daredevils,field,V Sehwag,Unknown,Unknown,166,157,105,6,17,6,True
392236,1,Royal Challengers Bangalore,Deccan Chargers,2009.0,2009-05-21,SuperSport Park,Centurion,Royal Challengers Bangalore,,Royal Challengers Bangalore,bat,MK Pandey,Unknown,Unknown,170,168,120,4,13,7,True
392236,2,Deccan Chargers,Royal Challengers Bangalore,2009.0,2009-05-21,SuperSport Park,Centurion,Royal Challengers Bangalore,,Royal Challengers Bangalore,bat,MK Pandey,Unknown,Unknown,158,145,120,6,10,5,True
392237,1,Delhi Daredevils,Deccan Chargers,2009.0,2009-05-22,SuperSport Park,Centurion,Deccan Chargers,,Deccan Chargers,field,AC Gilchrist,Semi Final,Unknown,153,143,120,8,13,4,True
392237,2,Deccan Chargers,Delhi Daredevils,2009.0,2009-05-22,SuperSport Park,Centurion,Deccan Chargers,,Deccan Chargers,field,AC Gilchrist,Semi Final,Unknown,154,148,106,4,15,6,True
392238,1,Chennai Super Kings,Royal Challengers Bangalore,2009.0,2009-05-23,New Wanderers Stadium,Johannesburg,Royal Challengers Bangalore,,Royal Challengers Bangalore,field,MK Pandey,Semi Final,Unknown,146,140,120,5,11,4,True
392238,2,Royal Challengers Bangalore,Chennai Super Kings,2009.0,2009-05-23,New Wanderers Stadium,Johannesburg,Royal Challengers Bangalore,,Royal Challengers Bangalore,field,MK Pandey,Semi Final,Unknown,149,144,113,4,16,4,True
392239,1,Deccan Chargers,Royal Challengers Bangalore,2009.0,2009-05-24,New Wanderers Stadium,Johannesburg,Deccan Chargers,,Royal Challengers Bangalore,field,A Kumble,Final,Unknown,143,135,120,6,9,4,True
392239,2,Royal Challengers Bangalore,Deccan Chargers,2009.0,2009-05-24,New Wanderers Stadium,Johannesburg,Deccan Chargers,,Royal Challengers Bangalore,field,A Kumble,Final,Unknown,137,127,120,9,10,5,True
419106,1,Kolkata Knight Riders,Deccan Chargers,,2010-03-12,Dr DY Patil Sports Academy,Mumbai,Kolkata Knight Riders,,Deccan Chargers,field,AD Mathews,Unknown,Unknown,161,146,120,4,11,8,True
419106,2,Deccan Chargers,Kolkata Knight Riders,,2010-03-12,Dr DY Patil Sports Academy,Mumbai,Kolkata Knight Riders,,Deccan Chargers,field,AD Mathews,Unknown,Unknown,150,138,120,7,11,4,True
419107,1,Mumbai Indians,Rajasthan Royals,,2010-03-13,Brabourne Stadium,Mumbai,Mumbai Indians,,Mumbai Indians,bat,YK Pathan,Unknown,Unknown,212,196,120,6,23,6,True
419107,2,Rajasthan Royals,Mumbai Indians,,2010-03-13,Brabourne Stadium,Mumbai,Mumbai Indians,,Mumbai Indians,bat,YK Pathan,Unknown,Unknown,208,203,120,7,18,11,True
419108,1,Kings XI Punjab,Delhi Daredevils,,2010-03-13,"Punjab Cricket Association Stadium, Mohali",Chandigarh,Delhi Daredevils,,Delhi Daredevils,field,G Gambhir,Unknown,Unknown,142,129,120,9,14,2,True
419108,2,Delhi Daredevils,Kings XI Punjab,,2010-03-13,"Punjab Cricket Association Stadium, Mohali",Chandigarh,Delhi Daredevils,,Delhi Daredevils,field,G Gambhir,Unknown,Unknown,146,139,119,5,16,1,True
419109,1,Royal Challengers Bangalore,Kolkata Knight Riders,,2010-03-14,Eden Gardens,Kolkata,Kolkata Knight Riders,,Kolkata Knight Riders,field,MK Tiwary,Unknown,Unknown,135,130,120,7,13,2,True
419109,2,Kolkata Knight Riders,Royal Challengers Bangalore,,2010-03-14,Eden Gardens,Kolkata,Kolkata Knight Riders,,Kolkata Knight Riders,field,MK Tiwary,Unknown,Unknown,136,130,116,3,14,3,True
419110,1,Deccan Chargers,Chennai Super Kings,,2010-03-14,"MA Chidambaram Stadium, Chepauk",Chennai,Deccan Chargers,,Deccan Chargers,bat,WPUJC Vaas,Unknown,Unknown,190,174,120,4,18,8,True
419110,2,Chennai Super Kings,Deccan Chargers,,2010-03-14,"MA Chidambaram Stadium, Chepauk",Chennai,Deccan Chargers,,Deccan Chargers,bat,WPUJC Vaas,Unknown,Unknown,159,156,120,9,7,10,True
419111,1,Rajasthan Royals,Delhi Daredevils,,2010-03-15,"Sardar Patel Stadium, Motera",Ahmedabad,Delhi Daredevils,,Delhi Daredevils,field,V Sehwag,Unknown,Unknown,141,136,120,6,14,4,True
419111,2,Delhi Daredevils,Rajasthan Royals,,2010-03-15,"Sardar Patel Stadium, Motera",Ahmedabad,Delhi Daredevils,,Delhi Daredevils,field,V Sehwag,Unknown,Unknown,142,133,103,4,12,5,True
419112,1,Kings XI Punjab,Royal Challengers Bangalore,,2010-03-16,M Chinnaswamy Stadium,Bangalore,Royal Challengers Bangalore,,Kings XI Punjab,bat,JH Kallis,Unknown,Unknown,203,190,120,3,20,7,True
419112,2,Royal Challengers Bangalore,Kings XI Punjab,,2010-03-16,M Chinnaswamy Stadium,Bangalore,Royal Challengers Bangalore,,Kings XI Punjab,bat,JH Kallis,Unknown,Unknown,204,194,113,2,15,13,True
419113,1,Chennai Super Kings,Kolkata Knight Riders,,2010-03-16,Eden Gardens,Kolkata,Chennai Super Kings,,Chennai Super Kings,bat,MS Dhoni,Unknown,Unknown,164,161,120,3,16,4,True
419113,2,Kolkata Knight Riders,Chennai Super Kings,,2010-03-16,Eden Gardens,Kolkata,Chennai Super Kings,,Chennai Super Kings,bat,MS Dhoni,Unknown,Unknown,109,101,116,10,14,0,True
419114,1,Mumbai Indians,Delhi Daredevils,,2010-03-17,Feroz Shah Kotla,Delhi,Mumbai Indians,,Delhi Daredevils,field,SR Tendulkar,Unknown,Unknown,218,201,120,7,19,9,True
419114,2,Delhi Daredevils,Mumbai Indians,,2010-03-17,Feroz Shah Kotla,Delhi,Mumbai Indians,,Delhi Daredevils,field,SR Tendulkar,Unknown,Unknown,120,109,99,9,14,2,True
419115,1,Rajasthan Royals,Royal Challengers Bangalore,,2010-03-18,M Chinnaswamy Stadium,Bangalore,Royal Challengers Bangalore,,Royal Challengers Bangalore,field,JH Kallis,Unknown,Unknown,92,85,119,10,5,2,True
419115,2,Royal Challengers Bangalore,Rajasthan Royals,,2010-03-18,M Chinnaswamy Stadium,Bangalore,Royal Challengers Bangalore,,Royal Challengers Bangalore,field,JH Kallis,Unknown,Unknown,93,86,64,0,14,1,True
419116,1,Delhi Daredevils,Chennai Super Kings,,2010-03-19,Feroz Shah Kotla,Delhi,Chennai Super Kings,,Delhi Daredevils,bat,ML Hayden,Unknown,Unknown,185,175,120,6,21,5,True
419116,2,Chennai Super Kings,Delhi Daredevils,,2010-03-19,Feroz Shah Kotla,Delhi,Chennai Super Kings,,Delhi Daredevils,bat,ML Hayden,Unknown,Unknown,190,180,115,5,17,11,True
419117,1,Deccan Chargers,Kings XI Punjab,,2010-03-19,Barabati Stadium,Cuttack,Deccan Chargers,,Kings XI Punjab,field,A Symonds,Unknown,Unknown,170,169,120,7,13,7,True
419117,2,Kings XI Punjab,Deccan Chargers,,2010-03-19,Barabati Stadium,Cuttack,Deccan Chargers,,Kings XI Punjab,field,A Symonds,Unknown,Unknown,164,152,120,8,18,5,True
419118,1,Rajasthan Royals,Kolkata Knight Riders,,2010-03-20,"Sardar Patel Stadium, Motera",Ahmedabad,Rajasthan Royals,,Rajasthan Royals,bat,AA Jhunjhunwala,Unknown,Unknown,168,160,120,7,20,2,True
419118,2,Kolkata Knight Riders,Rajasthan Royals,,2010-03-20,"Sardar Patel Stadium, Motera",Ahmedabad,Rajasthan Royals,,Rajasthan Royals,bat,AA Jhunjhunwala,Unknown,Unknown,134,129,120,5,12,2,True
419119,1,Mumbai Indians,Royal Challengers Bangalore,,2010-03-20,Brabourne Stadium,Mumbai,Royal Challengers Bangalore,,Mumbai Indians,bat,JH Kallis,Unknown,Unknown,151,137,120,9,16,2,True
419119,2,Royal Challengers Bangalore,Mumbai Indians,,2010-03-20,Brabourne Stadium,Mumbai,Royal Challengers Bangalore,,Mumbai Indians,bat,JH Kallis,Unknown,Unknown,155,153,115,3,15,5,True
419120,1,Deccan Chargers,Delhi Daredevils,,2010-03-21,Barabati Stadium,Cuttack,Deccan Chargers,,Deccan Chargers,bat,A Symonds,Unknown,Unknown,171,169,120,6,15,9,True
419120,2,Delhi Daredevils,Deccan Chargers,,2010-03-21,Barabati Stadium,Cuttack,Deccan Chargers,,Deccan Chargers,bat,A Symonds,Unknown,Unknown,161,157,120,9,13,6,True
419121,1,Kings XI Punjab,Chennai Super Kings,,2010-03-21,"MA Chidambaram Stadium, Chepauk",Chennai,Unknown,tie,Chennai Super Kings,field,J Theron,Unknown,Unknown,136,132,120,8,14,3,True
419121,2,Chennai Super Kings,Kings XI Punjab,,2010-03-21,"MA Chidambaram Stadium, Chepauk",Chennai,Unknown,tie,Chennai Super Kings,field,J Theron,Unknown,Unknown,136,123,120,7,9,5,True
419122,1,Kolkata Knight Riders,Mumbai Indians,,2010-03-22,Brabourne Stadium,Mumbai,Mumbai Indians,,Kolkata Knight Riders,bat,SR Tendulkar,Unknown,Unknown,155,140,120,3,15,2,True
419122,2,Mumbai Indians,Kolkata Knight Riders,,2010-03-22,Brabourne Stadium,Mumbai,Mumbai Indians,,Kolkata Knight Riders,bat,SR Tendulkar,Unknown,Unknown,156,152,111,3,21,1,True
419123,1,Royal Challengers Bangalore,Chennai Super Kings,,2010-03-23,M Chinnaswamy Stadium,Bangalore,Royal Challengers Bangalore,,Chennai Super Kings,field,RV Uthappa,Unknown,Unknown,171,157,120,5,14,8,True
419123,2,Chennai Super Kings,Royal Challengers Bangalore,,2010-03-23,M Chinnaswamy Stadium,Bangalore,Royal Challengers Bangalore,,Chennai Super Kings,field,RV Uthappa,Unknown,Unknown,135,124,120,7,14,3,True
419124,1,Rajasthan Royals,Kings XI Punjab,,2010-03-24,"Punjab Cricket Association Stadium, Mohali",Chandigarh,Rajasthan Royals,,Kings XI Punjab,field,AC Voges,Unknown,Unknown,183,173,120,5,21,3,True
419124,2,Kings XI Punjab,Rajasthan Royals,,2010-03-24,"Punjab Cricket Association Stadium, Mohali",Chandigarh,Rajasthan Royals,,Kings XI Punjab,field,AC Voges,Unknown,Unknown,152,146,115,10,13,4,True
419125,1,Chennai Super Kings,Mumbai Indians,,2010-03-25,"Brabourne Stadium, Mumbai",Mumbai,Mumbai Indians,,Mumbai Indians,field,SR Tendulkar,Unknown,Unknown,180,166,120,2,18,3,True
419125,2,Mumbai Indians,Chennai Super Kings,,2010-03-25,"Brabourne Stadium, Mumbai",Mumbai,Mumbai Indians,,Mumbai Indians,field,SR Tendulkar,Unknown,Unknown,181,167,114,5,16,6,True
419126,1,Deccan Chargers,Rajasthan Royals,,2010-03-26,"Sardar Patel Stadium, Motera",Ahmedabad,Rajasthan Royals,,Deccan Chargers,bat,YK Pathan,Unknown,Unknown,148,137,120,9,8,6,True
419126,2,Rajasthan Royals,Deccan Chargers,,2010-03-26,"Sardar Patel Stadium, Motera",Ahmedabad,Rajasthan Royals,,Deccan Chargers,bat,YK Pathan,Unknown,Unknown,151,140,94,2,11,9,True
419127,1,Kolkata Knight Riders,Kings XI Punjab,,2010-03-27,"Punjab Cricket Association Stadium, Mohali",Chandigarh,Kolkata Knight Riders,,Kolkata Knight Riders,bat,MK Tiwary,Unknown,Unknown,183,165,120,5,20,3,True
419127,2,Kings XI Punjab,Kolkata Knight Riders,,2010-03-27,"Punjab Cricket Association Stadium, Mohali",Chandigarh,Kolkata Knight Riders,,Kolkata Knight Riders,bat,MK Tiwary,Unknown,Unknown,144,138,120,6,13,3,True
419128,1,Delhi Daredevils,Royal Challengers Bangalore,,2010-03-25,M Chinnaswamy Stadium,Bangalore,Delhi Daredevils,,Royal Challengers Bangalore,field,KM Jadhav,Unknown,Unknown,183,175,120,4,15,5,True
419128,2,Royal Challengers Bangalore,Delhi Daredevils,,2010-03-25,M Chinnaswamy Stadium,Bangalore,Delhi Daredevils,,Royal Challengers Bangalore,field,KM Jadhav,Unknown,Unknown,166,150,120,9,15,3,True
419129,1,Rajasthan Royals,Chennai Super Kings,,2010-03-28,"Sardar Patel Stadium, Motera",Ahmedabad,Rajasthan Royals,,Rajasthan Royals,bat,NV Ojha,Unknown,Unknown,177,174,120,8,15,7,True
419129,2,Chennai Super Kings,Rajasthan Royals,,2010-03-28,"Sardar Patel Stadium, Motera",Ahmedabad,Rajasthan Royals,,Rajasthan Royals,bat,NV Ojha,Unknown,Unknown,160,154,120,6,11,6,True
419130,1,Mumbai Indians,Deccan Chargers,,2010-03-28,Dr DY Patil Sports Academy,Mumbai,Mumbai Indians,,Deccan Chargers,field,Harbhajan Singh,Unknown,Unknown,172,162,120,7,24,3,True
419130,2,Deccan Chargers,Mumbai Indians,,2010-03-28,Dr DY Patil Sports Academy,Mumbai,Mumbai Indians,,Deccan Chargers,field,Harbhajan Singh,Unknown,Unknown,131,120,106,10,9,6,True
419131,1,Delhi Daredevils,Kolkata Knight Riders,,2010-03-29,Feroz Shah Kotla,Delhi,Delhi Daredevils,,Delhi Daredevils,bat,DA Warner,Unknown,Unknown,177,173,120,4,15,7,True
419131,2,Kolkata Knight Riders,Delhi Daredevils,,2010-03-29,Feroz Shah Kotla,Delhi,Delhi Daredevils,,Delhi Daredevils,bat,DA Warner,Unknown,Unknown,137,126,120,9,11,3,True
419132,1,Kings XI Punjab,Mumbai Indians,,2010-03-30,Brabourne Stadium,Mumbai,Mumbai Indians,,Mumbai Indians,field,SL Malinga,Unknown,Unknown,163,142,120,10,14,1,True
419132,2,Mumbai Indians,Kings XI Punjab,,2010-03-30,Brabourne Stadium,Mumbai,Mumbai Indians,,Mumbai Indians,field,SL Malinga,Unknown,Unknown,164,147,117,6,14,4,True
419133,1,Royal Challengers Bangalore,Chennai Super Kings,,2010-03-31,"MA Chidambaram Stadium, Chepauk",Chennai,Chennai Super Kings,,Royal Challengers Bangalore,bat,M Vijay,Unknown,Unknown,161,156,120,4,16,5,True
419133,2,Chennai Super Kings,Royal Challengers Bangalore,,2010-03-31,"MA Chidambaram Stadium, Chepauk",Chennai,Chennai Super Kings,,Royal Challengers Bangalore,bat,M Vijay,Unknown,Unknown,162,152,113,5,9,8,True
419134,1,Delhi Daredevils,Rajasthan Royals,,2010-03-31,Feroz Shah Kotla,Delhi,Delhi Daredevils,,Delhi Daredevils,bat,KD Karthik,Unknown,Unknown,188,175,120,6,17,6,True
419134,2,Rajasthan Royals,Delhi Daredevils,,2010-03-31,Feroz Shah Kotla,Delhi,Delhi Daredevils,,Delhi Daredevils,bat,KD Karthik,Unknown,Unknown,121,118,106,10,9,6,True
419135,1,Kolkata Knight Riders,Deccan Chargers,,2010-04-01,Eden Gardens,Kolkata,Kolkata Knight Riders,,Kolkata Knight Riders,bat,SC Ganguly,Unknown,Unknown,181,167,120,6,17,7,True
419135,2,Deccan Chargers,Kolkata Knight Riders,,2010-04-01,Eden Gardens,Kolkata,Kolkata Knight Riders,,Kolkata Knight Riders,bat,SC Ganguly,Unknown,Unknown,157,150,120,5,18,2,True
419136,1,Kings XI Punjab,Royal Challengers Bangalore,,2010-04-02,"Punjab Cricket Association Stadium, Mohali",Chandigarh,Royal Challengers Bangalore,,Kings XI Punjab,bat,KP Pietersen,Unknown,Unknown,181,170,120,5,20,3,True
419136,2,Royal Challengers Bangalore,Kings XI Punjab,,2010-04-02,"Punjab Cricket Association Stadium, Mohali",Chandigarh,Royal Challengers Bangalore,,Kings XI Punjab,bat,KP Pietersen,Unknown,Unknown,184,174,115,4,17,4,True
419137,1,Chennai Super Kings,Rajasthan Royals,,2010-04-03,"MA Chidambaram Stadium, Chepauk",Chennai,Chennai Super Kings,,Chennai Super Kings,bat,M Vijay,Unknown,Unknown,246,240,120,5,19,17,True
419137,2,Rajasthan Royals,Chennai Super Kings,,2010-04-03,"MA Chidambaram Stadium, Chepauk",Chennai,Chennai Super Kings,,Chennai Super Kings,bat,M Vijay,Unknown,Unknown,223,208,120,5,20,13,True
419138,1,Mumbai Indians,Deccan Chargers,,2010-04-03,Brabourne Stadium,Mumbai,Mumbai Indians,,Mumbai Indians,bat,AT Rayudu,Unknown,Unknown,178,171,120,5,16,5,True
419138,2,Deccan Chargers,Mumbai Indians,,2010-04-03,Brabourne Stadium,Mumbai,Mumbai Indians,,Mumbai Indians,bat,AT Rayudu,Unknown,Unknown,115,108,110,10,8,1,True
419139,1,Kolkata Knight Riders,Kings XI Punjab,,2010-04-04,Eden Gardens,Kolkata,Kings XI Punjab,,Kolkata Knight Riders,bat,DPMD Jayawardene,Unknown,Unknown,200,187,120,3,16,10,True
419139,2,Kings XI Punjab,Kolkata Knight Riders,,2010-04-04,Eden Gardens,Kolkata,Kings XI Punjab,,Kolkata Knight Riders,bat,DPMD Jayawardene,Unknown,Unknown,204,199,110,2,21,8,True
419140,1,Delhi Daredevils,Royal Challengers Bangalore,,2010-04-04,Feroz Shah Kotla,Delhi,Delhi Daredevils,,Delhi Daredevils,bat,PD Collingwood,Unknown,Unknown,184,176,120,5,14,11,True
419140,2,Royal Challengers Bangalore,Delhi Daredevils,,2010-04-04,Feroz Shah Kotla,Delhi,Delhi Daredevils,,Delhi Daredevils,bat,PD Collingwood,Unknown,Unknown,147,145,120,9,9,6,True
419141,1,Rajasthan Royals,Deccan Chargers,,2010-04-05,"Vidarbha Cricket Association Stadium, Jamtha",Nagpur,Rajasthan Royals,,Rajasthan Royals,bat,SK Warne,Unknown,Unknown,159,147,119,10,14,4,True
419141,2,Deccan Chargers,Rajasthan Royals,,2010-04-05,"Vidarbha Cricket Association Stadium, Jamtha",Nagpur,Rajasthan Royals,,Rajasthan Royals,bat,SK Warne,Unknown,Unknown,157,147,119,10,15,5,True
419142,1,Chennai Super Kings,Mumbai Indians,,2010-04-06,"MA Chidambaram Stadium, Chepauk",Chennai,Chennai Super Kings,,Chennai Super Kings,bat,SK Raina,Unknown,Unknown,165,147,120,4,14,2,True
419142,2,Mumbai Indians,Chennai Super Kings,,2010-04-06,"MA Chidambaram Stadium, Chepauk",Chennai,Chennai Super Kings,,Chennai Super Kings,bat,SK Raina,Unknown,Unknown,141,127,120,9,11,3,True
419143,1,Kings XI Punjab,Rajasthan Royals,,2010-04-07,Sawai Mansingh Stadium,Jaipur,Rajasthan Royals,,Kings XI Punjab,bat,MJ Lumb,Unknown,Unknown,153,144,120,6,13,4,True
419143,2,Rajasthan Royals,Kings XI Punjab,,2010-04-07,Sawai Mansingh Stadium,Jaipur,Rajasthan Royals,,Kings XI Punjab,bat,MJ Lumb,Unknown,Unknown,157,148,90,1,20,5,True
419144,1,Kolkata Knight Riders,Delhi Daredevils,,2010-04-07,Eden Gardens,Kolkata,Kolkata Knight Riders,,Kolkata Knight Riders,bat,SC Ganguly,Unknown,Unknown,181,174,120,3,17,6,True
419144,2,Delhi Daredevils,Kolkata Knight Riders,,2010-04-07,Eden Gardens,Kolkata,Kolkata Knight Riders,,Kolkata Knight Riders,bat,SC Ganguly,Unknown,Unknown,167,158,120,8,16,4,True
419145,1,Royal Challengers Bangalore,Deccan Chargers,,2010-04-08,M Chinnaswamy Stadium,Bangalore,Deccan Chargers,,Deccan Chargers,field,TL Suman,Unknown,Unknown,184,169,120,6,15,8,True
419145,2,Deccan Chargers,Royal Challengers Bangalore,,2010-04-08,M Chinnaswamy Stadium,Bangalore,Deccan Chargers,,Deccan Chargers,field,TL Suman,Unknown,Unknown,186,178,116,3,17,8,True
419146,1,Mumbai Indians,Kings XI Punjab,,2010-04-09,"Punjab Cricket Association Stadium, Mohali",Chandigarh,Kings XI Punjab,,Mumbai Indians,bat,KC Sangakkara,Unknown,Unknown,154,150,120,9,15,2,True
419146,2,Kings XI Punjab,Mumbai Indians,,2010-04-09,"Punjab Cricket Association Stadium, Mohali",Chandigarh,Kings XI Punjab,,Mumbai Indians,bat,KC Sangakkara,Unknown,Unknown,158,154,116,4,20,3,True
419147,1,Chennai Super Kings,Deccan Chargers,,2010-04-10,"Vidarbha Cricket Association Stadium, Jamtha",Nagpur,Deccan Chargers,,Chennai Super Kings,bat,RJ Harris,Unknown,Unknown,138,130,120,8,9,3,True
419147,2,Deccan Chargers,Chennai Super Kings,,2010-04-10,"Vidarbha Cricket Association Stadium, Jamtha",Nagpur,Deccan Chargers,,Chennai Super Kings,bat,RJ Harris,Unknown,Unknown,139,131,115,4,8,6,True
419148,1,Kolkata Knight Riders,Royal Challengers Bangalore,,2010-04-10,M Chinnaswamy Stadium,Bangalore,Royal Challengers Bangalore,,Royal Challengers Bangalore,field,R Vinay Kumar,Unknown,Unknown,160,149,120,9,13,8,True
419148,2,Royal Challengers Bangalore,Kolkata Knight Riders,,2010-04-10,M Chinnaswamy Stadium,Bangalore,Royal Challengers Bangalore,,Royal Challengers Bangalore,field,R Vinay Kumar,Unknown,Unknown,162,151,103,3,13,7,True
419149,1,Delhi Daredevils,Kings XI Punjab,,2010-04-11,Feroz Shah Kotla,Delhi,Kings XI Punjab,,Delhi Daredevils,bat,PP Chawla,Unknown,Unknown,111,93,118,10,8,0,True
419149,2,Kings XI Punjab,Delhi Daredevils,,2010-04-11,Feroz Shah Kotla,Delhi,Kings XI Punjab,,Delhi Daredevils,bat,PP Chawla,Unknown,Unknown,112,106,112,3,11,2,True
419150,1,Mumbai Indians,Rajasthan Royals,,2010-04-11,Sawai Mansingh Stadium,Jaipur,Mumbai Indians,,Rajasthan Royals,field,SR Tendulkar,Unknown,Unknown,174,162,120,5,20,3,True
419150,2,Rajasthan Royals,Mumbai Indians,,2010-04-11,Sawai Mansingh Stadium,Jaipur,Mumbai Indians,,Rajasthan Royals,field,SR Tendulkar,Unknown,Unknown,137,129,120,8,7,5,True
419151,1,Deccan Chargers,Royal Challengers Bangalore,,2010-04-12,"Vidarbha Cricket Association Stadium, Jamtha",Nagpur,Deccan Chargers,,Royal Challengers Bangalore,field,Harmeet Singh,Unknown,Unknown,151,142,120,6,11,5,True
419151,2,Royal Challengers Bangalore,Deccan Chargers,,2010-04-12,"Vidarbha Cricket Association Stadium, Jamtha",Nagpur,Deccan Chargers,,Royal Challengers Bangalore,field,Harmeet Singh,Unknown,Unknown,138,125,118,10,9,3,True
419152,1,Mumbai Indians,Delhi Daredevils,,2010-04-13,Brabourne Stadium,Mumbai,Mumbai Indians,,Mumbai Indians,bat,KA Pollard,Unknown,Unknown,183,173,120,4,14,7,True
419152,2,Delhi Daredevils,Mumbai Indians,,2010-04-13,Brabourne Stadium,Mumbai,Mumbai Indians,,Mumbai Indians,bat,KA Pollard,Unknown,Unknown,144,136,120,7,11,2,True
419153,1,Kolkata Knight Riders,Chennai Super Kings,,2010-04-13,"MA Chidambaram Stadium, Chepauk",Chennai,Chennai Super Kings,,Kolkata Knight Riders,bat,R Ashwin,Unknown,Unknown,139,119,120,8,9,5,True
419153,2,Chennai Super Kings,Kolkata Knight Riders,,2010-04-13,"MA Chidambaram Stadium, Chepauk",Chennai,Chennai Super Kings,,Kolkata Knight Riders,bat,R Ashwin,Unknown,Unknown,143,128,81,1,15,5,True
419154,1,Rajasthan Royals,Royal Challengers Bangalore,,2010-04-14,Sawai Mansingh Stadium,Jaipur,Royal Challengers Bangalore,,Rajasthan Royals,bat,KP Pietersen,Unknown,Unknown,130,122,120,6,14,1,True
419154,2,Royal Challengers Bangalore,Rajasthan Royals,,2010-04-14,Sawai Mansingh Stadium,Jaipur,Royal Challengers Bangalore,,Rajasthan Royals,bat,KP Pietersen,Unknown,Unknown,132,131,94,5,18,4,True
419155,1,Chennai Super Kings,Delhi Daredevils,,2010-04-15,"MA Chidambaram Stadium, Chepauk",Chennai,Delhi Daredevils,,Chennai Super Kings,bat,G Gambhir,Unknown,Unknown,112,104,121,9,10,1,True
419155,2,Delhi Daredevils,Chennai Super Kings,,2010-04-15,"MA Chidambaram Stadium, Chepauk",Chennai,Delhi Daredevils,,Chennai Super Kings,bat,G Gambhir,Unknown,Unknown,113,100,112,4,8,0,True
419156,1,Kings XI Punjab,Deccan Chargers,,2010-04-16,Himachal Pradesh Cricket Association Stadium,Dharamsala,Deccan Chargers,,Deccan Chargers,field,RG Sharma,Unknown,Unknown,174,166,120,3,23,4,True
419156,2,Deccan Chargers,Kings XI Punjab,,2010-04-16,Himachal Pradesh Cricket Association Stadium,Dharamsala,Deccan Chargers,,Deccan Chargers,field,RG Sharma,Unknown,Unknown,178,165,115,5,17,7,True
419157,1,Mumbai Indians,Royal Challengers Bangalore,,2010-04-17,M Chinnaswamy Stadium,Bangalore,Mumbai Indians,,Royal Challengers Bangalore,field,R McLaren,Unknown,Unknown,191,176,120,4,14,10,True
419157,2,Royal Challengers Bangalore,Mumbai Indians,,2010-04-17,M Chinnaswamy Stadium,Bangalore,Mumbai Indians,,Royal Challengers Bangalore,field,R McLaren,Unknown,Unknown,134,129,120,9,10,3,True
419158,1,Rajasthan Royals,Kolkata Knight Riders,,2010-04-17,Eden Gardens,Kolkata,Kolkata Knight Riders,,Rajasthan Royals,bat,JD Unadkat,Unknown,Unknown,132,129,120,9,14,2,True
419158,2,Kolkata Knight Riders,Rajasthan Royals,,2010-04-17,Eden Gardens,Kolkata,Kolkata Knight Riders,,Rajasthan Royals,bat,JD Unadkat,Unknown,Unknown,133,126,97,2,17,3,True
419159,1,Kings XI Punjab,Chennai Super Kings,,2010-04-18,Himachal Pradesh Cricket Association Stadium,Dharamsala,Chennai Super Kings,,Chennai Super Kings,field,MS Dhoni,Unknown,Unknown,192,187,120,3,19,8,True
419159,2,Chennai Super Kings,Kings XI Punjab,,2010-04-18,Himachal Pradesh Cricket Association Stadium,Dharamsala,Chennai Super Kings,,Chennai Super Kings,field,MS Dhoni,Unknown,Unknown,195,185,118,4,22,7,True
419160,1,Deccan Chargers,Delhi Daredevils,,2010-04-18,Feroz Shah Kotla,Delhi,Deccan Chargers,,Deccan Chargers,bat,A Symonds,Unknown,Unknown,145,142,120,7,12,6,True
419160,2,Delhi Daredevils,Deccan Chargers,,2010-04-18,Feroz Shah Kotla,Delhi,Deccan Chargers,,Deccan Chargers,bat,A Symonds,Unknown,Unknown,134,129,120,7,10,4,True
419161,1,Mumbai Indians,Kolkata Knight Riders,,2010-04-19,Eden Gardens,Kolkata,Kolkata Knight Riders,,Mumbai Indians,bat,M Kartik,Unknown,Unknown,133,127,120,8,12,2,True
419161,2,Kolkata Knight Riders,Mumbai Indians,,2010-04-19,Eden Gardens,Kolkata,Kolkata Knight Riders,,Mumbai Indians,bat,M Kartik,Unknown,Unknown,135,119,105,1,13,3,True
419162,1,Mumbai Indians,Royal Challengers Bangalore,,2010-04-21,Dr DY Patil Sports Academy,Mumbai,Mumbai Indians,,Mumbai Indians,bat,KA Pollard,Semi Final,Unknown,184,171,120,5,14,7,True
419162,2,Royal Challengers Bangalore,Mumbai Indians,,2010-04-21,Dr DY Patil Sports Academy,Mumbai,Mumbai Indians,,Mumbai Indians,bat,KA Pollard,Semi Final,Unknown,149,139,120,9,12,3,True
419163,1,Chennai Super Kings,Deccan Chargers,,2010-04-22,Dr DY Patil Sports Academy,Mumbai,Chennai Super Kings,,Chennai Super Kings,bat,DE Bollinger,Semi Final,Unknown,142,126,120,7,11,4,True
419163,2,Deccan Chargers,Chennai Super Kings,,2010-04-22,Dr DY Patil Sports Academy,Mumbai,Chennai Super Kings,,Chennai Super Kings,bat,DE Bollinger,Semi Final,Unknown,104,96,116,10,9,2,True
419164,1,Deccan Chargers,Royal Challengers Bangalore,,2010-04-24,Dr DY Patil Sports Academy,Mumbai,Royal Challengers Bangalore,,Deccan Chargers,bat,A Kumble,3rd Place Play-Off,Unknown,82,78,111,10,8,2,True
419164,2,Royal Challengers Bangalore,Deccan Chargers,,2010-04-24,Dr DY Patil Sports Academy,Mumbai,Royal Challengers Bangalore,,Deccan Chargers,bat,A Kumble,3rd Place Play-Off,Unknown,86,83,83,1,9,2,True
419165,1,Chennai Super Kings,Mumbai Indians,,2010-04-25,Dr DY Patil Sports Academy,Mumbai,Chennai Super Kings,,Chennai Super Kings,bat,SK Raina,Final,Unknown,168,157,120,5,11,8,True
419165,2,Mumbai Indians,Chennai Super Kings,,2010-04-25,Dr DY Patil Sports Academy,Mumbai,Chennai Super Kings,,Chennai Super Kings,bat,SK Raina,Final,Unknown,146,134,120,9,12,5,True
501198,1,Chennai Super Kings,Kolkata Knight Riders,2011.0,2011-04-08,"MA Chidambaram Stadium, Chepauk",Chennai,Chennai Super Kings,,Chennai Super Kings,bat,S Anirudha,Unknown,Unknown,153,150,120,4,14,4,True
501198,2,Kolkata Knight Riders,Chennai Super Kings,2011.0,2011-04-08,"MA Chidambaram Stadium, Chepauk",Chennai,Chennai Super Kings,,Chennai Super Kings,bat,S Anirudha,Unknown,Unknown,151,143,120,7,14,3,True
501199,1,Deccan Chargers,Rajasthan Royals,2011.0,2011-04-09,"Rajiv Gandhi International Stadium, Uppal",Hyderabad,Rajasthan Royals,,Rajasthan Royals,field,SK Trivedi,Unknown,Unknown,137,133,120,8,10,5,True
501199,2,Rajasthan Royals,Deccan Chargers,2011.0,2011-04-09,"Rajiv Gandhi International Stadium, Uppal",Hyderabad,Rajasthan Royals,,Rajasthan Royals,field,SK Trivedi,Unknown,Unknown,141,136,113,2,15,3,True
501200,1,Kochi Tuskers Kerala,Royal Challengers Bangalore,2011.0,2011-04-09,Nehru Stadium,Kochi,Royal Challengers Bangalore,,Kochi Tuskers Kerala,bat,AB de Villiers,Unknown,Unknown,161,150,120,5,13,5,True
501200,2,Royal Challengers Bangalore,Kochi Tuskers Kerala,2011.0,2011-04-09,Nehru Stadium,Kochi,Royal Challengers Bangalore,,Kochi Tuskers Kerala,bat,AB de Villiers,Unknown,Unknown,162,149,112,4,12,7,True
501201,1,Delhi Daredevils,Mumbai Indians,2011.0,2011-04-10,Feroz Shah Kotla,Delhi,Mumbai Indians,,Delhi Daredevils,bat,SL Malinga,Unknown,Unknown,95,91,106,10,9,2,True
501201,2,Mumbai Indians,Delhi Daredevils,2011.0,2011-04-10,Feroz Shah Kotla,Delhi,Mumbai Indians,,Delhi Daredevils,bat,SL Malinga,Unknown,Unknown,99,88,101,2,8,1,True
501202,1,Kings XI Punjab,Pune Warriors,2011.0,2011-04-10,Dr DY Patil Sports Academy,Mumbai,Pune Warriors,,Kings XI Punjab,bat,SB Wagh,Unknown,Unknown,112,102,119,8,12,1,True
501202,2,Pune Warriors,Kings XI Punjab,2011.0,2011-04-10,Dr DY Patil Sports Academy,Mumbai,Pune Warriors,,Kings XI Punjab,bat,SB Wagh,Unknown,Unknown,113,109,79,3,14,4,True
501203,1,Kolkata Knight Riders,Deccan Chargers,2011.0,2011-04-11,Eden Gardens,Kolkata,Kolkata Knight Riders,,Kolkata Knight Riders,bat,JH Kallis,Unknown,Unknown,163,153,120,4,20,3,True
501203,2,Deccan Chargers,Kolkata Knight Riders,2011.0,2011-04-11,Eden Gardens,Kolkata,Kolkata Knight Riders,,Kolkata Knight Riders,bat,JH Kallis,Unknown,Unknown,154,145,120,8,13,5,True
501204,1,Delhi Daredevils,Rajasthan Royals,2011.0,2011-04-12,Sawai Mansingh Stadium,Jaipur,Rajasthan Royals,,Delhi Daredevils,bat,SK Warne,Unknown,Unknown,151,142,120,6,14,6,True
501204,2,Rajasthan Royals,Delhi Daredevils,2011.0,2011-04-12,Sawai Mansingh Stadium,Jaipur,Rajasthan Royals,,Delhi Daredevils,bat,SK Warne,Unknown,Unknown,152,140,111,4,13,6,True
501205,1,Royal Challengers Bangalore,Mumbai Indians,2011.0,2011-04-12,M Chinnaswamy Stadium,Bangalore,Mumbai Indians,,Mumbai Indians,field,SR Tendulkar,Unknown,Unknown,140,125,120,4,12,3,True
501205,2,Mumbai Indians,Royal Challengers Bangalore,2011.0,2011-04-12,M Chinnaswamy Stadium,Bangalore,Mumbai Indians,,Mumbai Indians,field,SR Tendulkar,Unknown,Unknown,143,140,111,1,18,2,True
501206,1,Chennai Super Kings,Kings XI Punjab,2011.0,2011-04-13,"Punjab Cricket Association Stadium, Mohali",Chandigarh,Kings XI Punjab,,Kings XI Punjab,field,PC Valthaty,Unknown,Unknown,188,183,120,4,18,6,True
501206,2,Kings XI Punjab,Chennai Super Kings,2011.0,2011-04-13,"Punjab Cricket Association Stadium, Mohali",Chandigarh,Kings XI Punjab,,Kings XI Punjab,field,PC Valthaty,Unknown,Unknown,193,192,115,4,25,4,True
501207,1,Kochi Tuskers Kerala,Pune Warriors,2011.0,2011-04-13,Dr DY Patil Sports Academy,Mumbai,Pune Warriors,,Kochi Tuskers Kerala,bat,MD Mishra,Unknown,Unknown,148,137,120,8,12,5,True
501207,2,Pune Warriors,Kochi Tuskers Kerala,2011.0,2011-04-13,Dr DY Patil Sports Academy,Mumbai,Pune Warriors,,Kochi Tuskers Kerala,bat,MD Mishra,Unknown,Unknown,151,140,113,6,12,5,True
501208,1,Deccan Chargers,Royal Challengers Bangalore,2011.0,2011-04-14,"Rajiv Gandhi International Stadium, Uppal",Hyderabad,Deccan Chargers,,Royal Challengers Bangalore,field,DW Steyn,Unknown,Unknown,175,168,120,5,17,6,True
501208,2,Royal Challengers Bangalore,Deccan Chargers,2011.0,2011-04-14,"Rajiv Gandhi International Stadium, Uppal",Hyderabad,Deccan Chargers,,Royal Challengers Bangalore,field,DW Steyn,Unknown,Unknown,142,134,120,9,12,3,True
501209,1,Rajasthan Royals,Kolkata Knight Riders,2011.0,2011-04-15,Sawai Mansingh Stadium,Jaipur,Kolkata Knight Riders,,Kolkata Knight Riders,field,G Gambhir,Unknown,Unknown,159,140,120,4,10,5,True
501209,2,Kolkata Knight Riders,Rajasthan Royals,2011.0,2011-04-15,Sawai Mansingh Stadium,Jaipur,Kolkata Knight Riders,,Kolkata Knight Riders,field,G Gambhir,Unknown,Unknown,160,156,111,1,18,3,True
501210,1,Mumbai Indians,Kochi Tuskers Kerala,2011.0,2011-04-15,Wankhede Stadium,Mumbai,Kochi Tuskers Kerala,,Kochi Tuskers Kerala,field,BB McCullum,Unknown,Unknown,182,165,120,2,16,7,True
501210,2,Kochi Tuskers Kerala,Mumbai Indians,2011.0,2011-04-15,Wankhede Stadium,Mumbai,Kochi Tuskers Kerala,,Kochi Tuskers Kerala,field,BB McCullum,Unknown,Unknown,184,173,114,2,23,4,True
501211,1,Chennai Super Kings,Royal Challengers Bangalore,2011.0,2011-04-16,"MA Chidambaram Stadium, Chepauk",Chennai,Chennai Super Kings,,Chennai Super Kings,bat,MEK Hussey,Unknown,Unknown,183,179,120,5,20,5,True
501211,2,Royal Challengers Bangalore,Chennai Super Kings,2011.0,2011-04-16,"MA Chidambaram Stadium, Chepauk",Chennai,Chennai Super Kings,,Chennai Super Kings,bat,MEK Hussey,Unknown,Unknown,162,153,120,7,13,5,True
501212,1,Deccan Chargers,Kings XI Punjab,2011.0,2011-04-16,"Rajiv Gandhi International Stadium, Uppal",Hyderabad,Kings XI Punjab,,Kings XI Punjab,field,PC Valthaty,Unknown,Unknown,165,160,120,8,17,3,True
501212,2,Kings XI Punjab,Deccan Chargers,2011.0,2011-04-16,"Rajiv Gandhi International Stadium, Uppal",Hyderabad,Kings XI Punjab,,Kings XI Punjab,field,PC Valthaty,Unknown,Unknown,166,152,106,2,15,8,True
501213,1,Pune Warriors,Delhi Daredevils,2011.0,2011-04-17,Dr DY Patil Sports Academy,Mumbai,Delhi Daredevils,,Delhi Daredevils,field,Yuvraj Singh,Unknown,Unknown,187,179,120,5,13,11,True
501213,2,Delhi Daredevils,Pune Warriors,2011.0,2011-04-17,Dr DY Patil Sports Academy,Mumbai,Delhi Daredevils,,Delhi Daredevils,field,Yuvraj Singh,Unknown,Unknown,190,180,116,7,16,9,True
501214,1,Rajasthan Royals,Kolkata Knight Riders,2011.0,2011-04-17,Eden Gardens,Kolkata,Kolkata Knight Riders,,Kolkata Knight Riders,field,L Balaji,Unknown,Unknown,81,76,92,10,6,1,True
501214,2,Kolkata Knight Riders,Rajasthan Royals,2011.0,2011-04-17,Eden Gardens,Kolkata,Kolkata Knight Riders,,Kolkata Knight Riders,field,L Balaji,Unknown,Unknown,85,74,83,2,7,1,True
501215,1,Chennai Super Kings,Kochi Tuskers Kerala,2011.0,2011-04-18,Nehru Stadium,Kochi,Kochi Tuskers Kerala,,Kochi Tuskers Kerala,field,BB McCullum,Unknown,Unknown,131,128,102,4,15,3,True
501215,2,Kochi Tuskers Kerala,Chennai Super Kings,2011.0,2011-04-18,Nehru Stadium,Kochi,Kochi Tuskers Kerala,,Kochi Tuskers Kerala,field,BB McCullum,Unknown,Unknown,135,132,90,3,12,7,True
501216,1,Deccan Chargers,Delhi Daredevils,2011.0,2011-04-19,Feroz Shah Kotla,Delhi,Deccan Chargers,,Deccan Chargers,bat,S Sohal,Unknown,Unknown,168,163,120,4,20,3,True
501216,2,Delhi Daredevils,Deccan Chargers,2011.0,2011-04-19,Feroz Shah Kotla,Delhi,Deccan Chargers,,Deccan Chargers,bat,S Sohal,Unknown,Unknown,152,139,120,7,12,5,True
501218,1,Pune Warriors,Mumbai Indians,2011.0,2011-04-20,Wankhede Stadium,Mumbai,Mumbai Indians,,Pune Warriors,bat,MM Patel,Unknown,Unknown,118,106,104,10,13,2,True
501218,2,Mumbai Indians,Pune Warriors,2011.0,2011-04-20,Wankhede Stadium,Mumbai,Mumbai Indians,,Pune Warriors,bat,MM Patel,Unknown,Unknown,124,114,120,3,10,1,True
501219,1,Kochi Tuskers Kerala,Kolkata Knight Riders,2011.0,2011-04-20,Eden Gardens,Kolkata,Kochi Tuskers Kerala,,Kolkata Knight Riders,field,DPMD Jayawardene,Unknown,Unknown,132,124,120,7,11,5,True
501219,2,Kolkata Knight Riders,Kochi Tuskers Kerala,2011.0,2011-04-20,Eden Gardens,Kolkata,Kochi Tuskers Kerala,,Kolkata Knight Riders,field,DPMD Jayawardene,Unknown,Unknown,126,115,120,9,7,3,True
501220,1,Kings XI Punjab,Rajasthan Royals,2011.0,2011-04-21,"Punjab Cricket Association Stadium, Mohali",Chandigarh,Kings XI Punjab,,Rajasthan Royals,field,SE Marsh,Unknown,Unknown,195,178,120,7,19,7,True
501220,2,Rajasthan Royals,Kings XI Punjab,2011.0,2011-04-21,"Punjab Cricket Association Stadium, Mohali",Chandigarh,Kings XI Punjab,,Rajasthan Royals,field,SE Marsh,Unknown,Unknown,147,145,120,7,16,2,True
501221,1,Mumbai Indians,Chennai Super Kings,2011.0,2011-04-22,Wankhede Stadium,Mumbai,Mumbai Indians,,Chennai Super Kings,field,Harbhajan Singh,Unknown,Unknown,164,150,120,4,14,7,True
501221,2,Chennai Super Kings,Mumbai Indians,2011.0,2011-04-22,Wankhede Stadium,Mumbai,Mumbai Indians,,Chennai Super Kings,field,Harbhajan Singh,Unknown,Unknown,156,146,120,9,15,4,True
501222,1,Kolkata Knight Riders,Royal Challengers Bangalore,2011.0,2011-04-22,Eden Gardens,Kolkata,Royal Challengers Bangalore,,Royal Challengers Bangalore,field,CH Gayle,Unknown,Unknown,171,158,120,5,15,4,True
501222,2,Royal Challengers Bangalore,Kolkata Knight Riders,2011.0,2011-04-22,Eden Gardens,Kolkata,Royal Challengers Bangalore,,Royal Challengers Bangalore,field,CH Gayle,Unknown,Unknown,175,170,109,1,19,8,True
501223,1,Delhi Daredevils,Kings XI Punjab,2011.0,2011-04-23,Feroz Shah Kotla,Delhi,Delhi Daredevils,,Kings XI Punjab,field,DA Warner,Unknown,Unknown,231,215,120,4,20,12,True
501223,2,Kings XI Punjab,Delhi Daredevils,2011.0,2011-04-23,Feroz Shah Kotla,Delhi,Delhi Daredevils,,Kings XI Punjab,field,DA Warner,Unknown,Unknown,202,197,120,6,21,11,True
501224,1,Mumbai Indians,Deccan Chargers,2011.0,2011-04-24,"Rajiv Gandhi International Stadium, Uppal",Hyderabad,Mumbai Indians,,Deccan Chargers,field,SL Malinga,Unknown,Unknown,172,167,120,4,18,5,True
501224,2,Deccan Chargers,Mumbai Indians,2011.0,2011-04-24,"Rajiv Gandhi International Stadium, Uppal",Hyderabad,Mumbai Indians,,Deccan Chargers,field,SL Malinga,Unknown,Unknown,135,123,120,8,14,1,True
501225,1,Kochi Tuskers Kerala,Rajasthan Royals,2011.0,2011-04-24,Sawai Mansingh Stadium,Jaipur,Rajasthan Royals,,Rajasthan Royals,field,SK Warne,Unknown,Unknown,109,100,120,10,8,0,True
501225,2,Rajasthan Royals,Kochi Tuskers Kerala,2011.0,2011-04-24,Sawai Mansingh Stadium,Jaipur,Rajasthan Royals,,Rajasthan Royals,field,SK Warne,Unknown,Unknown,111,109,85,2,12,3,True
501226,1,Chennai Super Kings,Pune Warriors,2011.0,2011-04-25,"MA Chidambaram Stadium, Chepauk",Chennai,Chennai Super Kings,,Pune Warriors,field,MEK Hussey,Unknown,Unknown,142,138,120,6,10,4,True
501226,2,Pune Warriors,Chennai Super Kings,2011.0,2011-04-25,"MA Chidambaram Stadium, Chepauk",Chennai,Chennai Super Kings,,Pune Warriors,field,MEK Hussey,Unknown,Unknown,117,110,120,9,6,2,True
501227,1,Delhi Daredevils,Royal Challengers Bangalore,2011.0,2011-04-26,Feroz Shah Kotla,Delhi,Royal Challengers Bangalore,,Royal Challengers Bangalore,field,V Kohli,Unknown,Unknown,160,147,120,6,13,5,True
501227,2,Royal Challengers Bangalore,Delhi Daredevils,2011.0,2011-04-26,Feroz Shah Kotla,Delhi,Royal Challengers Bangalore,,Royal Challengers Bangalore,field,V Kohli,Unknown,Unknown,161,143,117,7,17,5,True
501228,1,Pune Warriors,Chennai Super Kings,2011.0,2011-04-27,Dr DY Patil Sports Academy,Mumbai,Chennai Super Kings,,Pune Warriors,bat,DE Bollinger,Unknown,Unknown,141,136,120,6,11,6,True
501228,2,Chennai Super Kings,Pune Warriors,2011.0,2011-04-27,Dr DY Patil Sports Academy,Mumbai,Chennai Super Kings,,Pune Warriors,bat,DE Bollinger,Unknown,Unknown,145,137,117,2,9,5,True
501229,1,Deccan Chargers,Kochi Tuskers Kerala,2011.0,2011-04-27,Nehru Stadium,Kochi,Deccan Chargers,,Kochi Tuskers Kerala,field,I Sharma,Unknown,Unknown,129,122,120,7,13,1,True
501229,2,Kochi Tuskers Kerala,Deccan Chargers,2011.0,2011-04-27,Nehru Stadium,Kochi,Deccan Chargers,,Kochi Tuskers Kerala,field,I Sharma,Unknown,Unknown,74,67,99,10,9,0,True
501230,1,Kolkata Knight Riders,Delhi Daredevils,2011.0,2011-04-28,Feroz Shah Kotla,Delhi,Kolkata Knight Riders,,Delhi Daredevils,field,MK Tiwary,Unknown,Unknown,148,140,120,7,12,4,True
501230,2,Delhi Daredevils,Kolkata Knight Riders,2011.0,2011-04-28,Feroz Shah Kotla,Delhi,Kolkata Knight Riders,,Delhi Daredevils,field,MK Tiwary,Unknown,Unknown,131,124,120,9,9,5,True
501231,1,Mumbai Indians,Rajasthan Royals,2011.0,2011-04-29,Sawai Mansingh Stadium,Jaipur,Rajasthan Royals,,Rajasthan Royals,field,J Botha,Unknown,Unknown,94,87,120,8,4,2,True
501231,2,Rajasthan Royals,Mumbai Indians,2011.0,2011-04-29,Sawai Mansingh Stadium,Jaipur,Rajasthan Royals,,Rajasthan Royals,field,J Botha,Unknown,Unknown,95,93,109,3,7,2,True
501232,1,Royal Challengers Bangalore,Pune Warriors,2011.0,2011-04-29,M Chinnaswamy Stadium,Bangalore,Royal Challengers Bangalore,,Pune Warriors,field,V Kohli,Unknown,Unknown,181,179,120,5,13,10,True
501232,2,Pune Warriors,Royal Challengers Bangalore,2011.0,2011-04-29,M Chinnaswamy Stadium,Bangalore,Royal Challengers Bangalore,,Pune Warriors,field,V Kohli,Unknown,Unknown,155,146,120,5,11,6,True
501233,1,Delhi Daredevils,Kochi Tuskers Kerala,2011.0,2011-04-30,Nehru Stadium,Kochi,Delhi Daredevils,,Delhi Daredevils,bat,V Sehwag,Unknown,Unknown,157,141,120,7,12,7,True
501233,2,Kochi Tuskers Kerala,Delhi Daredevils,2011.0,2011-04-30,Nehru Stadium,Kochi,Delhi Daredevils,,Delhi Daredevils,bat,V Sehwag,Unknown,Unknown,119,111,113,10,9,3,True
501234,1,Kings XI Punjab,Kolkata Knight Riders,2011.0,2011-04-30,Eden Gardens,Kolkata,Kolkata Knight Riders,,Kolkata Knight Riders,field,Iqbal Abdulla,Unknown,Unknown,119,113,120,6,11,1,True
501234,2,Kolkata Knight Riders,Kings XI Punjab,2011.0,2011-04-30,Eden Gardens,Kolkata,Kolkata Knight Riders,,Kolkata Knight Riders,field,Iqbal Abdulla,Unknown,Unknown,120,108,104,2,13,1,True
501235,1,Pune Warriors,Rajasthan Royals,2011.0,2011-05-01,Sawai Mansingh Stadium,Jaipur,Rajasthan Royals,,Rajasthan Royals,field,LRPL Taylor,Unknown,Unknown,143,138,120,7,15,2,True
501235,2,Rajasthan Royals,Pune Warriors,2011.0,2011-05-01,Sawai Mansingh Stadium,Jaipur,Rajasthan Royals,,Rajasthan Royals,field,LRPL Taylor,Unknown,Unknown,144,133,117,4,9,6,True
501236,1,Chennai Super Kings,Deccan Chargers,2011.0,2011-05-01,"MA Chidambaram Stadium, Chepauk",Chennai,Chennai Super Kings,,Chennai Super Kings,bat,JA Morkel,Unknown,Unknown,165,156,120,5,13,6,True
501236,2,Deccan Chargers,Chennai Super Kings,2011.0,2011-05-01,"MA Chidambaram Stadium, Chepauk",Chennai,Chennai Super Kings,,Chennai Super Kings,bat,JA Morkel,Unknown,Unknown,146,141,120,8,10,5,True
501237,1,Mumbai Indians,Kings XI Punjab,2011.0,2011-05-02,Wankhede Stadium,Mumbai,Mumbai Indians,,Kings XI Punjab,field,KA Pollard,Unknown,Unknown,159,154,120,5,17,4,True
501237,2,Kings XI Punjab,Mumbai Indians,2011.0,2011-05-02,Wankhede Stadium,Mumbai,Mumbai Indians,,Kings XI Punjab,field,KA Pollard,Unknown,Unknown,136,124,120,8,12,2,True
501238,1,Delhi Daredevils,Kochi Tuskers Kerala,2011.0,2011-05-02,Feroz Shah Kotla,Delhi,Kochi Tuskers Kerala,,Kochi Tuskers Kerala,field,P Parameswaran,Unknown,Unknown,140,133,120,6,16,2,True
501238,2,Kochi Tuskers Kerala,Delhi Daredevils,2011.0,2011-05-02,Feroz Shah Kotla,Delhi,Kochi Tuskers Kerala,,Kochi Tuskers Kerala,field,P Parameswaran,Unknown,Unknown,141,123,90,3,17,3,True
501239,1,Kolkata Knight Riders,Deccan Chargers,2011.0,2011-05-03,"Rajiv Gandhi International Stadium, Uppal",Hyderabad,Kolkata Knight Riders,,Deccan Chargers,field,YK Pathan,Unknown,Unknown,169,159,120,4,13,6,True
501239,2,Deccan Chargers,Kolkata Knight Riders,2011.0,2011-05-03,"Rajiv Gandhi International Stadium, Uppal",Hyderabad,Kolkata Knight Riders,,Deccan Chargers,field,YK Pathan,Unknown,Unknown,149,145,120,6,13,1,True
501240,1,Rajasthan Royals,Chennai Super Kings,2011.0,2011-05-04,"MA Chidambaram Stadium, Chepauk",Chennai,Chennai Super Kings,,Rajasthan Royals,bat,MEK Hussey,Unknown,Unknown,147,140,120,6,18,0,True
501240,2,Chennai Super Kings,Rajasthan Royals,2011.0,2011-05-04,"MA Chidambaram Stadium, Chepauk",Chennai,Chennai Super Kings,,Rajasthan Royals,bat,MEK Hussey,Unknown,Unknown,149,145,112,2,12,2,True
501241,1,Mumbai Indians,Pune Warriors,2011.0,2011-05-04,Dr DY Patil Sports Academy,Mumbai,Mumbai Indians,,Pune Warriors,field,R Sharma,Unknown,Unknown,160,145,120,7,13,6,True
501241,2,Pune Warriors,Mumbai Indians,2011.0,2011-05-04,Dr DY Patil Sports Academy,Mumbai,Mumbai Indians,,Pune Warriors,field,R Sharma,Unknown,Unknown,139,129,120,7,8,7,True
501242,1,Kochi Tuskers Kerala,Kolkata Knight Riders,2011.0,2011-05-05,Nehru Stadium,Kochi,Kochi Tuskers Kerala,,Kolkata Knight Riders,field,BJ Hodge,Unknown,Unknown,156,150,120,5,13,4,True
501242,2,Kolkata Knight Riders,Kochi Tuskers Kerala,2011.0,2011-05-05,Nehru Stadium,Kochi,Kochi Tuskers Kerala,,Kolkata Knight Riders,field,BJ Hodge,Unknown,Unknown,139,136,120,7,15,2,True
501243,1,Deccan Chargers,Delhi Daredevils,2011.0,2011-05-05,"Rajiv Gandhi International Stadium, Uppal",Hyderabad,Delhi Daredevils,,Delhi Daredevils,field,V Sehwag,Unknown,Unknown,175,165,120,5,18,4,True
501243,2,Delhi Daredevils,Deccan Chargers,2011.0,2011-05-05,"Rajiv Gandhi International Stadium, Uppal",Hyderabad,Delhi Daredevils,,Delhi Daredevils,field,V Sehwag,Unknown,Unknown,179,169,114,6,17,7,True
501244,1,Royal Challengers Bangalore,Kings XI Punjab,2011.0,2011-05-06,M Chinnaswamy Stadium,Bangalore,Royal Challengers Bangalore,,Kings XI Punjab,field,CH Gayle,Unknown,Unknown,205,199,120,6,23,11,True
501244,2,Kings XI Punjab,Royal Challengers Bangalore,2011.0,2011-05-06,M Chinnaswamy Stadium,Bangalore,Royal Challengers Bangalore,,Kings XI Punjab,field,CH Gayle,Unknown,Unknown,120,115,120,9,11,1,True
501245,1,Chennai Super Kings,Kolkata Knight Riders,2011.0,2011-05-07,Eden Gardens,Kolkata,Kolkata Knight Riders,,Chennai Super Kings,bat,Iqbal Abdulla,Unknown,Unknown,114,108,120,4,6,2,True
501245,2,Kolkata Knight Riders,Chennai Super Kings,2011.0,2011-05-07,Eden Gardens,Kolkata,Kolkata Knight Riders,,Chennai Super Kings,bat,Iqbal Abdulla,Unknown,Unknown,61,57,60,2,7,0,True
501246,1,Mumbai Indians,Delhi Daredevils,2011.0,2011-05-07,Wankhede Stadium,Mumbai,Mumbai Indians,,Delhi Daredevils,field,AT Rayudu,Unknown,Unknown,178,172,120,4,21,5,True
501246,2,Delhi Daredevils,Mumbai Indians,2011.0,2011-05-07,Wankhede Stadium,Mumbai,Mumbai Indians,,Delhi Daredevils,field,AT Rayudu,Unknown,Unknown,146,137,119,10,20,1,True
501247,1,Kochi Tuskers Kerala,Royal Challengers Bangalore,2011.0,2011-05-08,M Chinnaswamy Stadium,Bangalore,Royal Challengers Bangalore,,Kochi Tuskers Kerala,bat,CH Gayle,Unknown,Unknown,125,115,120,9,12,0,True
501247,2,Royal Challengers Bangalore,Kochi Tuskers Kerala,2011.0,2011-05-08,M Chinnaswamy Stadium,Bangalore,Royal Challengers Bangalore,,Kochi Tuskers Kerala,bat,CH Gayle,Unknown,Unknown,128,123,79,1,14,6,True
501248,1,Kings XI Punjab,Pune Warriors,2011.0,2011-05-08,"Punjab Cricket Association Stadium, Mohali",Chandigarh,Pune Warriors,,Kings XI Punjab,bat,R Sharma,Unknown,Unknown,119,115,120,8,12,1,True
501248,2,Pune Warriors,Kings XI Punjab,2011.0,2011-05-08,"Punjab Cricket Association Stadium, Mohali",Chandigarh,Pune Warriors,,Kings XI Punjab,bat,R Sharma,Unknown,Unknown,120,108,103,5,14,2,True
501249,1,Chennai Super Kings,Rajasthan Royals,2011.0,2011-05-09,Sawai Mansingh Stadium,Jaipur,Chennai Super Kings,,Rajasthan Royals,field,M Vijay,Unknown,Unknown,196,188,120,3,19,6,True
501249,2,Rajasthan Royals,Chennai Super Kings,2011.0,2011-05-09,Sawai Mansingh Stadium,Jaipur,Chennai Super Kings,,Rajasthan Royals,field,M Vijay,Unknown,Unknown,133,128,117,10,11,1,True
501250,1,Deccan Chargers,Pune Warriors,2011.0,2011-05-10,"Rajiv Gandhi International Stadium, Uppal",Hyderabad,Pune Warriors,,Deccan Chargers,bat,MR Marsh,Unknown,Unknown,136,135,120,8,11,2,True
501250,2,Pune Warriors,Deccan Chargers,2011.0,2011-05-10,"Rajiv Gandhi International Stadium, Uppal",Hyderabad,Pune Warriors,,Deccan Chargers,bat,MR Marsh,Unknown,Unknown,137,134,110,4,17,5,True
501251,1,Kings XI Punjab,Mumbai Indians,2011.0,2011-05-10,"Punjab Cricket Association Stadium, Mohali",Chandigarh,Kings XI Punjab,,Mumbai Indians,field,BA Bhatt,Unknown,Unknown,163,141,120,8,15,3,True
501251,2,Mumbai Indians,Kings XI Punjab,2011.0,2011-05-10,"Punjab Cricket Association Stadium, Mohali",Chandigarh,Kings XI Punjab,,Mumbai Indians,field,BA Bhatt,Unknown,Unknown,87,82,77,10,10,2,True
501252,1,Rajasthan Royals,Royal Challengers Bangalore,2011.0,2011-05-11,Sawai Mansingh Stadium,Jaipur,Royal Challengers Bangalore,,Royal Challengers Bangalore,field,S Aravind,Unknown,Unknown,146,135,120,6,12,3,True
501252,2,Royal Challengers Bangalore,Rajasthan Royals,2011.0,2011-05-11,Sawai Mansingh Stadium,Jaipur,Royal Challengers Bangalore,,Royal Challengers Bangalore,field,S Aravind,Unknown,Unknown,151,147,102,1,18,5,True
501253,1,Chennai Super Kings,Delhi Daredevils,2011.0,2011-05-12,"MA Chidambaram Stadium, Chepauk",Chennai,Chennai Super Kings,,Chennai Super Kings,bat,MS Dhoni,Unknown,Unknown,176,172,120,4,15,8,True
501253,2,Delhi Daredevils,Chennai Super Kings,2011.0,2011-05-12,"MA Chidambaram Stadium, Chepauk",Chennai,Chennai Super Kings,,Chennai Super Kings,bat,MS Dhoni,Unknown,Unknown,158,144,120,6,11,6,True
501254,1,Kochi Tuskers Kerala,Kings XI Punjab,2011.0,2011-05-13,Holkar Cricket Stadium,Indore,Kings XI Punjab,,Kings XI Punjab,field,KD Karthik,Unknown,Unknown,178,155,120,7,12,7,True
501254,2,Kings XI Punjab,Kochi Tuskers Kerala,2011.0,2011-05-13,Holkar Cricket Stadium,Indore,Kings XI Punjab,,Kings XI Punjab,field,KD Karthik,Unknown,Unknown,181,173,113,4,17,10,True
501255,1,Kolkata Knight Riders,Royal Challengers Bangalore,2011.0,2011-05-14,M Chinnaswamy Stadium,Bangalore,Royal Challengers Bangalore,,Royal Challengers Bangalore,field,CH Gayle,Unknown,Unknown,89,82,78,4,7,3,True
501255,2,Royal Challengers Bangalore,Kolkata Knight Riders,2011.0,2011-05-14,M Chinnaswamy Stadium,Bangalore,Royal Challengers Bangalore,,Royal Challengers Bangalore,field,CH Gayle,Unknown,Unknown,105,99,74,6,13,2,True
501256,1,Deccan Chargers,Mumbai Indians,2011.0,2011-05-14,Wankhede Stadium,Mumbai,Deccan Chargers,,Deccan Chargers,bat,A Mishra,Unknown,Unknown,135,128,120,6,9,4,True
501256,2,Mumbai Indians,Deccan Chargers,2011.0,2011-05-14,Wankhede Stadium,Mumbai,Deccan Chargers,,Deccan Chargers,bat,A Mishra,Unknown,Unknown,125,107,120,8,8,4,True
501257,1,Kings XI Punjab,Delhi Daredevils,2011.0,2011-05-15,Himachal Pradesh Cricket Association Stadium,Dharamsala,Kings XI Punjab,,Delhi Daredevils,field,PP Chawla,Unknown,Unknown,170,161,120,6,20,6,True
501257,2,Delhi Daredevils,Kings XI Punjab,2011.0,2011-05-15,Himachal Pradesh Cricket Association Stadium,Dharamsala,Kings XI Punjab,,Delhi Daredevils,field,PP Chawla,Unknown,Unknown,141,129,120,8,13,6,True
501258,1,Rajasthan Royals,Kochi Tuskers Kerala,2011.0,2011-05-15,Holkar Cricket Stadium,Indore,Kochi Tuskers Kerala,,Kochi Tuskers Kerala,field,BJ Hodge,Unknown,Unknown,97,94,111,10,9,4,True
501258,2,Kochi Tuskers Kerala,Rajasthan Royals,2011.0,2011-05-15,Holkar Cricket Stadium,Indore,Kochi Tuskers Kerala,,Kochi Tuskers Kerala,field,BJ Hodge,Unknown,Unknown,98,89,44,2,9,7,True
501259,1,Pune Warriors,Deccan Chargers,2011.0,2011-05-16,Dr DY Patil Sports Academy,Mumbai,Deccan Chargers,,Deccan Chargers,field,A Mishra,Unknown,Unknown,136,133,120,9,10,7,True
501259,2,Deccan Chargers,Pune Warriors,2011.0,2011-05-16,Dr DY Patil Sports Academy,Mumbai,Deccan Chargers,,Deccan Chargers,field,A Mishra,Unknown,Unknown,138,129,116,4,10,4,True
501260,1,Kings XI Punjab,Royal Challengers Bangalore,2011.0,2011-05-17,Himachal Pradesh Cricket Association Stadium,Dharamsala,Kings XI Punjab,,Kings XI Punjab,bat,AC Gilchrist,Unknown,Unknown,232,205,120,2,17,15,True
501260,2,Royal Challengers Bangalore,Kings XI Punjab,2011.0,2011-05-17,Himachal Pradesh Cricket Association Stadium,Dharamsala,Kings XI Punjab,,Kings XI Punjab,bat,AC Gilchrist,Unknown,Unknown,121,112,102,10,12,4,True
501261,1,Chennai Super Kings,Kochi Tuskers Kerala,2011.0,2011-05-18,"MA Chidambaram Stadium, Chepauk",Chennai,Chennai Super Kings,,Chennai Super Kings,bat,WP Saha,Unknown,Unknown,152,148,120,5,10,6,True
501261,2,Kochi Tuskers Kerala,Chennai Super Kings,2011.0,2011-05-18,"MA Chidambaram Stadium, Chepauk",Chennai,Chennai Super Kings,,Chennai Super Kings,bat,WP Saha,Unknown,Unknown,141,132,120,5,10,3,True
501262,1,Pune Warriors,Kolkata Knight Riders,2011.0,2011-05-19,Dr DY Patil Sports Academy,Mumbai,Kolkata Knight Riders,,Kolkata Knight Riders,field,YK Pathan,Unknown,Unknown,118,106,120,7,10,1,True
501262,2,Kolkata Knight Riders,Pune Warriors,2011.0,2011-05-19,Dr DY Patil Sports Academy,Mumbai,Kolkata Knight Riders,,Kolkata Knight Riders,field,YK Pathan,Unknown,Unknown,119,114,100,3,12,2,True
501263,1,Mumbai Indians,Rajasthan Royals,2011.0,2011-05-20,Wankhede Stadium,Mumbai,Rajasthan Royals,,Mumbai Indians,bat,SR Watson,Unknown,Unknown,133,128,120,5,13,1,True
501263,2,Rajasthan Royals,Mumbai Indians,2011.0,2011-05-20,Wankhede Stadium,Mumbai,Rajasthan Royals,,Mumbai Indians,bat,SR Watson,Unknown,Unknown,134,132,79,0,15,6,True
501264,1,Deccan Chargers,Kings XI Punjab,2011.0,2011-05-21,Himachal Pradesh Cricket Association Stadium,Dharamsala,Deccan Chargers,,Kings XI Punjab,field,S Dhawan,Unknown,Unknown,198,182,120,2,19,4,True
501264,2,Kings XI Punjab,Deccan Chargers,2011.0,2011-05-21,Himachal Pradesh Cricket Association Stadium,Dharamsala,Deccan Chargers,,Kings XI Punjab,field,S Dhawan,Unknown,Unknown,116,112,114,10,12,4,True
501265,1,Delhi Daredevils,Pune Warriors,2011.0,2011-05-21,Feroz Shah Kotla,Delhi,Unknown,no result,Delhi Daredevils,bat,Unknown,Unknown,Unknown,56,51,61,3,3,2,False
501266,1,Chennai Super Kings,Royal Challengers Bangalore,2011.0,2011-05-22,M Chinnaswamy Stadium,Bangalore,Royal Challengers Bangalore,,Royal Challengers Bangalore,field,CH Gayle,Unknown,Unknown,128,118,120,8,7,7,True
501266,2,Royal Challengers Bangalore,Chennai Super Kings,2011.0,2011-05-22,M Chinnaswamy Stadium,Bangalore,Royal Challengers Bangalore,,Royal Challengers Bangalore,field,CH Gayle,Unknown,Unknown,129,119,108,2,10,6,True
501267,1,Kolkata Knight Riders,Mumbai Indians,2011.0,2011-05-22,Eden Gardens,Kolkata,Mumbai Indians,,Mumbai Indians,field,JEC Franklin,Unknown,Unknown,175,169,120,7,16,7,True
501267,2,Mumbai Indians,Kolkata Knight Riders,2011.0,2011-05-22,Eden Gardens,Kolkata,Mumbai Indians,,Mumbai Indians,field,JEC Franklin,Unknown,Unknown,178,162,120,5,20,3,True
501268,1,Royal Challengers Bangalore,Chennai Super Kings,2011.0,2011-05-24,Wankhede Stadium,Mumbai,Chennai Super Kings,,Chennai Super Kings,field,SK Raina,Qualifier 1,Unknown,175,161,120,4,13,7,True
501268,2,Chennai Super Kings,Royal Challengers Bangalore,2011.0,2011-05-24,Wankhede Stadium,Mumbai,Chennai Super Kings,,Chennai Super Kings,field,SK Raina,Qualifier 1,Unknown,177,169,118,4,14,10,True
501269,1,Kolkata Knight Riders,Mumbai Indians,2011.0,2011-05-25,Wankhede Stadium,Mumbai,Mumbai Indians,,Mumbai Indians,field,MM Patel,Elimination Final,Unknown,147,141,120,7,15,3,True
501269,2,Mumbai Indians,Kolkata Knight Riders,2011.0,2011-05-25,Wankhede Stadium,Mumbai,Mumbai Indians,,Mumbai Indians,field,MM Patel,Elimination Final,Unknown,148,144,116,6,18,3,True
501270,1,Royal Challengers Bangalore,Mumbai Indians,2011.0,2011-05-27,"MA Chidambaram Stadium, Chepauk",Chennai,Royal Challengers Bangalore,,Mumbai Indians,field,CH Gayle,Qualifier 2,Unknown,185,171,120,4,13,8,True
501270,2,Mumbai Indians,Royal Challengers Bangalore,2011.0,2011-05-27,"MA Chidambaram Stadium, Chepauk",Chennai,Royal Challengers Bangalore,,Mumbai Indians,field,CH Gayle,Qualifier 2,Unknown,142,138,120,8,13,4,True
501271,1,Chennai Super Kings,Royal Challengers Bangalore,2011.0,2011-05-28,"MA Chidambaram Stadium, Chepauk",Chennai,Chennai Super Kings,,Chennai Super Kings,bat,M Vijay,Final,Unknown,205,196,120,5,7,13,True
501271,2,Royal Challengers Bangalore,Chennai Super Kings,2011.0,2011-05-28,"MA Chidambaram Stadium, Chepauk",Chennai,Chennai Super Kings,,Chennai Super Kings,bat,M Vijay,Final,Unknown,147,141,120,8,11,4,True
548306,1,Chennai Super Kings,Mumbai Indians,2012.0,2012-04-04,"MA Chidambaram Stadium, Chepauk",Chennai,Mumbai Indians,,Mumbai Indians,field,RE Levi,Unknown,Unknown,112,100,119,10,6,1,True
548306,2,Mumbai Indians,Chennai Super Kings,2012.0,2012-04-04,"MA Chidambaram Stadium, Chepauk",Chennai,Mumbai Indians,,Mumbai Indians,field,RE Levi,Unknown,Unknown,115,109,101,2,9,5,True
548307,1,Kolkata Knight Riders,Delhi Daredevils,2012.0,2012-04-05,Eden Gardens,Kolkata,Delhi Daredevils,,Delhi Daredevils,field,IK Pathan,Unknown,Unknown,97,90,72,9,6,5,True
548307,2,Delhi Daredevils,Kolkata Knight Riders,2012.0,2012-04-05,Eden Gardens,Kolkata,Delhi Daredevils,,Delhi Daredevils,field,IK Pathan,Unknown,Unknown,100,95,67,2,8,4,True
548308,1,Pune Warriors,Mumbai Indians,2012.0,2012-04-06,Wankhede Stadium,Mumbai,Pune Warriors,,Mumbai Indians,field,SPD Smith,Unknown,Unknown,129,121,120,9,11,1,True
548308,2,Mumbai Indians,Pune Warriors,2012.0,2012-04-06,Wankhede Stadium,Mumbai,Pune Warriors,,Mumbai Indians,field,SPD Smith,Unknown,Unknown,101,96,120,9,8,2,True
548309,1,Rajasthan Royals,Kings XI Punjab,2012.0,2012-04-06,Sawai Mansingh Stadium,Jaipur,Rajasthan Royals,,Kings XI Punjab,field,AM Rahane,Unknown,Unknown,191,172,120,4,23,3,True
548309,2,Kings XI Punjab,Rajasthan Royals,2012.0,2012-04-06,Sawai Mansingh Stadium,Jaipur,Rajasthan Royals,,Kings XI Punjab,field,AM Rahane,Unknown,Unknown,160,154,120,9,14,4,True
548310,1,Royal Challengers Bangalore,Delhi Daredevils,2012.0,2012-04-07,M Chinnaswamy Stadium,Bangalore,Royal Challengers Bangalore,,Delhi Daredevils,field,AB de Villiers,Unknown,Unknown,157,151,120,8,14,5,True
548310,2,Delhi Daredevils,Royal Challengers Bangalore,2012.0,2012-04-07,M Chinnaswamy Stadium,Bangalore,Royal Challengers Bangalore,,Delhi Daredevils,field,AB de Villiers,Unknown,Unknown,137,133,120,7,13,2,True
548311,1,Chennai Super Kings,Deccan Chargers,2012.0,2012-04-07,Dr. Y.S. Rajasekhara Reddy ACA-VDCA Cricket Stadium,Visakhapatnam,Chennai Super Kings,,Deccan Chargers,field,RA Jadeja,Unknown,Unknown,193,182,120,6,10,12,True
548311,2,Deccan Chargers,Chennai Super Kings,2012.0,2012-04-07,Dr. Y.S. Rajasekhara Reddy ACA-VDCA Cricket Stadium,Visakhapatnam,Chennai Super Kings,,Deccan Chargers,field,RA Jadeja,Unknown,Unknown,119,115,103,10,11,4,True
548312,1,Rajasthan Royals,Kolkata Knight Riders,2012.0,2012-04-08,Sawai Mansingh Stadium,Jaipur,Rajasthan Royals,,Kolkata Knight Riders,field,BJ Hodge,Unknown,Unknown,164,161,120,5,13,6,True
548312,2,Kolkata Knight Riders,Rajasthan Royals,2012.0,2012-04-08,Sawai Mansingh Stadium,Jaipur,Rajasthan Royals,,Kolkata Knight Riders,field,BJ Hodge,Unknown,Unknown,142,135,120,10,10,5,True
548313,1,Pune Warriors,Kings XI Punjab,2012.0,2012-04-08,Subrata Roy Sahara Stadium,Pune,Pune Warriors,,Pune Warriors,bat,MN Samuels,Unknown,Unknown,166,154,120,6,10,8,True
548313,2,Kings XI Punjab,Pune Warriors,2012.0,2012-04-08,Subrata Roy Sahara Stadium,Pune,Pune Warriors,,Pune Warriors,bat,MN Samuels,Unknown,Unknown,144,133,120,8,11,4,True
548314,1,Deccan Chargers,Mumbai Indians,2012.0,2012-04-09,Dr. Y.S. Rajasekhara Reddy ACA-VDCA Cricket Stadium,Visakhapatnam,Mumbai Indians,,Deccan Chargers,bat,RG Sharma,Unknown,Unknown,138,133,120,9,6,8,True
548314,2,Mumbai Indians,Deccan Chargers,2012.0,2012-04-09,Dr. Y.S. Rajasekhara Reddy ACA-VDCA Cricket Stadium,Visakhapatnam,Mumbai Indians,,Deccan Chargers,bat,RG Sharma,Unknown,Unknown,142,138,120,5,8,8,True
548315,1,Kolkata Knight Riders,Royal Challengers Bangalore,2012.0,2012-04-10,M Chinnaswamy Stadium,Bangalore,Kolkata Knight Riders,,Royal Challengers Bangalore,field,L Balaji,Unknown,Unknown,165,159,120,8,15,6,True
548315,2,Royal Challengers Bangalore,Kolkata Knight Riders,2012.0,2012-04-10,M Chinnaswamy Stadium,Bangalore,Kolkata Knight Riders,,Royal Challengers Bangalore,field,L Balaji,Unknown,Unknown,123,113,120,9,8,3,True
548316,1,Chennai Super Kings,Delhi Daredevils,2012.0,2012-04-10,Feroz Shah Kotla,Delhi,Delhi Daredevils,,Delhi Daredevils,field,M Morkel,Unknown,Unknown,110,104,120,8,7,3,True
548316,2,Delhi Daredevils,Chennai Super Kings,2012.0,2012-04-10,Feroz Shah Kotla,Delhi,Delhi Daredevils,,Delhi Daredevils,field,M Morkel,Unknown,Unknown,111,110,80,2,11,3,True
548317,1,Mumbai Indians,Rajasthan Royals,2012.0,2012-04-11,Wankhede Stadium,Mumbai,Mumbai Indians,,Rajasthan Royals,field,KA Pollard,Unknown,Unknown,197,191,120,6,14,12,True
548317,2,Rajasthan Royals,Mumbai Indians,2012.0,2012-04-11,Wankhede Stadium,Mumbai,Mumbai Indians,,Rajasthan Royals,field,KA Pollard,Unknown,Unknown,170,166,118,10,12,10,True
548318,1,Royal Challengers Bangalore,Chennai Super Kings,2012.0,2012-04-12,"MA Chidambaram Stadium, Chepauk",Chennai,Chennai Super Kings,,Royal Challengers Bangalore,bat,F du Plessis,Unknown,Unknown,205,189,120,8,14,12,True
548318,2,Chennai Super Kings,Royal Challengers Bangalore,2012.0,2012-04-12,"MA Chidambaram Stadium, Chepauk",Chennai,Chennai Super Kings,,Royal Challengers Bangalore,bat,F du Plessis,Unknown,Unknown,208,203,120,5,15,11,True
548319,1,Pune Warriors,Kings XI Punjab,2012.0,2012-04-12,"Punjab Cricket Association Stadium, Mohali",Chandigarh,Kings XI Punjab,,Kings XI Punjab,field,AD Mascarenhas,Unknown,Unknown,115,103,114,10,10,2,True
548319,2,Kings XI Punjab,Pune Warriors,2012.0,2012-04-12,"Punjab Cricket Association Stadium, Mohali",Chandigarh,Kings XI Punjab,,Kings XI Punjab,field,AD Mascarenhas,Unknown,Unknown,116,116,106,3,14,1,True
548320,1,Rajasthan Royals,Kolkata Knight Riders,2012.0,2012-04-13,Eden Gardens,Kolkata,Kolkata Knight Riders,,Rajasthan Royals,bat,Shakib Al Hasan,Unknown,Unknown,131,121,120,5,13,2,True
548320,2,Kolkata Knight Riders,Rajasthan Royals,2012.0,2012-04-13,Eden Gardens,Kolkata,Kolkata Knight Riders,,Rajasthan Royals,bat,Shakib Al Hasan,Unknown,Unknown,137,125,116,5,11,3,True
548321,1,Deccan Chargers,Delhi Daredevils,2012.0,2012-04-19,Feroz Shah Kotla,Delhi,Delhi Daredevils,,Deccan Chargers,bat,KP Pietersen,Unknown,Unknown,157,151,120,8,15,3,True
548321,2,Delhi Daredevils,Deccan Chargers,2012.0,2012-04-19,Feroz Shah Kotla,Delhi,Delhi Daredevils,,Deccan Chargers,bat,KP Pietersen,Unknown,Unknown,162,158,115,5,12,9,True
548322,1,Chennai Super Kings,Pune Warriors,2012.0,2012-04-14,Subrata Roy Sahara Stadium,Pune,Pune Warriors,,Chennai Super Kings,bat,JD Ryder,Unknown,Unknown,155,149,120,5,13,4,True
548322,2,Pune Warriors,Chennai Super Kings,2012.0,2012-04-14,Subrata Roy Sahara Stadium,Pune,Pune Warriors,,Chennai Super Kings,bat,JD Ryder,Unknown,Unknown,156,151,116,3,12,5,True
548323,1,Kings XI Punjab,Kolkata Knight Riders,2012.0,2012-04-15,Eden Gardens,Kolkata,Kings XI Punjab,,Kolkata Knight Riders,field,SP Narine,Unknown,Unknown,134,127,120,9,7,5,True
548323,2,Kolkata Knight Riders,Kings XI Punjab,2012.0,2012-04-15,Eden Gardens,Kolkata,Kings XI Punjab,,Kolkata Knight Riders,field,SP Narine,Unknown,Unknown,132,123,120,7,10,2,True
548324,1,Rajasthan Royals,Royal Challengers Bangalore,2012.0,2012-04-15,M Chinnaswamy Stadium,Bangalore,Rajasthan Royals,,Rajasthan Royals,bat,AM Rahane,Unknown,Unknown,195,189,120,2,19,10,True
548324,2,Royal Challengers Bangalore,Rajasthan Royals,2012.0,2012-04-15,M Chinnaswamy Stadium,Bangalore,Rajasthan Royals,,Rajasthan Royals,bat,AM Rahane,Unknown,Unknown,136,133,119,10,10,5,True
548325,1,Mumbai Indians,Delhi Daredevils,2012.0,2012-04-16,Wankhede Stadium,Mumbai,Delhi Daredevils,,Delhi Daredevils,field,S Nadeem,Unknown,Unknown,92,83,116,10,10,1,True
548325,2,Delhi Daredevils,Mumbai Indians,2012.0,2012-04-16,Wankhede Stadium,Mumbai,Delhi Daredevils,,Delhi Daredevils,field,S Nadeem,Unknown,Unknown,93,82,89,3,7,1,True
548326,1,Deccan Chargers,Rajasthan Royals,2012.0,2012-04-17,Sawai Mansingh Stadium,Jaipur,Rajasthan Royals,,Deccan Chargers,bat,BJ Hodge,Unknown,Unknown,196,183,120,2,18,7,True
548326,2,Rajasthan Royals,Deccan Chargers,2012.0,2012-04-17,Sawai Mansingh Stadium,Jaipur,Rajasthan Royals,,Deccan Chargers,bat,BJ Hodge,Unknown,Unknown,197,191,118,5,22,6,True
548327,1,Pune Warriors,Royal Challengers Bangalore,2012.0,2012-04-17,M Chinnaswamy Stadium,Bangalore,Royal Challengers Bangalore,,Pune Warriors,bat,CH Gayle,Unknown,Unknown,182,175,120,6,15,7,True
548327,2,Royal Challengers Bangalore,Pune Warriors,2012.0,2012-04-17,M Chinnaswamy Stadium,Bangalore,Royal Challengers Bangalore,,Pune Warriors,bat,CH Gayle,Unknown,Unknown,186,179,120,4,8,14,True
548328,1,Kings XI Punjab,Kolkata Knight Riders,2012.0,2012-04-18,"Punjab Cricket Association Stadium, Mohali",Chandigarh,Kolkata Knight Riders,,Kings XI Punjab,bat,G Gambhir,Unknown,Unknown,124,121,120,7,9,1,True
548328,2,Kolkata Knight Riders,Kings XI Punjab,2012.0,2012-04-18,"Punjab Cricket Association Stadium, Mohali",Chandigarh,Kolkata Knight Riders,,Kings XI Punjab,bat,G Gambhir,Unknown,Unknown,127,122,99,2,12,3,True
548329,1,Deccan Chargers,Delhi Daredevils,2012.0,2012-05-10,"Rajiv Gandhi International Stadium, Uppal",Hyderabad,Delhi Daredevils,,Deccan Chargers,bat,DA Warner,Unknown,Unknown,187,185,120,4,23,7,True
548329,2,Delhi Daredevils,Deccan Chargers,2012.0,2012-05-10,"Rajiv Gandhi International Stadium, Uppal",Hyderabad,Delhi Daredevils,,Deccan Chargers,bat,DA Warner,Unknown,Unknown,193,177,100,1,13,12,True
548330,1,Chennai Super Kings,Pune Warriors,2012.0,2012-04-19,"MA Chidambaram Stadium, Chepauk",Chennai,Chennai Super Kings,,Pune Warriors,field,KMDN Kulasekara,Unknown,Unknown,164,162,120,5,15,5,True
548330,2,Pune Warriors,Chennai Super Kings,2012.0,2012-04-19,"MA Chidambaram Stadium, Chepauk",Chennai,Chennai Super Kings,,Pune Warriors,field,KMDN Kulasekara,Unknown,Unknown,151,136,120,7,11,2,True
548331,1,Kings XI Punjab,Royal Challengers Bangalore,2012.0,2012-04-20,"Punjab Cricket Association Stadium, Mohali",Chandigarh,Royal Challengers Bangalore,,Royal Challengers Bangalore,field,CH Gayle,Unknown,Unknown,163,155,120,6,13,3,True
548331,2,Royal Challengers Bangalore,Kings XI Punjab,2012.0,2012-04-20,"Punjab Cricket Association Stadium, Mohali",Chandigarh,Royal Challengers Bangalore,,Royal Challengers Bangalore,field,CH Gayle,Unknown,Unknown,166,158,117,5,16,4,True
548332,1,Rajasthan Royals,Chennai Super Kings,2012.0,2012-04-21,"MA Chidambaram Stadium, Chepauk",Chennai,Chennai Super Kings,,Rajasthan Royals,bat,F du Plessis,Unknown,Unknown,146,132,120,4,12,5,True
548332,2,Chennai Super Kings,Rajasthan Royals,2012.0,2012-04-21,"MA Chidambaram Stadium, Chepauk",Chennai,Chennai Super Kings,,Rajasthan Royals,bat,F du Plessis,Unknown,Unknown,147,145,120,3,12,2,True
548333,1,Pune Warriors,Delhi Daredevils,2012.0,2012-04-21,Feroz Shah Kotla,Delhi,Pune Warriors,,Delhi Daredevils,field,SC Ganguly,Unknown,Unknown,192,177,120,3,19,7,True
548333,2,Delhi Daredevils,Pune Warriors,2012.0,2012-04-21,Feroz Shah Kotla,Delhi,Pune Warriors,,Delhi Daredevils,field,SC Ganguly,Unknown,Unknown,172,167,120,7,12,9,True
548334,1,Mumbai Indians,Kings XI Punjab,2012.0,2012-04-22,Wankhede Stadium,Mumbai,Kings XI Punjab,,Mumbai Indians,bat,SE Marsh,Unknown,Unknown,163,157,120,6,16,4,True
548334,2,Kings XI Punjab,Mumbai Indians,2012.0,2012-04-22,Wankhede Stadium,Mumbai,Kings XI Punjab,,Mumbai Indians,bat,SE Marsh,Unknown,Unknown,164,158,117,4,15,4,True
548335,1,Deccan Chargers,Kolkata Knight Riders,2012.0,2012-04-22,Barabati Stadium,Cuttack,Kolkata Knight Riders,,Kolkata Knight Riders,field,B Lee,Unknown,Unknown,126,123,120,7,9,2,True
548335,2,Kolkata Knight Riders,Deccan Chargers,2012.0,2012-04-22,Barabati Stadium,Cuttack,Kolkata Knight Riders,,Kolkata Knight Riders,field,B Lee,Unknown,Unknown,127,118,114,5,12,1,True
548336,1,Royal Challengers Bangalore,Rajasthan Royals,2012.0,2012-04-23,Sawai Mansingh Stadium,Jaipur,Royal Challengers Bangalore,,Rajasthan Royals,field,AB de Villiers,Unknown,Unknown,189,170,120,3,17,6,True
548336,2,Rajasthan Royals,Royal Challengers Bangalore,2012.0,2012-04-23,Sawai Mansingh Stadium,Jaipur,Royal Challengers Bangalore,,Rajasthan Royals,field,AB de Villiers,Unknown,Unknown,143,133,120,7,15,1,True
548337,1,Pune Warriors,Delhi Daredevils,2012.0,2012-04-24,Subrata Roy Sahara Stadium,Pune,Delhi Daredevils,,Pune Warriors,bat,V Sehwag,Unknown,Unknown,146,141,120,2,13,3,True
548337,2,Delhi Daredevils,Pune Warriors,2012.0,2012-04-24,Subrata Roy Sahara Stadium,Pune,Delhi Daredevils,,Pune Warriors,bat,V Sehwag,Unknown,Unknown,148,141,96,2,14,5,True
548339,1,Kings XI Punjab,Mumbai Indians,2012.0,2012-04-25,"Punjab Cricket Association Stadium, Mohali",Chandigarh,Mumbai Indians,,Kings XI Punjab,bat,AT Rayudu,Unknown,Unknown,168,158,120,3,12,7,True
548339,2,Mumbai Indians,Kings XI Punjab,2012.0,2012-04-25,"Punjab Cricket Association Stadium, Mohali",Chandigarh,Mumbai Indians,,Kings XI Punjab,bat,AT Rayudu,Unknown,Unknown,171,162,119,6,13,6,True
548341,1,Deccan Chargers,Pune Warriors,2012.0,2012-04-26,Subrata Roy Sahara Stadium,Pune,Deccan Chargers,,Deccan Chargers,bat,CL White,Unknown,Unknown,177,166,120,4,11,8,True
548341,2,Pune Warriors,Deccan Chargers,2012.0,2012-04-26,Subrata Roy Sahara Stadium,Pune,Deccan Chargers,,Deccan Chargers,bat,CL White,Unknown,Unknown,159,150,120,7,9,9,True
548342,1,Delhi Daredevils,Mumbai Indians,2012.0,2012-04-27,Feroz Shah Kotla,Delhi,Delhi Daredevils,,Mumbai Indians,field,V Sehwag,Unknown,Unknown,207,198,120,5,22,9,True
548342,2,Mumbai Indians,Delhi Daredevils,2012.0,2012-04-27,Feroz Shah Kotla,Delhi,Delhi Daredevils,,Mumbai Indians,field,V Sehwag,Unknown,Unknown,170,166,120,9,17,6,True
548343,1,Kings XI Punjab,Chennai Super Kings,2012.0,2012-04-28,"MA Chidambaram Stadium, Chepauk",Chennai,Kings XI Punjab,,Kings XI Punjab,bat,Mandeep Singh,Unknown,Unknown,156,151,120,8,14,4,True
548343,2,Chennai Super Kings,Kings XI Punjab,2012.0,2012-04-28,"MA Chidambaram Stadium, Chepauk",Chennai,Kings XI Punjab,,Kings XI Punjab,bat,Mandeep Singh,Unknown,Unknown,149,143,120,8,11,5,True
548344,1,Kolkata Knight Riders,Royal Challengers Bangalore,2012.0,2012-04-28,Eden Gardens,Kolkata,Kolkata Knight Riders,,Kolkata Knight Riders,bat,G Gambhir,Unknown,Unknown,190,185,120,4,18,9,True
548344,2,Royal Challengers Bangalore,Kolkata Knight Riders,2012.0,2012-04-28,Eden Gardens,Kolkata,Kolkata Knight Riders,,Kolkata Knight Riders,bat,G Gambhir,Unknown,Unknown,143,138,120,6,12,7,True
548345,1,Delhi Daredevils,Rajasthan Royals,2012.0,2012-04-29,Feroz Shah Kotla,Delhi,Delhi Daredevils,,Delhi Daredevils,bat,V Sehwag,Unknown,Unknown,152,144,120,6,13,5,True
548345,2,Rajasthan Royals,Delhi Daredevils,2012.0,2012-04-29,Feroz Shah Kotla,Delhi,Delhi Daredevils,,Delhi Daredevils,bat,V Sehwag,Unknown,Unknown,151,147,120,3,17,1,True
548346,1,Deccan Chargers,Mumbai Indians,2012.0,2012-04-29,Wankhede Stadium,Mumbai,Mumbai Indians,,Mumbai Indians,field,DW Steyn,Unknown,Unknown,100,95,112,10,8,2,True
548346,2,Mumbai Indians,Deccan Chargers,2012.0,2012-04-29,Wankhede Stadium,Mumbai,Mumbai Indians,,Mumbai Indians,field,DW Steyn,Unknown,Unknown,101,91,109,5,7,1,True
548347,1,Chennai Super Kings,Kolkata Knight Riders,2012.0,2012-04-30,"MA Chidambaram Stadium, Chepauk",Chennai,Kolkata Knight Riders,,Chennai Super Kings,bat,G Gambhir,Unknown,Unknown,139,133,120,5,8,2,True
548347,2,Kolkata Knight Riders,Chennai Super Kings,2012.0,2012-04-30,"MA Chidambaram Stadium, Chepauk",Chennai,Kolkata Knight Riders,,Chennai Super Kings,bat,G Gambhir,Unknown,Unknown,140,127,118,5,10,2,True
548348,1,Deccan Chargers,Pune Warriors,2012.0,2012-05-01,Barabati Stadium,Cuttack,Deccan Chargers,,Deccan Chargers,bat,KC Sangakkara,Unknown,Unknown,186,175,120,4,16,6,True
548348,2,Pune Warriors,Deccan Chargers,2012.0,2012-05-01,Barabati Stadium,Cuttack,Deccan Chargers,,Deccan Chargers,bat,KC Sangakkara,Unknown,Unknown,173,167,120,5,16,5,True
548349,1,Rajasthan Royals,Delhi Daredevils,2012.0,2012-05-01,Sawai Mansingh Stadium,Jaipur,Delhi Daredevils,,Rajasthan Royals,bat,P Negi,Unknown,Unknown,141,136,120,6,16,1,True
548349,2,Delhi Daredevils,Rajasthan Royals,2012.0,2012-05-01,Sawai Mansingh Stadium,Jaipur,Delhi Daredevils,,Rajasthan Royals,bat,P Negi,Unknown,Unknown,144,135,92,4,18,3,True
548350,1,Royal Challengers Bangalore,Kings XI Punjab,2012.0,2012-05-02,M Chinnaswamy Stadium,Bangalore,Kings XI Punjab,,Kings XI Punjab,field,Azhar Mahmood,Unknown,Unknown,158,152,120,5,11,8,True
548350,2,Kings XI Punjab,Royal Challengers Bangalore,2012.0,2012-05-02,M Chinnaswamy Stadium,Bangalore,Kings XI Punjab,,Kings XI Punjab,field,Azhar Mahmood,Unknown,Unknown,163,159,119,6,14,6,True
548351,1,Mumbai Indians,Pune Warriors,2012.0,2012-05-03,Subrata Roy Sahara Stadium,Pune,Mumbai Indians,,Mumbai Indians,bat,SL Malinga,Unknown,Unknown,120,109,120,9,10,2,True
548351,2,Pune Warriors,Mumbai Indians,2012.0,2012-05-03,Subrata Roy Sahara Stadium,Pune,Mumbai Indians,,Mumbai Indians,bat,SL Malinga,Unknown,Unknown,119,113,120,6,12,1,True
548352,1,Chennai Super Kings,Deccan Chargers,2012.0,2012-05-04,"MA Chidambaram Stadium, Chepauk",Chennai,Chennai Super Kings,,Chennai Super Kings,bat,SK Raina,Unknown,Unknown,160,152,120,6,9,4,True
548352,2,Deccan Chargers,Chennai Super Kings,2012.0,2012-05-04,"MA Chidambaram Stadium, Chepauk",Chennai,Chennai Super Kings,,Chennai Super Kings,bat,SK Raina,Unknown,Unknown,150,146,120,5,14,3,True
548353,1,Kolkata Knight Riders,Pune Warriors,2012.0,2012-05-05,Eden Gardens,Kolkata,Kolkata Knight Riders,,Kolkata Knight Riders,bat,SP Narine,Unknown,Unknown,150,131,120,5,9,4,True
548353,2,Pune Warriors,Kolkata Knight Riders,2012.0,2012-05-05,Eden Gardens,Kolkata,Kolkata Knight Riders,,Kolkata Knight Riders,bat,SP Narine,Unknown,Unknown,143,133,120,8,11,4,True
548354,1,Rajasthan Royals,Kings XI Punjab,2012.0,2012-05-05,"Punjab Cricket Association Stadium, Mohali",Chandigarh,Rajasthan Royals,,Rajasthan Royals,bat,SR Watson,Unknown,Unknown,177,171,120,6,18,6,True
548354,2,Kings XI Punjab,Rajasthan Royals,2012.0,2012-05-05,"Punjab Cricket Association Stadium, Mohali",Chandigarh,Rajasthan Royals,,Rajasthan Royals,bat,SR Watson,Unknown,Unknown,134,122,120,8,13,3,True
548355,1,Chennai Super Kings,Mumbai Indians,2012.0,2012-05-06,Wankhede Stadium,Mumbai,Mumbai Indians,,Mumbai Indians,field,DR Smith,Unknown,Unknown,173,164,120,8,13,8,True
548355,2,Mumbai Indians,Chennai Super Kings,2012.0,2012-05-06,Wankhede Stadium,Mumbai,Mumbai Indians,,Mumbai Indians,field,DR Smith,Unknown,Unknown,174,171,120,8,21,5,True
548356,1,Deccan Chargers,Royal Challengers Bangalore,2012.0,2012-05-06,M Chinnaswamy Stadium,Bangalore,Royal Challengers Bangalore,,Royal Challengers Bangalore,field,AB de Villiers,Unknown,Unknown,181,175,120,2,15,9,True
548356,2,Royal Challengers Bangalore,Deccan Chargers,2012.0,2012-05-06,M Chinnaswamy Stadium,Bangalore,Royal Challengers Bangalore,,Royal Challengers Bangalore,field,AB de Villiers,Unknown,Unknown,185,179,113,5,17,9,True
548357,1,Delhi Daredevils,Kolkata Knight Riders,2012.0,2012-05-07,Feroz Shah Kotla,Delhi,Kolkata Knight Riders,,Delhi Daredevils,bat,JH Kallis,Unknown,Unknown,153,139,120,9,13,4,True
548357,2,Kolkata Knight Riders,Delhi Daredevils,2012.0,2012-05-07,Feroz Shah Kotla,Delhi,Kolkata Knight Riders,,Delhi Daredevils,bat,JH Kallis,Unknown,Unknown,154,138,112,4,14,1,True
548358,1,Pune Warriors,Rajasthan Royals,2012.0,2012-05-08,Subrata Roy Sahara Stadium,Pune,Rajasthan Royals,,Pune Warriors,bat,SR Watson,Unknown,Unknown,125,115,120,6,5,2,True
548358,2,Rajasthan Royals,Pune Warriors,2012.0,2012-05-08,Subrata Roy Sahara Stadium,Pune,Rajasthan Royals,,Pune Warriors,bat,SR Watson,Unknown,Unknown,126,126,98,3,13,4,True
548359,1,Kings XI Punjab,Deccan Chargers,2012.0,2012-05-08,"Rajiv Gandhi International Stadium, Uppal",Hyderabad,Kings XI Punjab,,Deccan Chargers,field,Mandeep Singh,Unknown,Unknown,170,163,120,5,17,5,True
548359,2,Deccan Chargers,Kings XI Punjab,2012.0,2012-05-08,"Rajiv Gandhi International Stadium, Uppal",Hyderabad,Kings XI Punjab,,Deccan Chargers,field,Mandeep Singh,Unknown,Unknown,145,133,120,8,10,4,True
548360,1,Mumbai Indians,Royal Challengers Bangalore,2012.0,2012-05-09,Wankhede Stadium,Mumbai,Royal Challengers Bangalore,,Royal Challengers Bangalore,field,CH Gayle,Unknown,Unknown,141,134,120,6,12,3,True
548360,2,Royal Challengers Bangalore,Mumbai Indians,2012.0,2012-05-09,Wankhede Stadium,Mumbai,Royal Challengers Bangalore,,Royal Challengers Bangalore,field,CH Gayle,Unknown,Unknown,142,137,108,1,9,8,True
548361,1,Rajasthan Royals,Chennai Super Kings,2012.0,2012-05-10,Sawai Mansingh Stadium,Jaipur,Chennai Super Kings,,Chennai Super Kings,field,BW Hilfenhaus,Unknown,Unknown,126,114,120,6,12,2,True
548361,2,Chennai Super Kings,Rajasthan Royals,2012.0,2012-05-10,Sawai Mansingh Stadium,Jaipur,Chennai Super Kings,,Chennai Super Kings,field,BW Hilfenhaus,Unknown,Unknown,127,114,109,6,11,5,True
548362,1,Royal Challengers Bangalore,Pune Warriors,2012.0,2012-05-11,Subrata Roy Sahara Stadium,Pune,Royal Challengers Bangalore,,Pune Warriors,field,CH Gayle,Unknown,Unknown,173,164,120,3,13,9,True
548362,2,Pune Warriors,Royal Challengers Bangalore,2012.0,2012-05-11,Subrata Roy Sahara Stadium,Pune,Royal Challengers Bangalore,,Pune Warriors,field,CH Gayle,Unknown,Unknown,138,134,120,9,14,2,True
548363,1,Mumbai Indians,Kolkata Knight Riders,2012.0,2012-05-12,Eden Gardens,Kolkata,Mumbai Indians,,Mumbai Indians,bat,RG Sharma,Unknown,Unknown,182,177,120,1,19,7,True
548363,2,Kolkata Knight Riders,Mumbai Indians,2012.0,2012-05-12,Eden Gardens,Kolkata,Mumbai Indians,,Mumbai Indians,bat,RG Sharma,Unknown,Unknown,155,151,120,4,14,4,True
548364,1,Delhi Daredevils,Chennai Super Kings,2012.0,2012-05-12,"MA Chidambaram Stadium, Chepauk",Chennai,Chennai Super Kings,,Chennai Super Kings,field,BW Hilfenhaus,Unknown,Unknown,114,107,120,5,4,3,True
548364,2,Chennai Super Kings,Delhi Daredevils,2012.0,2012-05-12,"MA Chidambaram Stadium, Chepauk",Chennai,Chennai Super Kings,,Chennai Super Kings,field,BW Hilfenhaus,Unknown,Unknown,115,114,92,1,11,4,True
548365,1,Rajasthan Royals,Pune Warriors,2012.0,2012-05-13,Sawai Mansingh Stadium,Jaipur,Rajasthan Royals,,Rajasthan Royals,bat,A Chandila,Unknown,Unknown,170,167,120,4,18,4,True
548365,2,Pune Warriors,Rajasthan Royals,2012.0,2012-05-13,Sawai Mansingh Stadium,Jaipur,Rajasthan Royals,,Rajasthan Royals,bat,A Chandila,Unknown,Unknown,125,121,120,9,12,0,True
548366,1,Deccan Chargers,Kings XI Punjab,2012.0,2012-05-13,"Punjab Cricket Association Stadium, Mohali",Chandigarh,Kings XI Punjab,,Deccan Chargers,bat,DJ Hussey,Unknown,Unknown,190,181,120,4,15,6,True
548366,2,Kings XI Punjab,Deccan Chargers,2012.0,2012-05-13,"Punjab Cricket Association Stadium, Mohali",Chandigarh,Kings XI Punjab,,Deccan Chargers,bat,DJ Hussey,Unknown,Unknown,194,186,120,6,20,7,True
548367,1,Royal Challengers Bangalore,Mumbai Indians,2012.0,2012-05-14,M Chinnaswamy Stadium,Bangalore,Mumbai Indians,,Mumbai Indians,field,AT Rayudu,Unknown,Unknown,171,157,120,6,12,8,True
548367,2,Mumbai Indians,Royal Challengers Bangalore,2012.0,2012-05-14,M Chinnaswamy Stadium,Bangalore,Mumbai Indians,,Mumbai Indians,field,AT Rayudu,Unknown,Unknown,173,162,118,5,16,7,True
548368,1,Kolkata Knight Riders,Chennai Super Kings,2012.0,2012-05-14,Eden Gardens,Kolkata,Chennai Super Kings,,Chennai Super Kings,field,MEK Hussey,Unknown,Unknown,158,155,120,6,13,7,True
548368,2,Chennai Super Kings,Kolkata Knight Riders,2012.0,2012-05-14,Eden Gardens,Kolkata,Chennai Super Kings,,Chennai Super Kings,field,MEK Hussey,Unknown,Unknown,160,155,120,5,13,7,True
548369,1,Kings XI Punjab,Delhi Daredevils,2012.0,2012-05-15,Feroz Shah Kotla,Delhi,Delhi Daredevils,,Kings XI Punjab,bat,UT Yadav,Unknown,Unknown,136,132,120,8,19,1,True
548369,2,Delhi Daredevils,Kings XI Punjab,2012.0,2012-05-15,Feroz Shah Kotla,Delhi,Delhi Daredevils,,Kings XI Punjab,bat,UT Yadav,Unknown,Unknown,140,138,114,5,18,3,True
548370,1,Kolkata Knight Riders,Mumbai Indians,2012.0,2012-05-16,Wankhede Stadium,Mumbai,Kolkata Knight Riders,,Mumbai Indians,field,SP Narine,Unknown,Unknown,140,126,120,7,12,3,True
548370,2,Mumbai Indians,Kolkata Knight Riders,2012.0,2012-05-16,Wankhede Stadium,Mumbai,Kolkata Knight Riders,,Mumbai Indians,field,SP Narine,Unknown,Unknown,108,104,115,10,9,3,True
548371,1,Chennai Super Kings,Kings XI Punjab,2012.0,2012-05-17,Himachal Pradesh Cricket Association Stadium,Dharamsala,Kings XI Punjab,,Kings XI Punjab,field,AC Gilchrist,Unknown,Unknown,120,116,120,7,9,6,True
548371,2,Kings XI Punjab,Chennai Super Kings,2012.0,2012-05-17,Himachal Pradesh Cricket Association Stadium,Dharamsala,Kings XI Punjab,,Kings XI Punjab,field,AC Gilchrist,Unknown,Unknown,123,118,99,4,18,2,True
548372,1,Royal Challengers Bangalore,Delhi Daredevils,2012.0,2012-05-17,Feroz Shah Kotla,Delhi,Royal Challengers Bangalore,,Delhi Daredevils,field,CH Gayle,Unknown,Unknown,215,211,120,1,18,14,True
548372,2,Delhi Daredevils,Royal Challengers Bangalore,2012.0,2012-05-17,Feroz Shah Kotla,Delhi,Royal Challengers Bangalore,,Delhi Daredevils,field,CH Gayle,Unknown,Unknown,194,187,120,9,18,8,True
548373,1,Rajasthan Royals,Deccan Chargers,2012.0,2012-05-18,"Rajiv Gandhi International Stadium, Uppal",Hyderabad,Deccan Chargers,,Rajasthan Royals,bat,DW Steyn,Unknown,Unknown,126,119,120,8,10,2,True
548373,2,Deccan Chargers,Rajasthan Royals,2012.0,2012-05-18,"Rajiv Gandhi International Stadium, Uppal",Hyderabad,Deccan Chargers,,Rajasthan Royals,bat,DW Steyn,Unknown,Unknown,128,119,112,5,10,3,True
548374,1,Kings XI Punjab,Delhi Daredevils,2012.0,2012-05-19,Himachal Pradesh Cricket Association Stadium,Dharamsala,Delhi Daredevils,,Delhi Daredevils,field,UT Yadav,Unknown,Unknown,141,133,120,8,16,4,True
548374,2,Delhi Daredevils,Kings XI Punjab,2012.0,2012-05-19,Himachal Pradesh Cricket Association Stadium,Dharamsala,Delhi Daredevils,,Delhi Daredevils,field,UT Yadav,Unknown,Unknown,145,136,110,4,15,7,True
548375,1,Kolkata Knight Riders,Pune Warriors,2012.0,2012-05-19,Subrata Roy Sahara Stadium,Pune,Kolkata Knight Riders,,Kolkata Knight Riders,bat,Shakib Al Hasan,Unknown,Unknown,136,129,120,4,12,2,True
548375,2,Pune Warriors,Kolkata Knight Riders,2012.0,2012-05-19,Subrata Roy Sahara Stadium,Pune,Kolkata Knight Riders,,Kolkata Knight Riders,bat,Shakib Al Hasan,Unknown,Unknown,102,92,120,8,1,2,True
548376,1,Deccan Chargers,Royal Challengers Bangalore,2012.0,2012-05-20,"Rajiv Gandhi International Stadium, Uppal",Hyderabad,Deccan Chargers,,Royal Challengers Bangalore,field,DW Steyn,Unknown,Unknown,132,122,120,7,7,5,True
548376,2,Royal Challengers Bangalore,Deccan Chargers,2012.0,2012-05-20,"Rajiv Gandhi International Stadium, Uppal",Hyderabad,Deccan Chargers,,Royal Challengers Bangalore,field,DW Steyn,Unknown,Unknown,123,120,120,9,7,6,True
548377,1,Rajasthan Royals,Mumbai Indians,2012.0,2012-05-20,Sawai Mansingh Stadium,Jaipur,Mumbai Indians,,Rajasthan Royals,bat,DR Smith,Unknown,Unknown,162,148,120,6,13,6,True
548377,2,Mumbai Indians,Rajasthan Royals,2012.0,2012-05-20,Sawai Mansingh Stadium,Jaipur,Mumbai Indians,,Rajasthan Royals,bat,DR Smith,Unknown,Unknown,163,145,108,0,16,3,True
548378,1,Kolkata Knight Riders,Delhi Daredevils,2012.0,2012-05-22,Subrata Roy Sahara Stadium,Pune,Kolkata Knight Riders,,Kolkata Knight Riders,bat,YK Pathan,Qualifier 1,Unknown,162,158,120,4,14,6,True
548378,2,Delhi Daredevils,Kolkata Knight Riders,2012.0,2012-05-22,Subrata Roy Sahara Stadium,Pune,Kolkata Knight Riders,,Kolkata Knight Riders,bat,YK Pathan,Qualifier 1,Unknown,144,130,120,8,14,3,True
548379,1,Chennai Super Kings,Mumbai Indians,2012.0,2012-05-23,M Chinnaswamy Stadium,Bangalore,Chennai Super Kings,,Mumbai Indians,field,MS Dhoni,Elimination Final,Unknown,187,182,120,5,23,6,True
548379,2,Mumbai Indians,Chennai Super Kings,2012.0,2012-05-23,M Chinnaswamy Stadium,Bangalore,Chennai Super Kings,,Mumbai Indians,field,MS Dhoni,Elimination Final,Unknown,149,138,120,9,14,5,True
548380,1,Chennai Super Kings,Delhi Daredevils,2012.0,2012-05-25,"MA Chidambaram Stadium, Chepauk",Chennai,Chennai Super Kings,,Delhi Daredevils,field,M Vijay,Qualifier 2,Unknown,222,216,120,5,24,9,True
548380,2,Delhi Daredevils,Chennai Super Kings,2012.0,2012-05-25,"MA Chidambaram Stadium, Chepauk",Chennai,Chennai Super Kings,,Delhi Daredevils,field,M Vijay,Qualifier 2,Unknown,136,125,101,10,7,7,True
548381,1,Chennai Super Kings,Kolkata Knight Riders,2012.0,2012-05-27,"MA Chidambaram Stadium, Chepauk",Chennai,Kolkata Knight Riders,,Chennai Super Kings,bat,MS Bisla,Final,Unknown,190,183,120,3,13,8,True
548381,2,Kolkata Knight Riders,Chennai Super Kings,2012.0,2012-05-27,"MA Chidambaram Stadium, Chepauk",Chennai,Kolkata Knight Riders,,Chennai Super Kings,bat,MS Bisla,Final,Unknown,192,184,118,5,18,6,True
597998,1,Delhi Daredevils,Kolkata Knight Riders,2013.0,2013-04-03,Eden Gardens,Kolkata,Kolkata Knight Riders,,Kolkata Knight Riders,field,SP Narine,Unknown,Unknown,128,123,120,10,15,1,True
597998,2,Kolkata Knight Riders,Delhi Daredevils,2013.0,2013-04-03,Eden Gardens,Kolkata,Kolkata Knight Riders,,Kolkata Knight Riders,field,SP Narine,Unknown,Unknown,129,123,112,4,14,2,True
597999,1,Royal Challengers Bangalore,Mumbai Indians,2013.0,2013-04-04,M Chinnaswamy Stadium,Bangalore,Royal Challengers Bangalore,,Mumbai Indians,field,CH Gayle,Unknown,Unknown,156,140,120,5,18,6,True
597999,2,Mumbai Indians,Royal Challengers Bangalore,2013.0,2013-04-04,M Chinnaswamy Stadium,Bangalore,Royal Challengers Bangalore,,Mumbai Indians,field,CH Gayle,Unknown,Unknown,154,146,120,5,11,5,True
598000,1,Sunrisers Hyderabad,Pune Warriors,2013.0,2013-04-05,"Rajiv Gandhi International Stadium, Uppal",Hyderabad,Sunrisers Hyderabad,,Pune Warriors,field,A Mishra,Unknown,Unknown,126,123,120,6,12,1,True
598000,2,Pune Warriors,Sunrisers Hyderabad,2013.0,2013-04-05,"Rajiv Gandhi International Stadium, Uppal",Hyderabad,Sunrisers Hyderabad,,Pune Warriors,field,A Mishra,Unknown,Unknown,104,102,113,10,6,2,True
598001,1,Rajasthan Royals,Delhi Daredevils,2013.0,2013-04-06,Feroz Shah Kotla,Delhi,Rajasthan Royals,,Rajasthan Royals,bat,R Dravid,Unknown,Unknown,165,156,120,7,14,5,True
598001,2,Delhi Daredevils,Rajasthan Royals,2013.0,2013-04-06,Feroz Shah Kotla,Delhi,Rajasthan Royals,,Rajasthan Royals,bat,R Dravid,Unknown,Unknown,160,149,120,6,13,3,True
598002,1,Mumbai Indians,Chennai Super Kings,2013.0,2013-04-06,"MA Chidambaram Stadium, Chepauk",Chennai,Mumbai Indians,,Mumbai Indians,bat,KA Pollard,Unknown,Unknown,148,139,120,6,10,7,True
598002,2,Chennai Super Kings,Mumbai Indians,2013.0,2013-04-06,"MA Chidambaram Stadium, Chepauk",Chennai,Mumbai Indians,,Mumbai Indians,bat,KA Pollard,Unknown,Unknown,139,132,120,9,11,4,True
598003,1,Pune Warriors,Kings XI Punjab,2013.0,2013-04-07,Subrata Roy Sahara Stadium,Pune,Kings XI Punjab,,Pune Warriors,bat,M Vohra,Unknown,Unknown,99,96,120,9,10,1,True
598003,2,Kings XI Punjab,Pune Warriors,2013.0,2013-04-07,Subrata Roy Sahara Stadium,Pune,Kings XI Punjab,,Pune Warriors,bat,M Vohra,Unknown,Unknown,100,97,74,2,14,1,True
598004,1,Royal Challengers Bangalore,Sunrisers Hyderabad,2013.0,2013-04-07,"Rajiv Gandhi International Stadium, Uppal",Hyderabad,Unknown,tie,Royal Challengers Bangalore,bat,GH Vihari,Unknown,Unknown,130,122,120,8,11,1,True
598004,2,Sunrisers Hyderabad,Royal Challengers Bangalore,2013.0,2013-04-07,"Rajiv Gandhi International Stadium, Uppal",Hyderabad,Unknown,tie,Royal Challengers Bangalore,bat,GH Vihari,Unknown,Unknown,130,114,120,7,7,1,True
598005,1,Rajasthan Royals,Kolkata Knight Riders,2013.0,2013-04-08,Sawai Mansingh Stadium,Jaipur,Rajasthan Royals,,Kolkata Knight Riders,field,SK Trivedi,Unknown,Unknown,144,135,120,6,17,2,True
598005,2,Kolkata Knight Riders,Rajasthan Royals,2013.0,2013-04-08,Sawai Mansingh Stadium,Jaipur,Rajasthan Royals,,Kolkata Knight Riders,field,SK Trivedi,Unknown,Unknown,125,114,114,10,8,4,True
598006,1,Mumbai Indians,Delhi Daredevils,2013.0,2013-04-09,Wankhede Stadium,Mumbai,Mumbai Indians,,Mumbai Indians,bat,KD Karthik,Unknown,Unknown,209,199,120,5,21,10,True
598006,2,Delhi Daredevils,Mumbai Indians,2013.0,2013-04-09,Wankhede Stadium,Mumbai,Mumbai Indians,,Mumbai Indians,bat,KD Karthik,Unknown,Unknown,165,155,120,9,15,5,True
598007,1,Kings XI Punjab,Chennai Super Kings,2013.0,2013-04-10,"Punjab Cricket Association Stadium, Mohali",Chandigarh,Chennai Super Kings,,Chennai Super Kings,field,MEK Hussey,Unknown,Unknown,138,130,119,10,15,1,True
598007,2,Chennai Super Kings,Kings XI Punjab,2013.0,2013-04-10,"Punjab Cricket Association Stadium, Mohali",Chandigarh,Chennai Super Kings,,Chennai Super Kings,field,MEK Hussey,Unknown,Unknown,139,136,104,0,14,3,True
598008,1,Kolkata Knight Riders,Royal Challengers Bangalore,2013.0,2013-04-11,M Chinnaswamy Stadium,Bangalore,Royal Challengers Bangalore,,Royal Challengers Bangalore,field,CH Gayle,Unknown,Unknown,154,148,120,8,17,2,True
598008,2,Royal Challengers Bangalore,Kolkata Knight Riders,2013.0,2013-04-11,M Chinnaswamy Stadium,Bangalore,Royal Challengers Bangalore,,Royal Challengers Bangalore,field,CH Gayle,Unknown,Unknown,158,148,105,2,11,12,True
598009,1,Rajasthan Royals,Pune Warriors,2013.0,2013-04-11,Subrata Roy Sahara Stadium,Pune,Pune Warriors,,Rajasthan Royals,bat,AJ Finch,Unknown,Unknown,145,138,120,5,17,1,True
598009,2,Pune Warriors,Rajasthan Royals,2013.0,2013-04-11,Subrata Roy Sahara Stadium,Pune,Pune Warriors,,Rajasthan Royals,bat,AJ Finch,Unknown,Unknown,148,142,112,3,11,8,True
598010,1,Delhi Daredevils,Sunrisers Hyderabad,2013.0,2013-04-12,Feroz Shah Kotla,Delhi,Sunrisers Hyderabad,,Delhi Daredevils,bat,A Mishra,Unknown,Unknown,114,107,120,8,7,3,True
598010,2,Sunrisers Hyderabad,Delhi Daredevils,2013.0,2013-04-12,Feroz Shah Kotla,Delhi,Sunrisers Hyderabad,,Delhi Daredevils,bat,A Mishra,Unknown,Unknown,115,112,116,7,13,1,True
598011,1,Mumbai Indians,Pune Warriors,2013.0,2013-04-13,Wankhede Stadium,Mumbai,Mumbai Indians,,Mumbai Indians,bat,RG Sharma,Unknown,Unknown,183,180,120,3,17,8,True
598011,2,Pune Warriors,Mumbai Indians,2013.0,2013-04-13,Wankhede Stadium,Mumbai,Mumbai Indians,,Mumbai Indians,bat,RG Sharma,Unknown,Unknown,142,137,120,8,11,5,True
598012,1,Royal Challengers Bangalore,Chennai Super Kings,2013.0,2013-04-13,"MA Chidambaram Stadium, Chepauk",Chennai,Chennai Super Kings,,Chennai Super Kings,field,RA Jadeja,Unknown,Unknown,165,157,120,6,13,4,True
598012,2,Chennai Super Kings,Royal Challengers Bangalore,2013.0,2013-04-13,"MA Chidambaram Stadium, Chepauk",Chennai,Chennai Super Kings,,Chennai Super Kings,field,RA Jadeja,Unknown,Unknown,166,158,119,6,13,4,True
598013,1,Kolkata Knight Riders,Sunrisers Hyderabad,2013.0,2013-04-14,Eden Gardens,Kolkata,Kolkata Knight Riders,,Kolkata Knight Riders,bat,G Gambhir,Unknown,Unknown,180,172,120,4,22,4,True
598013,2,Sunrisers Hyderabad,Kolkata Knight Riders,2013.0,2013-04-14,Eden Gardens,Kolkata,Kolkata Knight Riders,,Kolkata Knight Riders,bat,G Gambhir,Unknown,Unknown,132,120,120,7,7,3,True
598014,1,Kings XI Punjab,Rajasthan Royals,2013.0,2013-04-14,Sawai Mansingh Stadium,Jaipur,Rajasthan Royals,,Rajasthan Royals,field,JP Faulkner,Unknown,Unknown,124,114,113,10,12,2,True
598014,2,Rajasthan Royals,Kings XI Punjab,2013.0,2013-04-14,Sawai Mansingh Stadium,Jaipur,Rajasthan Royals,,Rajasthan Royals,field,JP Faulkner,Unknown,Unknown,126,117,116,4,17,0,True
598015,1,Pune Warriors,Chennai Super Kings,2013.0,2013-04-15,"MA Chidambaram Stadium, Chepauk",Chennai,Pune Warriors,,Pune Warriors,bat,SPD Smith,Unknown,Unknown,159,151,120,5,16,5,True
598015,2,Chennai Super Kings,Pune Warriors,2013.0,2013-04-15,"MA Chidambaram Stadium, Chepauk",Chennai,Pune Warriors,,Pune Warriors,bat,SPD Smith,Unknown,Unknown,135,133,120,8,10,3,True
598016,1,Kings XI Punjab,Kolkata Knight Riders,2013.0,2013-04-16,"Punjab Cricket Association Stadium, Mohali",Chandigarh,Kings XI Punjab,,Kolkata Knight Riders,field,MS Gony,Unknown,Unknown,157,151,120,9,16,3,True
598016,2,Kolkata Knight Riders,Kings XI Punjab,2013.0,2013-04-16,"Punjab Cricket Association Stadium, Mohali",Chandigarh,Kings XI Punjab,,Kolkata Knight Riders,field,MS Gony,Unknown,Unknown,153,141,120,9,17,2,True
598017,1,Delhi Daredevils,Royal Challengers Bangalore,2013.0,2013-04-16,M Chinnaswamy Stadium,Bangalore,Unknown,tie,Royal Challengers Bangalore,field,V Kohli,Unknown,Unknown,152,147,120,5,17,2,True
598017,2,Royal Challengers Bangalore,Delhi Daredevils,2013.0,2013-04-16,M Chinnaswamy Stadium,Bangalore,Unknown,tie,Royal Challengers Bangalore,field,V Kohli,Unknown,Unknown,152,148,120,7,12,5,True
598018,1,Sunrisers Hyderabad,Pune Warriors,2013.0,2013-04-17,Maharashtra Cricket Association Stadium,Pune,Sunrisers Hyderabad,,Pune Warriors,field,A Mishra,Unknown,Unknown,119,114,120,8,9,2,True
598018,2,Pune Warriors,Sunrisers Hyderabad,2013.0,2013-04-17,Maharashtra Cricket Association Stadium,Pune,Sunrisers Hyderabad,,Pune Warriors,field,A Mishra,Unknown,Unknown,108,108,114,10,11,1,True
598019,1,Rajasthan Royals,Mumbai Indians,2013.0,2013-04-17,Sawai Mansingh Stadium,Jaipur,Rajasthan Royals,,Rajasthan Royals,bat,AM Rahane,Unknown,Unknown,179,164,120,3,17,5,True
598019,2,Mumbai Indians,Rajasthan Royals,2013.0,2013-04-17,Sawai Mansingh Stadium,Jaipur,Rajasthan Royals,,Rajasthan Royals,bat,AM Rahane,Unknown,Unknown,92,85,110,10,8,0,True
598020,1,Chennai Super Kings,Delhi Daredevils,2013.0,2013-04-18,Feroz Shah Kotla,Delhi,Chennai Super Kings,,Chennai Super Kings,bat,MEK Hussey,Unknown,Unknown,169,160,120,4,19,3,True
598020,2,Delhi Daredevils,Chennai Super Kings,2013.0,2013-04-18,Feroz Shah Kotla,Delhi,Chennai Super Kings,,Chennai Super Kings,bat,MEK Hussey,Unknown,Unknown,83,79,105,10,5,1,True
598021,1,Kings XI Punjab,Sunrisers Hyderabad,2013.0,2013-04-19,"Rajiv Gandhi International Stadium, Uppal",Hyderabad,Sunrisers Hyderabad,,Kings XI Punjab,bat,GH Vihari,Unknown,Unknown,123,116,120,9,9,4,True
598021,2,Sunrisers Hyderabad,Kings XI Punjab,2013.0,2013-04-19,"Rajiv Gandhi International Stadium, Uppal",Hyderabad,Sunrisers Hyderabad,,Kings XI Punjab,bat,GH Vihari,Unknown,Unknown,127,121,113,5,10,3,True
598022,1,Kolkata Knight Riders,Chennai Super Kings,2013.0,2013-04-20,Eden Gardens,Kolkata,Chennai Super Kings,,Kolkata Knight Riders,bat,RA Jadeja,Unknown,Unknown,119,115,120,9,10,4,True
598022,2,Chennai Super Kings,Kolkata Knight Riders,2013.0,2013-04-20,Eden Gardens,Kolkata,Chennai Super Kings,,Kolkata Knight Riders,bat,RA Jadeja,Unknown,Unknown,124,118,115,6,9,4,True
598023,1,Rajasthan Royals,Royal Challengers Bangalore,2013.0,2013-04-20,M Chinnaswamy Stadium,Bangalore,Royal Challengers Bangalore,,Royal Challengers Bangalore,field,R Vinay Kumar,Unknown,Unknown,117,117,118,10,14,2,True
598023,2,Royal Challengers Bangalore,Rajasthan Royals,2013.0,2013-04-20,M Chinnaswamy Stadium,Bangalore,Royal Challengers Bangalore,,Royal Challengers Bangalore,field,R Vinay Kumar,Unknown,Unknown,123,107,107,3,12,2,True
598024,1,Mumbai Indians,Delhi Daredevils,2013.0,2013-04-21,Feroz Shah Kotla,Delhi,Delhi Daredevils,,Mumbai Indians,bat,V Sehwag,Unknown,Unknown,161,158,120,4,11,8,True
598024,2,Delhi Daredevils,Mumbai Indians,2013.0,2013-04-21,Feroz Shah Kotla,Delhi,Delhi Daredevils,,Mumbai Indians,bat,V Sehwag,Unknown,Unknown,165,161,102,1,22,3,True
598025,1,Pune Warriors,Kings XI Punjab,2013.0,2013-04-21,"Punjab Cricket Association Stadium, Mohali",Chandigarh,Kings XI Punjab,,Kings XI Punjab,field,DA Miller,Unknown,Unknown,185,177,120,4,20,6,True
598025,2,Kings XI Punjab,Pune Warriors,2013.0,2013-04-21,"Punjab Cricket Association Stadium, Mohali",Chandigarh,Kings XI Punjab,,Kings XI Punjab,field,DA Miller,Unknown,Unknown,186,183,119,3,16,5,True
598026,1,Rajasthan Royals,Chennai Super Kings,2013.0,2013-04-22,"MA Chidambaram Stadium, Chepauk",Chennai,Chennai Super Kings,,Rajasthan Royals,bat,MEK Hussey,Unknown,Unknown,185,175,120,4,12,7,True
598026,2,Chennai Super Kings,Rajasthan Royals,2013.0,2013-04-22,"MA Chidambaram Stadium, Chepauk",Chennai,Chennai Super Kings,,Rajasthan Royals,bat,MEK Hussey,Unknown,Unknown,186,179,119,5,18,4,True
598027,1,Royal Challengers Bangalore,Pune Warriors,2013.0,2013-04-23,M Chinnaswamy Stadium,Bangalore,Royal Challengers Bangalore,,Pune Warriors,field,CH Gayle,Unknown,Unknown,263,252,120,5,21,21,True
598027,2,Pune Warriors,Royal Challengers Bangalore,2013.0,2013-04-23,M Chinnaswamy Stadium,Bangalore,Royal Challengers Bangalore,,Pune Warriors,field,CH Gayle,Unknown,Unknown,133,129,120,9,15,3,True
598028,1,Kings XI Punjab,Delhi Daredevils,2013.0,2013-05-16,Himachal Pradesh Cricket Association Stadium,Dharamsala,Kings XI Punjab,,Delhi Daredevils,field,DA Miller,Unknown,Unknown,171,162,120,4,18,7,True
598028,2,Delhi Daredevils,Kings XI Punjab,2013.0,2013-05-16,Himachal Pradesh Cricket Association Stadium,Dharamsala,Kings XI Punjab,,Delhi Daredevils,field,DA Miller,Unknown,Unknown,164,151,120,7,15,7,True
598029,1,Kolkata Knight Riders,Mumbai Indians,2013.0,2013-04-24,Eden Gardens,Kolkata,Mumbai Indians,,Kolkata Knight Riders,bat,DR Smith,Unknown,Unknown,159,153,120,6,16,4,True
598029,2,Mumbai Indians,Kolkata Knight Riders,2013.0,2013-04-24,Eden Gardens,Kolkata,Mumbai Indians,,Kolkata Knight Riders,bat,DR Smith,Unknown,Unknown,162,158,119,5,8,9,True
598030,1,Sunrisers Hyderabad,Chennai Super Kings,2013.0,2013-04-25,"MA Chidambaram Stadium, Chepauk",Chennai,Chennai Super Kings,,Sunrisers Hyderabad,bat,MS Dhoni,Unknown,Unknown,159,151,120,6,17,4,True
598030,2,Chennai Super Kings,Sunrisers Hyderabad,2013.0,2013-04-25,"MA Chidambaram Stadium, Chepauk",Chennai,Chennai Super Kings,,Sunrisers Hyderabad,bat,MS Dhoni,Unknown,Unknown,160,154,118,5,15,6,True
598031,1,Kings XI Punjab,Kolkata Knight Riders,2013.0,2013-04-26,Eden Gardens,Kolkata,Kolkata Knight Riders,,Kings XI Punjab,bat,JH Kallis,Unknown,Unknown,149,144,120,6,15,4,True
598031,2,Kolkata Knight Riders,Kings XI Punjab,2013.0,2013-04-26,Eden Gardens,Kolkata,Kolkata Knight Riders,,Kings XI Punjab,bat,JH Kallis,Unknown,Unknown,150,138,110,4,14,7,True
598032,1,Sunrisers Hyderabad,Rajasthan Royals,2013.0,2013-04-27,Sawai Mansingh Stadium,Jaipur,Rajasthan Royals,,Sunrisers Hyderabad,bat,JP Faulkner,Unknown,Unknown,144,133,120,9,16,2,True
598032,2,Rajasthan Royals,Sunrisers Hyderabad,2013.0,2013-04-27,Sawai Mansingh Stadium,Jaipur,Rajasthan Royals,,Sunrisers Hyderabad,bat,JP Faulkner,Unknown,Unknown,146,144,107,2,18,5,True
598033,1,Mumbai Indians,Royal Challengers Bangalore,2013.0,2013-04-27,Wankhede Stadium,Mumbai,Mumbai Indians,,Mumbai Indians,bat,DR Smith,Unknown,Unknown,194,185,120,7,18,8,True
598033,2,Royal Challengers Bangalore,Mumbai Indians,2013.0,2013-04-27,Wankhede Stadium,Mumbai,Mumbai Indians,,Mumbai Indians,bat,DR Smith,Unknown,Unknown,136,125,120,7,12,3,True
598034,1,Chennai Super Kings,Kolkata Knight Riders,2013.0,2013-04-28,"MA Chidambaram Stadium, Chepauk",Chennai,Chennai Super Kings,,Kolkata Knight Riders,field,MEK Hussey,Unknown,Unknown,200,197,120,3,20,6,True
598034,2,Kolkata Knight Riders,Chennai Super Kings,2013.0,2013-04-28,"MA Chidambaram Stadium, Chepauk",Chennai,Chennai Super Kings,,Kolkata Knight Riders,field,MEK Hussey,Unknown,Unknown,186,166,120,4,20,5,True
598035,1,Delhi Daredevils,Pune Warriors,2013.0,2013-04-28,Shaheed Veer Narayan Singh International Stadium,Raipur,Delhi Daredevils,,Pune Warriors,field,DA Warner,Unknown,Unknown,164,150,120,5,12,8,True
598035,2,Pune Warriors,Delhi Daredevils,2013.0,2013-04-28,Shaheed Veer Narayan Singh International Stadium,Raipur,Delhi Daredevils,,Pune Warriors,field,DA Warner,Unknown,Unknown,149,143,120,4,18,1,True
598036,1,Royal Challengers Bangalore,Rajasthan Royals,2013.0,2013-04-29,Sawai Mansingh Stadium,Jaipur,Rajasthan Royals,,Rajasthan Royals,field,SV Samson,Unknown,Unknown,171,161,120,6,15,5,True
598036,2,Rajasthan Royals,Royal Challengers Bangalore,2013.0,2013-04-29,Sawai Mansingh Stadium,Jaipur,Rajasthan Royals,,Rajasthan Royals,field,SV Samson,Unknown,Unknown,173,168,119,6,16,5,True
598037,1,Mumbai Indians,Kings XI Punjab,2013.0,2013-04-29,Wankhede Stadium,Mumbai,Mumbai Indians,,Mumbai Indians,bat,RG Sharma,Unknown,Unknown,174,166,120,3,14,9,True
598037,2,Kings XI Punjab,Mumbai Indians,2013.0,2013-04-29,Wankhede Stadium,Mumbai,Mumbai Indians,,Mumbai Indians,bat,RG Sharma,Unknown,Unknown,170,157,120,10,11,9,True
598038,1,Chennai Super Kings,Pune Warriors,2013.0,2013-04-30,Subrata Roy Sahara Stadium,Pune,Chennai Super Kings,,Chennai Super Kings,bat,MS Dhoni,Unknown,Unknown,164,160,120,3,13,5,True
598038,2,Pune Warriors,Chennai Super Kings,2013.0,2013-04-30,Subrata Roy Sahara Stadium,Pune,Chennai Super Kings,,Chennai Super Kings,bat,MS Dhoni,Unknown,Unknown,127,121,120,9,9,4,True
598039,1,Mumbai Indians,Sunrisers Hyderabad,2013.0,2013-05-01,"Rajiv Gandhi International Stadium, Uppal",Hyderabad,Sunrisers Hyderabad,,Mumbai Indians,bat,I Sharma,Unknown,Unknown,129,122,120,4,12,2,True
598039,2,Sunrisers Hyderabad,Mumbai Indians,2013.0,2013-05-01,"Rajiv Gandhi International Stadium, Uppal",Hyderabad,Sunrisers Hyderabad,,Mumbai Indians,bat,I Sharma,Unknown,Unknown,130,127,108,3,15,1,True
598040,1,Kolkata Knight Riders,Delhi Daredevils,2013.0,2013-05-01,Shaheed Veer Narayan Singh International Stadium,Raipur,Delhi Daredevils,,Kolkata Knight Riders,bat,DA Warner,Unknown,Unknown,136,129,120,7,14,4,True
598040,2,Delhi Daredevils,Kolkata Knight Riders,2013.0,2013-05-01,Shaheed Veer Narayan Singh International Stadium,Raipur,Delhi Daredevils,,Kolkata Knight Riders,bat,DA Warner,Unknown,Unknown,137,135,107,3,13,4,True
598041,1,Chennai Super Kings,Kings XI Punjab,2013.0,2013-05-02,"MA Chidambaram Stadium, Chepauk",Chennai,Chennai Super Kings,,Chennai Super Kings,bat,SK Raina,Unknown,Unknown,186,183,120,4,14,8,True
598041,2,Kings XI Punjab,Chennai Super Kings,2013.0,2013-05-02,"MA Chidambaram Stadium, Chepauk",Chennai,Chennai Super Kings,,Chennai Super Kings,bat,SK Raina,Unknown,Unknown,171,168,120,6,18,5,True
598042,1,Royal Challengers Bangalore,Pune Warriors,2013.0,2013-05-02,Subrata Roy Sahara Stadium,Pune,Royal Challengers Bangalore,,Royal Challengers Bangalore,bat,AB de Villiers,Unknown,Unknown,187,175,120,3,17,6,True
598042,2,Pune Warriors,Royal Challengers Bangalore,2013.0,2013-05-02,Subrata Roy Sahara Stadium,Pune,Royal Challengers Bangalore,,Royal Challengers Bangalore,bat,AB de Villiers,Unknown,Unknown,170,164,120,9,9,11,True
598043,1,Rajasthan Royals,Kolkata Knight Riders,2013.0,2013-05-03,Eden Gardens,Kolkata,Kolkata Knight Riders,,Rajasthan Royals,bat,YK Pathan,Unknown,Unknown,132,125,120,6,11,2,True
598043,2,Kolkata Knight Riders,Rajasthan Royals,2013.0,2013-05-03,Eden Gardens,Kolkata,Kolkata Knight Riders,,Rajasthan Royals,bat,YK Pathan,Unknown,Unknown,133,123,104,2,10,5,True
598044,1,Delhi Daredevils,Sunrisers Hyderabad,2013.0,2013-05-04,"Rajiv Gandhi International Stadium, Uppal",Hyderabad,Sunrisers Hyderabad,,Delhi Daredevils,bat,DJG Sammy,Unknown,Unknown,80,74,115,10,4,1,True
598044,2,Sunrisers Hyderabad,Delhi Daredevils,2013.0,2013-05-04,"Rajiv Gandhi International Stadium, Uppal",Hyderabad,Sunrisers Hyderabad,,Delhi Daredevils,bat,DJG Sammy,Unknown,Unknown,81,78,83,4,8,1,True
598045,1,Royal Challengers Bangalore,Kings XI Punjab,2013.0,2013-05-14,M Chinnaswamy Stadium,Bangalore,Kings XI Punjab,,Kings XI Punjab,field,AC Gilchrist,Unknown,Unknown,174,167,120,5,15,9,True
598045,2,Kings XI Punjab,Royal Challengers Bangalore,2013.0,2013-05-14,M Chinnaswamy Stadium,Bangalore,Kings XI Punjab,,Kings XI Punjab,field,AC Gilchrist,Unknown,Unknown,176,168,109,3,21,5,True
598046,1,Mumbai Indians,Chennai Super Kings,2013.0,2013-05-05,Wankhede Stadium,Mumbai,Mumbai Indians,,Mumbai Indians,bat,MG Johnson,Unknown,Unknown,139,135,120,5,11,6,True
598046,2,Chennai Super Kings,Mumbai Indians,2013.0,2013-05-05,Wankhede Stadium,Mumbai,Mumbai Indians,,Mumbai Indians,bat,MG Johnson,Unknown,Unknown,79,70,92,10,6,1,True
598047,1,Pune Warriors,Rajasthan Royals,2013.0,2013-05-05,Sawai Mansingh Stadium,Jaipur,Rajasthan Royals,,Pune Warriors,bat,AM Rahane,Unknown,Unknown,178,167,120,4,20,5,True
598047,2,Rajasthan Royals,Pune Warriors,2013.0,2013-05-05,Sawai Mansingh Stadium,Jaipur,Rajasthan Royals,,Pune Warriors,bat,AM Rahane,Unknown,Unknown,182,179,119,5,20,5,True
598048,1,Sunrisers Hyderabad,Royal Challengers Bangalore,2013.0,2013-04-09,M Chinnaswamy Stadium,Bangalore,Royal Challengers Bangalore,,Sunrisers Hyderabad,bat,V Kohli,Unknown,Unknown,161,156,120,6,10,7,True
598048,2,Royal Challengers Bangalore,Sunrisers Hyderabad,2013.0,2013-04-09,M Chinnaswamy Stadium,Bangalore,Royal Challengers Bangalore,,Sunrisers Hyderabad,bat,V Kohli,Unknown,Unknown,162,157,106,3,17,7,True
598049,1,Delhi Daredevils,Rajasthan Royals,2013.0,2013-05-07,Sawai Mansingh Stadium,Jaipur,Rajasthan Royals,,Delhi Daredevils,bat,AM Rahane,Unknown,Unknown,154,147,120,4,19,2,True
598049,2,Rajasthan Royals,Delhi Daredevils,2013.0,2013-05-07,Sawai Mansingh Stadium,Jaipur,Rajasthan Royals,,Delhi Daredevils,bat,AM Rahane,Unknown,Unknown,155,144,107,1,15,2,True
598050,1,Mumbai Indians,Kolkata Knight Riders,2013.0,2013-05-07,Wankhede Stadium,Mumbai,Mumbai Indians,,Mumbai Indians,bat,SR Tendulkar,Unknown,Unknown,170,159,120,6,20,4,True
598050,2,Kolkata Knight Riders,Mumbai Indians,2013.0,2013-05-07,Wankhede Stadium,Mumbai,Mumbai Indians,,Mumbai Indians,bat,SR Tendulkar,Unknown,Unknown,105,96,110,10,8,4,True
598051,1,Chennai Super Kings,Sunrisers Hyderabad,2013.0,2013-05-08,"Rajiv Gandhi International Stadium, Uppal",Hyderabad,Chennai Super Kings,,Sunrisers Hyderabad,field,SK Raina,Unknown,Unknown,223,213,120,3,21,10,True
598051,2,Sunrisers Hyderabad,Chennai Super Kings,2013.0,2013-05-08,"Rajiv Gandhi International Stadium, Uppal",Hyderabad,Chennai Super Kings,,Sunrisers Hyderabad,field,SK Raina,Unknown,Unknown,146,142,120,8,11,6,True
598052,1,Kings XI Punjab,Rajasthan Royals,2013.0,2013-05-09,"Punjab Cricket Association Stadium, Mohali",Chandigarh,Rajasthan Royals,,Rajasthan Royals,field,KK Cooper,Unknown,Unknown,145,136,120,6,12,2,True
598052,2,Rajasthan Royals,Kings XI Punjab,2013.0,2013-05-09,"Punjab Cricket Association Stadium, Mohali",Chandigarh,Rajasthan Royals,,Rajasthan Royals,field,KK Cooper,Unknown,Unknown,147,141,114,2,12,5,True
598053,1,Kolkata Knight Riders,Pune Warriors,2013.0,2013-05-09,Subrata Roy Sahara Stadium,Pune,Kolkata Knight Riders,,Kolkata Knight Riders,bat,G Gambhir,Unknown,Unknown,152,141,120,6,15,2,True
598053,2,Pune Warriors,Kolkata Knight Riders,2013.0,2013-05-09,Subrata Roy Sahara Stadium,Pune,Kolkata Knight Riders,,Kolkata Knight Riders,bat,G Gambhir,Unknown,Unknown,106,102,117,10,4,4,True
598054,1,Royal Challengers Bangalore,Delhi Daredevils,2013.0,2013-05-10,Feroz Shah Kotla,Delhi,Royal Challengers Bangalore,,Delhi Daredevils,field,JD Unadkat,Unknown,Unknown,183,178,120,4,19,6,True
598054,2,Delhi Daredevils,Royal Challengers Bangalore,2013.0,2013-05-10,Feroz Shah Kotla,Delhi,Royal Challengers Bangalore,,Delhi Daredevils,field,JD Unadkat,Unknown,Unknown,179,168,120,7,23,3,True
598055,1,Pune Warriors,Mumbai Indians,2013.0,2013-05-11,Subrata Roy Sahara Stadium,Pune,Mumbai Indians,,Pune Warriors,bat,MG Johnson,Unknown,Unknown,112,108,120,8,5,3,True
598055,2,Mumbai Indians,Pune Warriors,2013.0,2013-05-11,Subrata Roy Sahara Stadium,Pune,Mumbai Indians,,Pune Warriors,bat,MG Johnson,Unknown,Unknown,116,112,113,5,11,3,True
598056,1,Sunrisers Hyderabad,Kings XI Punjab,2013.0,2013-05-11,"Punjab Cricket Association Stadium, Mohali",Chandigarh,Sunrisers Hyderabad,,Kings XI Punjab,field,PA Patel,Unknown,Unknown,150,146,120,7,14,5,True
598056,2,Kings XI Punjab,Sunrisers Hyderabad,2013.0,2013-05-11,"Punjab Cricket Association Stadium, Mohali",Chandigarh,Sunrisers Hyderabad,,Kings XI Punjab,field,PA Patel,Unknown,Unknown,120,112,120,9,10,3,True
598057,1,Royal Challengers Bangalore,Kolkata Knight Riders,2013.0,2013-05-12,JSCA International Stadium Complex,Ranchi,Kolkata Knight Riders,,Kolkata Knight Riders,field,JH Kallis,Unknown,Unknown,115,112,120,9,5,2,True
598057,2,Kolkata Knight Riders,Royal Challengers Bangalore,2013.0,2013-05-12,JSCA International Stadium Complex,Ranchi,Kolkata Knight Riders,,Kolkata Knight Riders,field,JH Kallis,Unknown,Unknown,116,111,116,5,13,1,True
598058,1,Chennai Super Kings,Rajasthan Royals,2013.0,2013-05-12,Sawai Mansingh Stadium,Jaipur,Rajasthan Royals,,Rajasthan Royals,field,SR Watson,Unknown,Unknown,141,133,120,4,16,0,True
598058,2,Rajasthan Royals,Chennai Super Kings,2013.0,2013-05-12,Sawai Mansingh Stadium,Jaipur,Rajasthan Royals,,Rajasthan Royals,field,SR Watson,Unknown,Unknown,144,143,103,5,11,9,True
598059,1,Delhi Daredevils,Kings XI Punjab,2013.0,2013-04-23,Feroz Shah Kotla,Delhi,Kings XI Punjab,,Kings XI Punjab,field,Harmeet Singh,Unknown,Unknown,120,113,120,7,10,2,True
598059,2,Kings XI Punjab,Delhi Daredevils,2013.0,2013-04-23,Feroz Shah Kotla,Delhi,Kings XI Punjab,,Kings XI Punjab,field,Harmeet Singh,Unknown,Unknown,121,115,102,5,15,1,True
598060,1,Sunrisers Hyderabad,Mumbai Indians,2013.0,2013-05-13,Wankhede Stadium,Mumbai,Mumbai Indians,,Sunrisers Hyderabad,bat,KA Pollard,Unknown,Unknown,178,171,120,3,18,5,True
598060,2,Mumbai Indians,Sunrisers Hyderabad,2013.0,2013-05-13,Wankhede Stadium,Mumbai,Mumbai Indians,,Sunrisers Hyderabad,bat,KA Pollard,Unknown,Unknown,184,177,117,3,13,11,True
598061,1,Pune Warriors,Kolkata Knight Riders,2013.0,2013-05-15,JSCA International Stadium Complex,Ranchi,Pune Warriors,,Kolkata Knight Riders,field,MK Pandey,Unknown,Unknown,170,169,120,4,11,9,True
598061,2,Kolkata Knight Riders,Pune Warriors,2013.0,2013-05-15,JSCA International Stadium Complex,Ranchi,Pune Warriors,,Kolkata Knight Riders,field,MK Pandey,Unknown,Unknown,163,148,120,7,15,4,True
598062,1,Chennai Super Kings,Delhi Daredevils,2013.0,2013-05-14,"MA Chidambaram Stadium, Chepauk",Chennai,Chennai Super Kings,,Chennai Super Kings,bat,MS Dhoni,Unknown,Unknown,168,158,120,4,11,5,True
598062,2,Delhi Daredevils,Chennai Super Kings,2013.0,2013-05-14,"MA Chidambaram Stadium, Chepauk",Chennai,Chennai Super Kings,,Chennai Super Kings,bat,MS Dhoni,Unknown,Unknown,135,126,120,9,8,4,True
598063,1,Mumbai Indians,Rajasthan Royals,2013.0,2013-05-15,Wankhede Stadium,Mumbai,Mumbai Indians,,Rajasthan Royals,field,AP Tare,Unknown,Unknown,166,159,120,8,15,6,True
598063,2,Rajasthan Royals,Mumbai Indians,2013.0,2013-05-15,Wankhede Stadium,Mumbai,Mumbai Indians,,Rajasthan Royals,field,AP Tare,Unknown,Unknown,152,136,120,7,15,4,True
598064,1,Royal Challengers Bangalore,Kings XI Punjab,2013.0,2013-05-06,"Punjab Cricket Association Stadium, Mohali",Chandigarh,Kings XI Punjab,,Kings XI Punjab,field,DA Miller,Unknown,Unknown,190,180,120,3,21,6,True
598064,2,Kings XI Punjab,Royal Challengers Bangalore,2013.0,2013-05-06,"Punjab Cricket Association Stadium, Mohali",Chandigarh,Kings XI Punjab,,Kings XI Punjab,field,DA Miller,Unknown,Unknown,194,183,108,4,18,8,True
598065,1,Sunrisers Hyderabad,Rajasthan Royals,2013.0,2013-05-17,"Rajiv Gandhi International Stadium, Uppal",Hyderabad,Sunrisers Hyderabad,,Sunrisers Hyderabad,bat,A Mishra,Unknown,Unknown,136,121,120,9,7,2,True
598065,2,Rajasthan Royals,Sunrisers Hyderabad,2013.0,2013-05-17,"Rajiv Gandhi International Stadium, Uppal",Hyderabad,Sunrisers Hyderabad,,Sunrisers Hyderabad,bat,A Mishra,Unknown,Unknown,113,107,120,9,7,4,True
598066,1,Kings XI Punjab,Mumbai Indians,2013.0,2013-05-18,Himachal Pradesh Cricket Association Stadium,Dharamsala,Kings XI Punjab,,Mumbai Indians,field,Azhar Mahmood,Unknown,Unknown,183,176,120,8,24,5,True
598066,2,Mumbai Indians,Kings XI Punjab,2013.0,2013-05-18,Himachal Pradesh Cricket Association Stadium,Dharamsala,Kings XI Punjab,,Mumbai Indians,field,Azhar Mahmood,Unknown,Unknown,133,124,115,9,10,5,True
598067,1,Pune Warriors,Delhi Daredevils,2013.0,2013-05-19,Subrata Roy Sahara Stadium,Pune,Pune Warriors,,Pune Warriors,bat,LJ Wright,Unknown,Unknown,172,167,120,5,14,8,True
598067,2,Delhi Daredevils,Pune Warriors,2013.0,2013-05-19,Subrata Roy Sahara Stadium,Pune,Pune Warriors,,Pune Warriors,bat,LJ Wright,Unknown,Unknown,134,118,120,9,12,2,True
598068,1,Royal Challengers Bangalore,Chennai Super Kings,2013.0,2013-05-18,M Chinnaswamy Stadium,Bangalore,Royal Challengers Bangalore,,Chennai Super Kings,field,V Kohli,Unknown,Unknown,106,101,48,2,10,8,True
598068,2,Chennai Super Kings,Royal Challengers Bangalore,2013.0,2013-05-18,M Chinnaswamy Stadium,Bangalore,Royal Challengers Bangalore,,Chennai Super Kings,field,V Kohli,Unknown,Unknown,82,80,48,6,6,5,True
598069,1,Kolkata Knight Riders,Sunrisers Hyderabad,2013.0,2013-05-19,"Rajiv Gandhi International Stadium, Uppal",Hyderabad,Sunrisers Hyderabad,,Kolkata Knight Riders,bat,PA Patel,Unknown,Unknown,130,116,120,7,9,3,True
598069,2,Sunrisers Hyderabad,Kolkata Knight Riders,2013.0,2013-05-19,"Rajiv Gandhi International Stadium, Uppal",Hyderabad,Sunrisers Hyderabad,,Kolkata Knight Riders,bat,PA Patel,Unknown,Unknown,132,123,113,5,11,4,True
598070,1,Chennai Super Kings,Mumbai Indians,2013.0,2013-05-21,Feroz Shah Kotla,Delhi,Chennai Super Kings,,Chennai Super Kings,bat,MEK Hussey,Qualifier 1,Unknown,192,191,120,1,17,7,True
598070,2,Mumbai Indians,Chennai Super Kings,2013.0,2013-05-21,Feroz Shah Kotla,Delhi,Chennai Super Kings,,Chennai Super Kings,bat,MEK Hussey,Qualifier 1,Unknown,144,139,112,10,10,7,True
598071,1,Sunrisers Hyderabad,Rajasthan Royals,2013.0,2013-05-22,Feroz Shah Kotla,Delhi,Rajasthan Royals,,Sunrisers Hyderabad,bat,BJ Hodge,Eliminator,Unknown,132,126,120,7,11,4,True
598071,2,Rajasthan Royals,Sunrisers Hyderabad,2013.0,2013-05-22,Feroz Shah Kotla,Delhi,Rajasthan Royals,,Sunrisers Hyderabad,bat,BJ Hodge,Eliminator,Unknown,135,131,116,6,12,6,True
598072,1,Rajasthan Royals,Mumbai Indians,2013.0,2013-05-24,Eden Gardens,Kolkata,Mumbai Indians,,Rajasthan Royals,bat,Harbhajan Singh,Qualifier 2,Unknown,165,151,120,6,22,1,True
598072,2,Mumbai Indians,Rajasthan Royals,2013.0,2013-05-24,Eden Gardens,Kolkata,Mumbai Indians,,Rajasthan Royals,bat,Harbhajan Singh,Qualifier 2,Unknown,169,159,119,6,15,6,True
598073,1,Mumbai Indians,Chennai Super Kings,2013.0,2013-05-26,Eden Gardens,Kolkata,Mumbai Indians,,Mumbai Indians,bat,KA Pollard,Final,Unknown,148,143,120,9,18,3,True
598073,2,Chennai Super Kings,Mumbai Indians,2013.0,2013-05-26,Eden Gardens,Kolkata,Mumbai Indians,,Mumbai Indians,bat,KA Pollard,Final,Unknown,125,116,120,9,8,6,True
729279,1,Kolkata Knight Riders,Mumbai Indians,2014.0,2014-04-16,Sheikh Zayed Stadium,Abu Dhabi,Kolkata Knight Riders,,Kolkata Knight Riders,bat,JH Kallis,Unknown,Unknown,163,155,120,5,14,5,True
729279,2,Mumbai Indians,Kolkata Knight Riders,2014.0,2014-04-16,Sheikh Zayed Stadium,Abu Dhabi,Kolkata Knight Riders,,Kolkata Knight Riders,bat,JH Kallis,Unknown,Unknown,122,117,120,7,7,2,True
729281,1,Delhi Daredevils,Royal Challengers Bangalore,2014.0,2014-04-17,Sharjah Cricket Stadium,Unknown,Royal Challengers Bangalore,,Royal Challengers Bangalore,field,YS Chahal,Unknown,Unknown,145,135,120,4,9,4,True
729281,2,Royal Challengers Bangalore,Delhi Daredevils,2014.0,2014-04-17,Sharjah Cricket Stadium,Unknown,Royal Challengers Bangalore,,Royal Challengers Bangalore,field,YS Chahal,Unknown,Unknown,146,142,100,2,11,9,True
729283,1,Chennai Super Kings,Kings XI Punjab,2014.0,2014-04-18,Sheikh Zayed Stadium,Abu Dhabi,Kings XI Punjab,,Chennai Super Kings,bat,GJ Maxwell,Unknown,Unknown,205,191,120,4,15,10,True
729283,2,Kings XI Punjab,Chennai Super Kings,2014.0,2014-04-18,Sheikh Zayed Stadium,Abu Dhabi,Kings XI Punjab,,Chennai Super Kings,bat,GJ Maxwell,Unknown,Unknown,206,200,113,4,26,5,True
729285,1,Sunrisers Hyderabad,Rajasthan Royals,2014.0,2014-04-18,Sheikh Zayed Stadium,Abu Dhabi,Rajasthan Royals,,Rajasthan Royals,field,AM Rahane,Unknown,Unknown,133,118,120,6,6,2,True
729285,2,Rajasthan Royals,Sunrisers Hyderabad,2014.0,2014-04-18,Sheikh Zayed Stadium,Abu Dhabi,Rajasthan Royals,,Rajasthan Royals,field,AM Rahane,Unknown,Unknown,135,130,117,6,14,1,True
729287,1,Mumbai Indians,Royal Challengers Bangalore,2014.0,2014-04-19,Dubai International Cricket Stadium,Unknown,Royal Challengers Bangalore,,Royal Challengers Bangalore,field,PA Patel,Unknown,Unknown,115,103,120,9,8,0,True
729287,2,Royal Challengers Bangalore,Mumbai Indians,2014.0,2014-04-19,Dubai International Cricket Stadium,Unknown,Royal Challengers Bangalore,,Royal Challengers Bangalore,field,PA Patel,Unknown,Unknown,116,114,105,3,12,1,True
729289,1,Kolkata Knight Riders,Delhi Daredevils,2014.0,2014-04-19,Dubai International Cricket Stadium,Unknown,Delhi Daredevils,,Kolkata Knight Riders,bat,JP Duminy,Unknown,Unknown,166,152,120,5,16,2,True
729289,2,Delhi Daredevils,Kolkata Knight Riders,2014.0,2014-04-19,Dubai International Cricket Stadium,Unknown,Delhi Daredevils,,Kolkata Knight Riders,bat,JP Duminy,Unknown,Unknown,167,156,117,6,13,6,True
729291,1,Rajasthan Royals,Kings XI Punjab,2014.0,2014-04-20,Sharjah Cricket Stadium,Unknown,Kings XI Punjab,,Kings XI Punjab,field,GJ Maxwell,Unknown,Unknown,191,185,120,5,17,10,True
729291,2,Kings XI Punjab,Rajasthan Royals,2014.0,2014-04-20,Sharjah Cricket Stadium,Unknown,Kings XI Punjab,,Kings XI Punjab,field,GJ Maxwell,Unknown,Unknown,193,184,112,3,11,12,True
729293,1,Chennai Super Kings,Delhi Daredevils,2014.0,2014-04-21,Sheikh Zayed Stadium,Abu Dhabi,Chennai Super Kings,,Chennai Super Kings,bat,SK Raina,Unknown,Unknown,177,171,120,7,14,5,True
729293,2,Delhi Daredevils,Chennai Super Kings,2014.0,2014-04-21,Sheikh Zayed Stadium,Abu Dhabi,Chennai Super Kings,,Chennai Super Kings,bat,SK Raina,Unknown,Unknown,84,82,94,9,7,0,True
729295,1,Kings XI Punjab,Sunrisers Hyderabad,2014.0,2014-04-22,Sharjah Cricket Stadium,Unknown,Kings XI Punjab,,Sunrisers Hyderabad,field,GJ Maxwell,Unknown,Unknown,193,184,120,6,14,13,True
729295,2,Sunrisers Hyderabad,Kings XI Punjab,2014.0,2014-04-22,Sharjah Cricket Stadium,Unknown,Kings XI Punjab,,Sunrisers Hyderabad,field,GJ Maxwell,Unknown,Unknown,121,113,116,10,6,4,True
729297,1,Chennai Super Kings,Rajasthan Royals,2014.0,2014-04-23,Dubai International Cricket Stadium,Unknown,Chennai Super Kings,,Rajasthan Royals,field,RA Jadeja,Unknown,Unknown,140,127,120,6,10,3,True
729297,2,Rajasthan Royals,Chennai Super Kings,2014.0,2014-04-23,Dubai International Cricket Stadium,Unknown,Chennai Super Kings,,Rajasthan Royals,field,RA Jadeja,Unknown,Unknown,133,131,119,10,7,6,True
729299,1,Kolkata Knight Riders,Royal Challengers Bangalore,2014.0,2014-04-24,Sharjah Cricket Stadium,Unknown,Kolkata Knight Riders,,Royal Challengers Bangalore,field,CA Lynn,Unknown,Unknown,150,143,120,7,7,6,True
729299,2,Royal Challengers Bangalore,Kolkata Knight Riders,2014.0,2014-04-24,Sharjah Cricket Stadium,Unknown,Kolkata Knight Riders,,Royal Challengers Bangalore,field,CA Lynn,Unknown,Unknown,148,140,120,5,18,1,True
729301,1,Sunrisers Hyderabad,Delhi Daredevils,2014.0,2014-04-25,Dubai International Cricket Stadium,Unknown,Sunrisers Hyderabad,,Sunrisers Hyderabad,bat,AJ Finch,Unknown,Unknown,184,179,120,1,16,8,True
729301,2,Delhi Daredevils,Sunrisers Hyderabad,2014.0,2014-04-25,Dubai International Cricket Stadium,Unknown,Sunrisers Hyderabad,,Sunrisers Hyderabad,bat,AJ Finch,Unknown,Unknown,180,174,120,4,18,6,True
729303,1,Mumbai Indians,Chennai Super Kings,2014.0,2014-04-25,Dubai International Cricket Stadium,Unknown,Chennai Super Kings,,Mumbai Indians,bat,MM Sharma,Unknown,Unknown,141,140,120,7,12,4,True
729303,2,Chennai Super Kings,Mumbai Indians,2014.0,2014-04-25,Dubai International Cricket Stadium,Unknown,Chennai Super Kings,,Mumbai Indians,bat,MM Sharma,Unknown,Unknown,142,135,114,3,9,7,True
729305,1,Royal Challengers Bangalore,Rajasthan Royals,2014.0,2014-04-26,Sheikh Zayed Stadium,Abu Dhabi,Rajasthan Royals,,Rajasthan Royals,field,PV Tambe,Unknown,Unknown,70,66,90,10,6,1,True
729305,2,Rajasthan Royals,Royal Challengers Bangalore,2014.0,2014-04-26,Sheikh Zayed Stadium,Abu Dhabi,Rajasthan Royals,,Rajasthan Royals,field,PV Tambe,Unknown,Unknown,71,68,78,4,6,2,True
729307,1,Kings XI Punjab,Kolkata Knight Riders,2014.0,2014-04-26,Sheikh Zayed Stadium,Abu Dhabi,Kings XI Punjab,,Kolkata Knight Riders,field,Sandeep Sharma,Unknown,Unknown,132,127,120,9,12,2,True
729307,2,Kolkata Knight Riders,Kings XI Punjab,2014.0,2014-04-26,Sheikh Zayed Stadium,Abu Dhabi,Kings XI Punjab,,Kolkata Knight Riders,field,Sandeep Sharma,Unknown,Unknown,109,99,110,10,10,1,True
729309,1,Mumbai Indians,Delhi Daredevils,2014.0,2014-04-27,Sharjah Cricket Stadium,Unknown,Delhi Daredevils,,Mumbai Indians,bat,M Vijay,Unknown,Unknown,125,114,120,6,10,3,True
729309,2,Delhi Daredevils,Mumbai Indians,2014.0,2014-04-27,Sharjah Cricket Stadium,Unknown,Delhi Daredevils,,Mumbai Indians,bat,M Vijay,Unknown,Unknown,126,117,113,4,10,2,True
729311,1,Sunrisers Hyderabad,Chennai Super Kings,2014.0,2014-04-27,Sharjah Cricket Stadium,Unknown,Chennai Super Kings,,Sunrisers Hyderabad,bat,DR Smith,Unknown,Unknown,145,129,120,5,9,4,True
729311,2,Chennai Super Kings,Sunrisers Hyderabad,2014.0,2014-04-27,Sharjah Cricket Stadium,Unknown,Chennai Super Kings,,Sunrisers Hyderabad,bat,DR Smith,Unknown,Unknown,146,142,117,5,9,8,True
729313,1,Royal Challengers Bangalore,Kings XI Punjab,2014.0,2014-04-28,Dubai International Cricket Stadium,Unknown,Kings XI Punjab,,Kings XI Punjab,field,Sandeep Sharma,Unknown,Unknown,124,114,120,8,8,4,True
729313,2,Kings XI Punjab,Royal Challengers Bangalore,2014.0,2014-04-28,Dubai International Cricket Stadium,Unknown,Kings XI Punjab,,Kings XI Punjab,field,Sandeep Sharma,Unknown,Unknown,127,115,113,5,13,0,True
729315,1,Rajasthan Royals,Kolkata Knight Riders,2014.0,2014-04-29,Sheikh Zayed Stadium,Abu Dhabi,Unknown,tie,Rajasthan Royals,bat,JP Faulkner,Unknown,Unknown,152,147,120,5,17,1,True
729315,2,Kolkata Knight Riders,Rajasthan Royals,2014.0,2014-04-29,Sheikh Zayed Stadium,Abu Dhabi,Unknown,tie,Rajasthan Royals,bat,JP Faulkner,Unknown,Unknown,152,141,120,8,12,2,True
729317,1,Sunrisers Hyderabad,Mumbai Indians,2014.0,2014-04-30,Dubai International Cricket Stadium,Unknown,Sunrisers Hyderabad,,Mumbai Indians,field,B Kumar,Unknown,Unknown,172,154,120,5,11,5,True
729317,2,Mumbai Indians,Sunrisers Hyderabad,2014.0,2014-04-30,Dubai International Cricket Stadium,Unknown,Sunrisers Hyderabad,,Mumbai Indians,field,B Kumar,Unknown,Unknown,157,148,120,7,14,6,True
733971,1,Chennai Super Kings,Kolkata Knight Riders,2014.0,2014-05-02,JSCA International Stadium Complex,Ranchi,Chennai Super Kings,,Chennai Super Kings,bat,RA Jadeja,Unknown,Unknown,148,142,102,3,13,6,True
733971,2,Kolkata Knight Riders,Chennai Super Kings,2014.0,2014-05-02,JSCA International Stadium Complex,Ranchi,Chennai Super Kings,,Chennai Super Kings,bat,RA Jadeja,Unknown,Unknown,114,110,102,9,8,5,True
733973,1,Kings XI Punjab,Mumbai Indians,2014.0,2014-05-03,Wankhede Stadium,Mumbai,Mumbai Indians,,Kings XI Punjab,bat,CJ Anderson,Unknown,Unknown,168,155,120,5,16,6,True
733973,2,Mumbai Indians,Kings XI Punjab,2014.0,2014-05-03,Wankhede Stadium,Mumbai,Mumbai Indians,,Kings XI Punjab,bat,CJ Anderson,Unknown,Unknown,170,164,115,5,15,9,True
733975,1,Delhi Daredevils,Rajasthan Royals,2014.0,2014-05-03,Feroz Shah Kotla,Delhi,Rajasthan Royals,,Rajasthan Royals,field,KK Nair,Unknown,Unknown,152,148,120,5,14,4,True
733975,2,Rajasthan Royals,Delhi Daredevils,2014.0,2014-05-03,Feroz Shah Kotla,Delhi,Rajasthan Royals,,Rajasthan Royals,field,KK Nair,Unknown,Unknown,156,152,111,3,12,7,True
733977,1,Sunrisers Hyderabad,Royal Challengers Bangalore,2014.0,2014-05-04,M Chinnaswamy Stadium,Bangalore,Royal Challengers Bangalore,,Royal Challengers Bangalore,field,AB de Villiers,Unknown,Unknown,155,145,120,6,12,6,True
733977,2,Royal Challengers Bangalore,Sunrisers Hyderabad,2014.0,2014-05-04,M Chinnaswamy Stadium,Bangalore,Royal Challengers Bangalore,,Royal Challengers Bangalore,field,AB de Villiers,Unknown,Unknown,158,153,119,6,11,11,True
733979,1,Rajasthan Royals,Kolkata Knight Riders,2014.0,2014-05-05,"Sardar Patel Stadium, Motera",Ahmedabad,Rajasthan Royals,,Kolkata Knight Riders,field,PV Tambe,Unknown,Unknown,170,163,120,6,12,6,True
733979,2,Kolkata Knight Riders,Rajasthan Royals,2014.0,2014-05-05,"Sardar Patel Stadium, Motera",Ahmedabad,Rajasthan Royals,,Kolkata Knight Riders,field,PV Tambe,Unknown,Unknown,160,150,120,6,12,5,True
733981,1,Delhi Daredevils,Chennai Super Kings,2014.0,2014-05-05,Feroz Shah Kotla,Delhi,Chennai Super Kings,,Chennai Super Kings,field,DR Smith,Unknown,Unknown,178,167,120,5,16,8,True
733981,2,Chennai Super Kings,Delhi Daredevils,2014.0,2014-05-05,Feroz Shah Kotla,Delhi,Chennai Super Kings,,Chennai Super Kings,field,DR Smith,Unknown,Unknown,181,170,118,2,16,10,True
733983,1,Mumbai Indians,Royal Challengers Bangalore,2014.0,2014-05-06,Wankhede Stadium,Mumbai,Mumbai Indians,,Royal Challengers Bangalore,field,RG Sharma,Unknown,Unknown,187,162,120,5,14,8,True
733983,2,Royal Challengers Bangalore,Mumbai Indians,2014.0,2014-05-06,Wankhede Stadium,Mumbai,Mumbai Indians,,Royal Challengers Bangalore,field,RG Sharma,Unknown,Unknown,168,158,120,8,15,8,True
733985,1,Delhi Daredevils,Kolkata Knight Riders,2014.0,2014-05-07,Feroz Shah Kotla,Delhi,Kolkata Knight Riders,,Delhi Daredevils,bat,G Gambhir,Unknown,Unknown,160,152,120,5,13,6,True
733985,2,Kolkata Knight Riders,Delhi Daredevils,2014.0,2014-05-07,Feroz Shah Kotla,Delhi,Kolkata Knight Riders,,Delhi Daredevils,bat,G Gambhir,Unknown,Unknown,161,149,110,2,14,3,True
733987,1,Kings XI Punjab,Chennai Super Kings,2014.0,2014-05-07,Barabati Stadium,Cuttack,Kings XI Punjab,,Chennai Super Kings,field,GJ Maxwell,Unknown,Unknown,231,221,120,4,24,13,True
733987,2,Chennai Super Kings,Kings XI Punjab,2014.0,2014-05-07,Barabati Stadium,Cuttack,Kings XI Punjab,,Chennai Super Kings,field,GJ Maxwell,Unknown,Unknown,187,183,120,6,19,4,True
733989,1,Sunrisers Hyderabad,Rajasthan Royals,2014.0,2014-05-08,"Sardar Patel Stadium, Motera",Ahmedabad,Sunrisers Hyderabad,,Rajasthan Royals,field,B Kumar,Unknown,Unknown,134,122,120,9,15,0,True
733989,2,Rajasthan Royals,Sunrisers Hyderabad,2014.0,2014-05-08,"Sardar Patel Stadium, Motera",Ahmedabad,Sunrisers Hyderabad,,Rajasthan Royals,field,B Kumar,Unknown,Unknown,102,92,119,10,6,1,True
733991,1,Kings XI Punjab,Royal Challengers Bangalore,2014.0,2014-05-09,M Chinnaswamy Stadium,Bangalore,Kings XI Punjab,,Royal Challengers Bangalore,field,Sandeep Sharma,Unknown,Unknown,198,183,120,8,19,7,True
733991,2,Royal Challengers Bangalore,Kings XI Punjab,2014.0,2014-05-09,M Chinnaswamy Stadium,Bangalore,Kings XI Punjab,,Royal Challengers Bangalore,field,Sandeep Sharma,Unknown,Unknown,166,160,120,9,13,9,True
733993,1,Delhi Daredevils,Sunrisers Hyderabad,2014.0,2014-05-10,Feroz Shah Kotla,Delhi,Sunrisers Hyderabad,,Sunrisers Hyderabad,field,DW Steyn,Unknown,Unknown,143,138,120,7,10,5,True
733993,2,Sunrisers Hyderabad,Delhi Daredevils,2014.0,2014-05-10,Feroz Shah Kotla,Delhi,Sunrisers Hyderabad,,Sunrisers Hyderabad,field,DW Steyn,Unknown,Unknown,44,33,26,2,2,2,True
733995,1,Mumbai Indians,Chennai Super Kings,2014.0,2014-05-10,Wankhede Stadium,Mumbai,Chennai Super Kings,,Chennai Super Kings,field,DR Smith,Unknown,Unknown,157,152,120,6,10,8,True
733995,2,Chennai Super Kings,Mumbai Indians,2014.0,2014-05-10,Wankhede Stadium,Mumbai,Chennai Super Kings,,Chennai Super Kings,field,DR Smith,Unknown,Unknown,160,149,117,6,13,6,True
733997,1,Kings XI Punjab,Kolkata Knight Riders,2014.0,2014-05-11,Barabati Stadium,Cuttack,Kolkata Knight Riders,,Kolkata Knight Riders,field,G Gambhir,Unknown,Unknown,149,145,120,8,17,2,True
733997,2,Kolkata Knight Riders,Kings XI Punjab,2014.0,2014-05-11,Barabati Stadium,Cuttack,Kolkata Knight Riders,,Kolkata Knight Riders,field,G Gambhir,Unknown,Unknown,150,145,108,1,18,1,True
733999,1,Royal Challengers Bangalore,Rajasthan Royals,2014.0,2014-05-11,M Chinnaswamy Stadium,Bangalore,Rajasthan Royals,,Royal Challengers Bangalore,bat,JP Faulkner,Unknown,Unknown,190,183,120,5,15,12,True
733999,2,Rajasthan Royals,Royal Challengers Bangalore,2014.0,2014-05-11,M Chinnaswamy Stadium,Bangalore,Rajasthan Royals,,Royal Challengers Bangalore,bat,JP Faulkner,Unknown,Unknown,191,184,113,5,19,8,True
734001,1,Sunrisers Hyderabad,Mumbai Indians,2014.0,2014-05-12,"Rajiv Gandhi International Stadium, Uppal",Hyderabad,Mumbai Indians,,Sunrisers Hyderabad,bat,AT Rayudu,Unknown,Unknown,157,151,120,3,16,5,True
734001,2,Mumbai Indians,Sunrisers Hyderabad,2014.0,2014-05-12,"Rajiv Gandhi International Stadium, Uppal",Hyderabad,Mumbai Indians,,Sunrisers Hyderabad,bat,AT Rayudu,Unknown,Unknown,160,157,112,3,15,6,True
734003,1,Rajasthan Royals,Chennai Super Kings,2014.0,2014-05-13,JSCA International Stadium Complex,Ranchi,Chennai Super Kings,,Rajasthan Royals,bat,RA Jadeja,Unknown,Unknown,148,136,120,8,10,7,True
734003,2,Chennai Super Kings,Rajasthan Royals,2014.0,2014-05-13,JSCA International Stadium Complex,Ranchi,Chennai Super Kings,,Rajasthan Royals,bat,RA Jadeja,Unknown,Unknown,149,141,118,5,9,5,True
734005,1,Royal Challengers Bangalore,Delhi Daredevils,2014.0,2014-05-13,M Chinnaswamy Stadium,Bangalore,Royal Challengers Bangalore,,Delhi Daredevils,field,Yuvraj Singh,Unknown,Unknown,186,177,120,4,11,12,True
734005,2,Delhi Daredevils,Royal Challengers Bangalore,2014.0,2014-05-13,M Chinnaswamy Stadium,Bangalore,Royal Challengers Bangalore,,Delhi Daredevils,field,Yuvraj Singh,Unknown,Unknown,170,160,120,7,11,8,True
734007,1,Sunrisers Hyderabad,Kings XI Punjab,2014.0,2014-05-14,"Rajiv Gandhi International Stadium, Uppal",Hyderabad,Kings XI Punjab,,Kings XI Punjab,field,WP Saha,Unknown,Unknown,205,190,120,5,14,12,True
734007,2,Kings XI Punjab,Sunrisers Hyderabad,2014.0,2014-05-14,"Rajiv Gandhi International Stadium, Uppal",Hyderabad,Kings XI Punjab,,Kings XI Punjab,field,WP Saha,Unknown,Unknown,211,207,112,4,19,12,True
734009,1,Mumbai Indians,Kolkata Knight Riders,2014.0,2014-05-14,Barabati Stadium,Cuttack,Kolkata Knight Riders,,Kolkata Knight Riders,field,RV Uthappa,Unknown,Unknown,141,134,120,5,11,4,True
734009,2,Kolkata Knight Riders,Mumbai Indians,2014.0,2014-05-14,Barabati Stadium,Cuttack,Kolkata Knight Riders,,Kolkata Knight Riders,field,RV Uthappa,Unknown,Unknown,142,137,112,4,14,3,True
734011,1,Rajasthan Royals,Delhi Daredevils,2014.0,2014-05-15,"Sardar Patel Stadium, Motera",Ahmedabad,Rajasthan Royals,,Delhi Daredevils,field,AM Rahane,Unknown,Unknown,201,186,120,6,13,12,True
734011,2,Delhi Daredevils,Rajasthan Royals,2014.0,2014-05-15,"Sardar Patel Stadium, Motera",Ahmedabad,Rajasthan Royals,,Delhi Daredevils,field,AM Rahane,Unknown,Unknown,139,130,120,9,12,3,True
734013,1,Chennai Super Kings,Royal Challengers Bangalore,2014.0,2014-05-18,JSCA International Stadium Complex,Ranchi,Royal Challengers Bangalore,,Chennai Super Kings,bat,AB de Villiers,Unknown,Unknown,138,132,120,4,10,4,True
734013,2,Royal Challengers Bangalore,Chennai Super Kings,2014.0,2014-05-18,JSCA International Stadium Complex,Ranchi,Royal Challengers Bangalore,,Chennai Super Kings,bat,AB de Villiers,Unknown,Unknown,142,129,119,5,8,8,True
734015,1,Sunrisers Hyderabad,Kolkata Knight Riders,2014.0,2014-05-18,"Rajiv Gandhi International Stadium, Uppal",Hyderabad,Kolkata Knight Riders,,Sunrisers Hyderabad,bat,UT Yadav,Unknown,Unknown,142,132,120,8,13,4,True
734015,2,Kolkata Knight Riders,Sunrisers Hyderabad,2014.0,2014-05-18,"Rajiv Gandhi International Stadium, Uppal",Hyderabad,Kolkata Knight Riders,,Sunrisers Hyderabad,bat,UT Yadav,Unknown,Unknown,146,145,118,3,13,5,True
734017,1,Mumbai Indians,Rajasthan Royals,2014.0,2014-05-19,"Sardar Patel Stadium, Motera",Ahmedabad,Mumbai Indians,,Mumbai Indians,bat,MEK Hussey,Unknown,Unknown,178,172,120,3,12,9,True
734017,2,Rajasthan Royals,Mumbai Indians,2014.0,2014-05-19,"Sardar Patel Stadium, Motera",Ahmedabad,Mumbai Indians,,Mumbai Indians,bat,MEK Hussey,Unknown,Unknown,153,145,120,8,7,8,True
734019,1,Delhi Daredevils,Kings XI Punjab,2014.0,2014-05-19,Feroz Shah Kotla,Delhi,Kings XI Punjab,,Kings XI Punjab,field,AR Patel,Unknown,Unknown,164,159,120,7,16,5,True
734019,2,Kings XI Punjab,Delhi Daredevils,2014.0,2014-05-19,Feroz Shah Kotla,Delhi,Kings XI Punjab,,Kings XI Punjab,field,AR Patel,Unknown,Unknown,165,150,118,6,13,6,True
734021,1,Royal Challengers Bangalore,Sunrisers Hyderabad,2014.0,2014-05-20,"Rajiv Gandhi International Stadium, Uppal",Hyderabad,Sunrisers Hyderabad,,Royal Challengers Bangalore,bat,DA Warner,Unknown,Unknown,160,153,120,6,13,6,True
734021,2,Sunrisers Hyderabad,Royal Challengers Bangalore,2014.0,2014-05-20,"Rajiv Gandhi International Stadium, Uppal",Hyderabad,Sunrisers Hyderabad,,Royal Challengers Bangalore,bat,DA Warner,Unknown,Unknown,161,154,118,3,11,8,True
734023,1,Chennai Super Kings,Kolkata Knight Riders,2014.0,2014-05-20,Eden Gardens,Kolkata,Kolkata Knight Riders,,Kolkata Knight Riders,field,RV Uthappa,Unknown,Unknown,154,151,120,4,8,9,True
734023,2,Kolkata Knight Riders,Chennai Super Kings,2014.0,2014-05-20,Eden Gardens,Kolkata,Kolkata Knight Riders,,Kolkata Knight Riders,field,RV Uthappa,Unknown,Unknown,156,152,108,2,19,3,True
734025,1,Kings XI Punjab,Mumbai Indians,2014.0,2014-05-21,"Punjab Cricket Association Stadium, Mohali",Chandigarh,Mumbai Indians,,Mumbai Indians,field,LMP Simmons,Unknown,Unknown,156,148,120,8,12,7,True
734025,2,Mumbai Indians,Kings XI Punjab,2014.0,2014-05-21,"Punjab Cricket Association Stadium, Mohali",Chandigarh,Mumbai Indians,,Mumbai Indians,field,LMP Simmons,Unknown,Unknown,159,149,114,3,16,3,True
734027,1,Kolkata Knight Riders,Royal Challengers Bangalore,2014.0,2014-05-22,Eden Gardens,Kolkata,Kolkata Knight Riders,,Royal Challengers Bangalore,field,RV Uthappa,Unknown,Unknown,195,188,120,4,20,7,True
734027,2,Royal Challengers Bangalore,Kolkata Knight Riders,2014.0,2014-05-22,Eden Gardens,Kolkata,Kolkata Knight Riders,,Royal Challengers Bangalore,field,RV Uthappa,Unknown,Unknown,165,155,120,5,14,4,True
734029,1,Chennai Super Kings,Sunrisers Hyderabad,2014.0,2014-05-22,JSCA International Stadium Complex,Ranchi,Sunrisers Hyderabad,,Sunrisers Hyderabad,field,DA Warner,Unknown,Unknown,185,177,120,3,15,10,True
734029,2,Sunrisers Hyderabad,Chennai Super Kings,2014.0,2014-05-22,JSCA International Stadium Complex,Ranchi,Sunrisers Hyderabad,,Sunrisers Hyderabad,field,DA Warner,Unknown,Unknown,189,184,118,4,17,7,True
734031,1,Mumbai Indians,Delhi Daredevils,2014.0,2014-05-23,Wankhede Stadium,Mumbai,Mumbai Indians,,Delhi Daredevils,field,MEK Hussey,Unknown,Unknown,173,164,117,10,20,3,True
734031,2,Delhi Daredevils,Mumbai Indians,2014.0,2014-05-23,Wankhede Stadium,Mumbai,Mumbai Indians,,Delhi Daredevils,field,MEK Hussey,Unknown,Unknown,158,152,120,4,13,6,True
734033,1,Kings XI Punjab,Rajasthan Royals,2014.0,2014-05-23,"Punjab Cricket Association Stadium, Mohali",Chandigarh,Kings XI Punjab,,Rajasthan Royals,field,SE Marsh,Unknown,Unknown,179,165,120,4,16,6,True
734033,2,Rajasthan Royals,Kings XI Punjab,2014.0,2014-05-23,"Punjab Cricket Association Stadium, Mohali",Chandigarh,Kings XI Punjab,,Rajasthan Royals,field,SE Marsh,Unknown,Unknown,163,156,120,8,9,8,True
734035,1,Royal Challengers Bangalore,Chennai Super Kings,2014.0,2014-05-24,M Chinnaswamy Stadium,Bangalore,Chennai Super Kings,,Chennai Super Kings,field,MS Dhoni,Unknown,Unknown,154,148,120,6,10,6,True
734035,2,Chennai Super Kings,Royal Challengers Bangalore,2014.0,2014-05-24,M Chinnaswamy Stadium,Bangalore,Chennai Super Kings,,Chennai Super Kings,field,MS Dhoni,Unknown,Unknown,160,155,106,2,13,7,True
734037,1,Sunrisers Hyderabad,Kolkata Knight Riders,2014.0,2014-05-24,Eden Gardens,Kolkata,Kolkata Knight Riders,,Kolkata Knight Riders,field,YK Pathan,Unknown,Unknown,160,139,120,7,19,5,True
734037,2,Kolkata Knight Riders,Sunrisers Hyderabad,2014.0,2014-05-24,Eden Gardens,Kolkata,Kolkata Knight Riders,,Kolkata Knight Riders,field,YK Pathan,Unknown,Unknown,161,156,86,6,14,11,True
734039,1,Delhi Daredevils,Kings XI Punjab,2014.0,2014-05-25,"Punjab Cricket Association Stadium, Mohali",Chandigarh,Kings XI Punjab,,Kings XI Punjab,field,M Vohra,Unknown,Unknown,115,108,109,10,15,0,True
734039,2,Kings XI Punjab,Delhi Daredevils,2014.0,2014-05-25,"Punjab Cricket Association Stadium, Mohali",Chandigarh,Kings XI Punjab,,Kings XI Punjab,field,M Vohra,Unknown,Unknown,119,104,83,3,10,4,True
734041,1,Rajasthan Royals,Mumbai Indians,2014.0,2014-05-25,Wankhede Stadium,Mumbai,Mumbai Indians,,Mumbai Indians,field,CJ Anderson,Unknown,Unknown,189,184,120,4,17,9,True
734041,2,Mumbai Indians,Rajasthan Royals,2014.0,2014-05-25,Wankhede Stadium,Mumbai,Mumbai Indians,,Mumbai Indians,field,CJ Anderson,Unknown,Unknown,195,188,88,5,19,12,True
734043,1,Kolkata Knight Riders,Kings XI Punjab,2014.0,2014-05-27,Eden Gardens,Kolkata,Kolkata Knight Riders,,Kings XI Punjab,field,UT Yadav,Qualifier 1,Unknown,163,156,120,8,17,6,True
734043,2,Kings XI Punjab,Kolkata Knight Riders,2014.0,2014-05-27,Eden Gardens,Kolkata,Kolkata Knight Riders,,Kings XI Punjab,field,UT Yadav,Qualifier 1,Unknown,135,130,120,8,4,9,True
734045,1,Mumbai Indians,Chennai Super Kings,2014.0,2014-05-28,Brabourne Stadium,Mumbai,Chennai Super Kings,,Chennai Super Kings,field,SK Raina,Eliminator,Unknown,173,171,120,8,14,9,True
734045,2,Chennai Super Kings,Mumbai Indians,2014.0,2014-05-28,Brabourne Stadium,Mumbai,Chennai Super Kings,,Chennai Super Kings,field,SK Raina,Eliminator,Unknown,176,167,112,3,15,8,True
734047,1,Kings XI Punjab,Chennai Super Kings,2014.0,2014-05-30,Wankhede Stadium,Mumbai,Kings XI Punjab,,Chennai Super Kings,field,V Sehwag,Qualifier 2,Unknown,226,215,120,6,19,13,True
734047,2,Chennai Super Kings,Kings XI Punjab,2014.0,2014-05-30,Wankhede Stadium,Mumbai,Kings XI Punjab,,Chennai Super Kings,field,V Sehwag,Qualifier 2,Unknown,202,186,120,7,17,10,True
734049,1,Kings XI Punjab,Kolkata Knight Riders,2014.0,2014-06-01,M Chinnaswamy Stadium,Bangalore,Kolkata Knight Riders,,Kolkata Knight Riders,field,MK Pandey,Final,Unknown,199,191,120,4,17,10,True
734049,2,Kolkata Knight Riders,Kings XI Punjab,2014.0,2014-06-01,M Chinnaswamy Stadium,Bangalore,Kolkata Knight Riders,,Kolkata Knight Riders,field,MK Pandey,Final,Unknown,200,194,117,7,15,11,True
829705,1,Mumbai Indians,Kolkata Knight Riders,2015.0,2015-04-08,Eden Gardens,Kolkata,Kolkata Knight Riders,,Kolkata Knight Riders,field,M Morkel,Unknown,Unknown,168,165,120,3,18,7,True
829705,2,Kolkata Knight Riders,Mumbai Indians,2015.0,2015-04-08,Eden Gardens,Kolkata,Kolkata Knight Riders,,Kolkata Knight Riders,field,M Morkel,Unknown,Unknown,170,166,111,3,11,11,True
829707,1,Chennai Super Kings,Delhi Daredevils,2015.0,2015-04-09,"MA Chidambaram Stadium, Chepauk",Chennai,Chennai Super Kings,,Delhi Daredevils,field,A Nehra,Unknown,Unknown,150,136,120,7,13,3,True
829707,2,Delhi Daredevils,Chennai Super Kings,2015.0,2015-04-09,"MA Chidambaram Stadium, Chepauk",Chennai,Chennai Super Kings,,Delhi Daredevils,field,A Nehra,Unknown,Unknown,149,144,120,9,15,2,True
829709,1,Rajasthan Royals,Kings XI Punjab,2015.0,2015-04-10,Maharashtra Cricket Association Stadium,Pune,Rajasthan Royals,,Kings XI Punjab,field,JP Faulkner,Unknown,Unknown,162,141,120,7,10,7,True
829709,2,Kings XI Punjab,Rajasthan Royals,2015.0,2015-04-10,Maharashtra Cricket Association Stadium,Pune,Rajasthan Royals,,Kings XI Punjab,field,JP Faulkner,Unknown,Unknown,136,127,120,8,14,3,True
829711,1,Chennai Super Kings,Sunrisers Hyderabad,2015.0,2015-04-11,"MA Chidambaram Stadium, Chepauk",Chennai,Chennai Super Kings,,Chennai Super Kings,bat,BB McCullum,Unknown,Unknown,209,194,120,4,16,14,True
829711,2,Sunrisers Hyderabad,Chennai Super Kings,2015.0,2015-04-11,"MA Chidambaram Stadium, Chepauk",Chennai,Chennai Super Kings,,Chennai Super Kings,bat,BB McCullum,Unknown,Unknown,164,153,120,6,8,7,True
829713,1,Kolkata Knight Riders,Royal Challengers Bangalore,2015.0,2015-04-11,Eden Gardens,Kolkata,Royal Challengers Bangalore,,Royal Challengers Bangalore,field,CH Gayle,Unknown,Unknown,177,171,120,6,23,3,True
829713,2,Royal Challengers Bangalore,Kolkata Knight Riders,2015.0,2015-04-11,Eden Gardens,Kolkata,Royal Challengers Bangalore,,Royal Challengers Bangalore,field,CH Gayle,Unknown,Unknown,179,171,114,7,12,12,True
829715,1,Delhi Daredevils,Rajasthan Royals,2015.0,2015-04-12,Feroz Shah Kotla,Delhi,Rajasthan Royals,,Rajasthan Royals,field,DJ Hooda,Unknown,Unknown,184,175,120,3,12,10,True
829715,2,Rajasthan Royals,Delhi Daredevils,2015.0,2015-04-12,Feroz Shah Kotla,Delhi,Rajasthan Royals,,Rajasthan Royals,field,DJ Hooda,Unknown,Unknown,186,180,120,7,15,8,True
829717,1,Kings XI Punjab,Mumbai Indians,2015.0,2015-04-12,Wankhede Stadium,Mumbai,Kings XI Punjab,,Mumbai Indians,field,GJ Bailey,Unknown,Unknown,177,171,120,5,21,4,True
829717,2,Mumbai Indians,Kings XI Punjab,2015.0,2015-04-12,Wankhede Stadium,Mumbai,Kings XI Punjab,,Mumbai Indians,field,GJ Bailey,Unknown,Unknown,159,151,120,7,14,9,True
829719,1,Royal Challengers Bangalore,Sunrisers Hyderabad,2015.0,2015-04-13,M Chinnaswamy Stadium,Bangalore,Sunrisers Hyderabad,,Sunrisers Hyderabad,field,DA Warner,Unknown,Unknown,166,150,119,10,15,7,True
829719,2,Sunrisers Hyderabad,Royal Challengers Bangalore,2015.0,2015-04-13,M Chinnaswamy Stadium,Bangalore,Sunrisers Hyderabad,,Sunrisers Hyderabad,field,DA Warner,Unknown,Unknown,172,156,104,2,14,7,True
829721,1,Mumbai Indians,Rajasthan Royals,2015.0,2015-04-14,"Sardar Patel Stadium, Motera",Ahmedabad,Rajasthan Royals,,Mumbai Indians,bat,SPD Smith,Unknown,Unknown,164,159,120,5,17,8,True
829721,2,Rajasthan Royals,Mumbai Indians,2015.0,2015-04-14,"Sardar Patel Stadium, Motera",Ahmedabad,Rajasthan Royals,,Mumbai Indians,bat,SPD Smith,Unknown,Unknown,165,161,115,3,15,3,True
829723,1,Chennai Super Kings,Kolkata Knight Riders,2015.0,2015-04-30,Eden Gardens,Kolkata,Kolkata Knight Riders,,Kolkata Knight Riders,field,AD Russell,Unknown,Unknown,165,145,120,9,19,5,True
829723,2,Kolkata Knight Riders,Chennai Super Kings,2015.0,2015-04-30,Eden Gardens,Kolkata,Kolkata Knight Riders,,Kolkata Knight Riders,field,AD Russell,Unknown,Unknown,169,159,119,3,11,7,True
829725,1,Kings XI Punjab,Delhi Daredevils,2015.0,2015-04-15,Maharashtra Cricket Association Stadium,Pune,Delhi Daredevils,,Kings XI Punjab,bat,MA Agarwal,Unknown,Unknown,165,157,120,7,7,10,True
829725,2,Delhi Daredevils,Kings XI Punjab,2015.0,2015-04-15,Maharashtra Cricket Association Stadium,Pune,Delhi Daredevils,,Kings XI Punjab,bat,MA Agarwal,Unknown,Unknown,169,158,119,5,17,5,True
829727,1,Sunrisers Hyderabad,Rajasthan Royals,2015.0,2015-04-16,Dr. Y.S. Rajasekhara Reddy ACA-VDCA Cricket Stadium,Visakhapatnam,Rajasthan Royals,,Rajasthan Royals,field,AM Rahane,Unknown,Unknown,127,121,120,5,11,4,True
829727,2,Rajasthan Royals,Sunrisers Hyderabad,2015.0,2015-04-16,Dr. Y.S. Rajasekhara Reddy ACA-VDCA Cricket Stadium,Visakhapatnam,Rajasthan Royals,,Rajasthan Royals,field,AM Rahane,Unknown,Unknown,131,124,120,4,15,0,True
829729,1,Mumbai Indians,Chennai Super Kings,2015.0,2015-04-17,Wankhede Stadium,Mumbai,Chennai Super Kings,,Mumbai Indians,bat,A Nehra,Unknown,Unknown,183,176,120,7,14,10,True
829729,2,Chennai Super Kings,Mumbai Indians,2015.0,2015-04-17,Wankhede Stadium,Mumbai,Chennai Super Kings,,Mumbai Indians,bat,A Nehra,Unknown,Unknown,189,178,100,4,21,9,True
829731,1,Delhi Daredevils,Sunrisers Hyderabad,2015.0,2015-04-18,Dr. Y.S. Rajasekhara Reddy ACA-VDCA Cricket Stadium,Visakhapatnam,Delhi Daredevils,,Delhi Daredevils,bat,JP Duminy,Unknown,Unknown,167,158,120,4,9,9,True
829731,2,Sunrisers Hyderabad,Delhi Daredevils,2015.0,2015-04-18,Dr. Y.S. Rajasekhara Reddy ACA-VDCA Cricket Stadium,Visakhapatnam,Delhi Daredevils,,Delhi Daredevils,bat,JP Duminy,Unknown,Unknown,163,159,120,8,10,8,True
829733,1,Kings XI Punjab,Kolkata Knight Riders,2015.0,2015-04-18,Maharashtra Cricket Association Stadium,Pune,Kolkata Knight Riders,,Kolkata Knight Riders,field,AD Russell,Unknown,Unknown,155,142,120,9,10,7,True
829733,2,Kolkata Knight Riders,Kings XI Punjab,2015.0,2015-04-18,Maharashtra Cricket Association Stadium,Pune,Kolkata Knight Riders,,Kolkata Knight Riders,field,AD Russell,Unknown,Unknown,159,157,107,6,21,4,True
829735,1,Chennai Super Kings,Rajasthan Royals,2015.0,2015-04-19,"Sardar Patel Stadium, Motera",Ahmedabad,Rajasthan Royals,,Chennai Super Kings,bat,AM Rahane,Unknown,Unknown,156,150,120,4,18,3,True
829735,2,Rajasthan Royals,Chennai Super Kings,2015.0,2015-04-19,"Sardar Patel Stadium, Motera",Ahmedabad,Rajasthan Royals,,Chennai Super Kings,bat,AM Rahane,Unknown,Unknown,157,156,110,2,12,6,True
829737,1,Mumbai Indians,Royal Challengers Bangalore,2015.0,2015-04-19,M Chinnaswamy Stadium,Bangalore,Mumbai Indians,,Royal Challengers Bangalore,field,Harbhajan Singh,Unknown,Unknown,209,192,120,7,23,10,True
829737,2,Royal Challengers Bangalore,Mumbai Indians,2015.0,2015-04-19,M Chinnaswamy Stadium,Bangalore,Mumbai Indians,,Royal Challengers Bangalore,field,Harbhajan Singh,Unknown,Unknown,191,175,120,7,20,8,True
829739,1,Delhi Daredevils,Kolkata Knight Riders,2015.0,2015-04-20,Feroz Shah Kotla,Delhi,Kolkata Knight Riders,,Kolkata Knight Riders,field,UT Yadav,Unknown,Unknown,146,133,120,8,13,5,True
829739,2,Kolkata Knight Riders,Delhi Daredevils,2015.0,2015-04-20,Feroz Shah Kotla,Delhi,Kolkata Knight Riders,,Kolkata Knight Riders,field,UT Yadav,Unknown,Unknown,147,140,109,4,18,2,True
829741,1,Rajasthan Royals,Kings XI Punjab,2015.0,2015-04-21,"Sardar Patel Stadium, Motera",Ahmedabad,Unknown,tie,Kings XI Punjab,field,SE Marsh,Unknown,Unknown,191,181,120,6,16,8,True
829741,2,Kings XI Punjab,Rajasthan Royals,2015.0,2015-04-21,"Sardar Patel Stadium, Motera",Ahmedabad,Unknown,tie,Kings XI Punjab,field,SE Marsh,Unknown,Unknown,191,186,120,6,12,10,True
829743,1,Sunrisers Hyderabad,Kolkata Knight Riders,2015.0,2015-04-22,Dr. Y.S. Rajasekhara Reddy ACA-VDCA Cricket Stadium,Visakhapatnam,Sunrisers Hyderabad,,Kolkata Knight Riders,field,DA Warner,Unknown,Unknown,176,172,120,4,15,7,True
829743,2,Kolkata Knight Riders,Sunrisers Hyderabad,2015.0,2015-04-22,Dr. Y.S. Rajasekhara Reddy ACA-VDCA Cricket Stadium,Visakhapatnam,Sunrisers Hyderabad,,Kolkata Knight Riders,field,DA Warner,Unknown,Unknown,101,98,72,4,6,5,True
829745,1,Chennai Super Kings,Royal Challengers Bangalore,2015.0,2015-04-22,M Chinnaswamy Stadium,Bangalore,Chennai Super Kings,,Royal Challengers Bangalore,field,SK Raina,Unknown,Unknown,181,171,120,8,17,10,True
829745,2,Royal Challengers Bangalore,Chennai Super Kings,2015.0,2015-04-22,M Chinnaswamy Stadium,Bangalore,Chennai Super Kings,,Royal Challengers Bangalore,field,SK Raina,Unknown,Unknown,154,148,120,8,12,7,True
829747,1,Delhi Daredevils,Mumbai Indians,2015.0,2015-04-23,Feroz Shah Kotla,Delhi,Delhi Daredevils,,Mumbai Indians,field,SS Iyer,Unknown,Unknown,190,182,120,4,13,11,True
829747,2,Mumbai Indians,Delhi Daredevils,2015.0,2015-04-23,Feroz Shah Kotla,Delhi,Delhi Daredevils,,Mumbai Indians,field,SS Iyer,Unknown,Unknown,153,142,120,9,13,6,True
829749,1,Rajasthan Royals,Royal Challengers Bangalore,2015.0,2015-04-24,"Sardar Patel Stadium, Motera",Ahmedabad,Royal Challengers Bangalore,,Royal Challengers Bangalore,field,MA Starc,Unknown,Unknown,130,126,120,9,10,3,True
829749,2,Royal Challengers Bangalore,Rajasthan Royals,2015.0,2015-04-24,"Sardar Patel Stadium, Motera",Ahmedabad,Royal Challengers Bangalore,,Royal Challengers Bangalore,field,MA Starc,Unknown,Unknown,134,129,97,1,10,4,True
829751,1,Mumbai Indians,Sunrisers Hyderabad,2015.0,2015-04-25,Wankhede Stadium,Mumbai,Mumbai Indians,,Mumbai Indians,bat,SL Malinga,Unknown,Unknown,157,147,120,8,16,3,True
829751,2,Sunrisers Hyderabad,Mumbai Indians,2015.0,2015-04-25,Wankhede Stadium,Mumbai,Mumbai Indians,,Mumbai Indians,bat,SL Malinga,Unknown,Unknown,137,132,120,8,14,2,True
829753,1,Chennai Super Kings,Kings XI Punjab,2015.0,2015-04-25,"MA Chidambaram Stadium, Chepauk",Chennai,Chennai Super Kings,,Chennai Super Kings,bat,BB McCullum,Unknown,Unknown,192,180,120,3,19,7,True
829753,2,Kings XI Punjab,Chennai Super Kings,2015.0,2015-04-25,"MA Chidambaram Stadium, Chepauk",Chennai,Chennai Super Kings,,Chennai Super Kings,bat,BB McCullum,Unknown,Unknown,95,87,120,9,5,2,True
829757,1,Delhi Daredevils,Royal Challengers Bangalore,2015.0,2015-04-26,Feroz Shah Kotla,Delhi,Royal Challengers Bangalore,,Royal Challengers Bangalore,field,VR Aaron,Unknown,Unknown,95,87,110,10,8,1,True
829757,2,Royal Challengers Bangalore,Delhi Daredevils,2015.0,2015-04-26,Feroz Shah Kotla,Delhi,Royal Challengers Bangalore,,Royal Challengers Bangalore,field,VR Aaron,Unknown,Unknown,99,97,63,0,12,4,True
829759,1,Sunrisers Hyderabad,Kings XI Punjab,2015.0,2015-04-27,"Punjab Cricket Association Stadium, Mohali",Chandigarh,Sunrisers Hyderabad,,Kings XI Punjab,field,TA Boult,Unknown,Unknown,150,149,120,6,17,3,True
829759,2,Kings XI Punjab,Sunrisers Hyderabad,2015.0,2015-04-27,"Punjab Cricket Association Stadium, Mohali",Chandigarh,Sunrisers Hyderabad,,Kings XI Punjab,field,TA Boult,Unknown,Unknown,130,123,120,9,7,2,True
829761,1,Kolkata Knight Riders,Delhi Daredevils,2015.0,2015-05-07,Eden Gardens,Kolkata,Kolkata Knight Riders,,Kolkata Knight Riders,bat,PP Chawla,Unknown,Unknown,171,159,120,7,16,6,True
829761,2,Delhi Daredevils,Kolkata Knight Riders,2015.0,2015-05-07,Eden Gardens,Kolkata,Kolkata Knight Riders,,Kolkata Knight Riders,bat,PP Chawla,Unknown,Unknown,158,151,120,6,14,7,True
829763,1,Royal Challengers Bangalore,Rajasthan Royals,2015.0,2015-04-29,M Chinnaswamy Stadium,Bangalore,Unknown,no result,Rajasthan Royals,field,Unknown,Unknown,Unknown,200,184,120,7,25,5,False
829765,1,Chennai Super Kings,Kolkata Knight Riders,2015.0,2015-04-28,"MA Chidambaram Stadium, Chepauk",Chennai,Chennai Super Kings,,Kolkata Knight Riders,field,DJ Bravo,Unknown,Unknown,134,122,120,6,12,3,True
829765,2,Kolkata Knight Riders,Chennai Super Kings,2015.0,2015-04-28,"MA Chidambaram Stadium, Chepauk",Chennai,Chennai Super Kings,,Kolkata Knight Riders,field,DJ Bravo,Unknown,Unknown,132,127,120,9,12,3,True
829767,1,Kings XI Punjab,Delhi Daredevils,2015.0,2015-05-01,Feroz Shah Kotla,Delhi,Delhi Daredevils,,Delhi Daredevils,field,NM Coulter-Nile,Unknown,Unknown,118,110,120,8,9,3,True
829767,2,Delhi Daredevils,Kings XI Punjab,2015.0,2015-05-01,Feroz Shah Kotla,Delhi,Delhi Daredevils,,Delhi Daredevils,field,NM Coulter-Nile,Unknown,Unknown,119,111,83,1,11,4,True
829769,1,Mumbai Indians,Rajasthan Royals,2015.0,2015-05-01,Wankhede Stadium,Mumbai,Mumbai Indians,,Rajasthan Royals,field,AT Rayudu,Unknown,Unknown,187,178,120,5,18,6,True
829769,2,Rajasthan Royals,Mumbai Indians,2015.0,2015-05-01,Wankhede Stadium,Mumbai,Mumbai Indians,,Rajasthan Royals,field,AT Rayudu,Unknown,Unknown,179,167,120,7,15,5,True
829771,1,Kolkata Knight Riders,Royal Challengers Bangalore,2015.0,2015-05-02,M Chinnaswamy Stadium,Bangalore,Royal Challengers Bangalore,,Royal Challengers Bangalore,field,Mandeep Singh,Unknown,Unknown,111,103,60,4,11,5,True
829771,2,Royal Challengers Bangalore,Kolkata Knight Riders,2015.0,2015-05-02,M Chinnaswamy Stadium,Bangalore,Royal Challengers Bangalore,,Royal Challengers Bangalore,field,Mandeep Singh,Unknown,Unknown,115,111,58,3,6,9,True
829773,1,Sunrisers Hyderabad,Chennai Super Kings,2015.0,2015-05-02,"Rajiv Gandhi International Stadium, Uppal",Hyderabad,Sunrisers Hyderabad,,Chennai Super Kings,field,DA Warner,Unknown,Unknown,192,187,120,7,23,6,True
829773,2,Chennai Super Kings,Sunrisers Hyderabad,2015.0,2015-05-02,"Rajiv Gandhi International Stadium, Uppal",Hyderabad,Sunrisers Hyderabad,,Chennai Super Kings,field,DA Warner,Unknown,Unknown,170,163,120,6,16,5,True
829775,1,Mumbai Indians,Kings XI Punjab,2015.0,2015-05-03,"Punjab Cricket Association Stadium, Mohali",Chandigarh,Mumbai Indians,,Mumbai Indians,bat,LMP Simmons,Unknown,Unknown,172,167,120,3,17,4,True
829775,2,Kings XI Punjab,Mumbai Indians,2015.0,2015-05-03,"Punjab Cricket Association Stadium, Mohali",Chandigarh,Mumbai Indians,,Mumbai Indians,bat,LMP Simmons,Unknown,Unknown,149,137,120,7,10,3,True
829777,1,Rajasthan Royals,Delhi Daredevils,2015.0,2015-05-03,Brabourne Stadium,Mumbai,Rajasthan Royals,,Delhi Daredevils,field,AM Rahane,Unknown,Unknown,189,181,120,2,20,5,True
829777,2,Delhi Daredevils,Rajasthan Royals,2015.0,2015-05-03,Brabourne Stadium,Mumbai,Rajasthan Royals,,Delhi Daredevils,field,AM Rahane,Unknown,Unknown,175,160,120,7,13,8,True
829779,1,Chennai Super Kings,Royal Challengers Bangalore,2015.0,2015-05-04,"MA Chidambaram Stadium, Chepauk",Chennai,Chennai Super Kings,,Chennai Super Kings,bat,SK Raina,Unknown,Unknown,148,143,120,9,12,5,True
829779,2,Royal Challengers Bangalore,Chennai Super Kings,2015.0,2015-05-04,"MA Chidambaram Stadium, Chepauk",Chennai,Chennai Super Kings,,Chennai Super Kings,bat,SK Raina,Unknown,Unknown,124,122,118,10,15,1,True
829781,1,Kolkata Knight Riders,Sunrisers Hyderabad,2015.0,2015-05-04,Eden Gardens,Kolkata,Kolkata Knight Riders,,Sunrisers Hyderabad,field,UT Yadav,Unknown,Unknown,167,160,120,7,16,3,True
829781,2,Sunrisers Hyderabad,Kolkata Knight Riders,2015.0,2015-05-04,Eden Gardens,Kolkata,Kolkata Knight Riders,,Sunrisers Hyderabad,field,UT Yadav,Unknown,Unknown,132,128,120,9,8,6,True
829783,1,Delhi Daredevils,Mumbai Indians,2015.0,2015-05-05,Wankhede Stadium,Mumbai,Mumbai Indians,,Delhi Daredevils,bat,Harbhajan Singh,Unknown,Unknown,152,148,120,6,15,6,True
829783,2,Mumbai Indians,Delhi Daredevils,2015.0,2015-05-05,Wankhede Stadium,Mumbai,Mumbai Indians,,Delhi Daredevils,bat,Harbhajan Singh,Unknown,Unknown,153,144,117,5,9,7,True
829785,1,Royal Challengers Bangalore,Kings XI Punjab,2015.0,2015-05-06,M Chinnaswamy Stadium,Bangalore,Royal Challengers Bangalore,,Kings XI Punjab,field,CH Gayle,Unknown,Unknown,226,215,120,3,14,18,True
829785,2,Kings XI Punjab,Royal Challengers Bangalore,2015.0,2015-05-06,M Chinnaswamy Stadium,Bangalore,Royal Challengers Bangalore,,Kings XI Punjab,field,CH Gayle,Unknown,Unknown,88,79,82,10,8,3,True
829787,1,Sunrisers Hyderabad,Rajasthan Royals,2015.0,2015-05-07,Brabourne Stadium,Mumbai,Sunrisers Hyderabad,,Rajasthan Royals,field,EJG Morgan,Unknown,Unknown,201,186,120,4,21,7,True
829787,2,Rajasthan Royals,Sunrisers Hyderabad,2015.0,2015-05-07,Brabourne Stadium,Mumbai,Sunrisers Hyderabad,,Rajasthan Royals,field,EJG Morgan,Unknown,Unknown,194,187,120,7,18,10,True
829789,1,Chennai Super Kings,Mumbai Indians,2015.0,2015-05-08,"MA Chidambaram Stadium, Chepauk",Chennai,Mumbai Indians,,Chennai Super Kings,bat,HH Pandya,Unknown,Unknown,158,152,120,5,14,5,True
829789,2,Mumbai Indians,Chennai Super Kings,2015.0,2015-05-08,"MA Chidambaram Stadium, Chepauk",Chennai,Mumbai Indians,,Chennai Super Kings,bat,HH Pandya,Unknown,Unknown,159,157,116,4,10,8,True
829791,1,Kings XI Punjab,Kolkata Knight Riders,2015.0,2015-05-09,Eden Gardens,Kolkata,Kolkata Knight Riders,,Kings XI Punjab,bat,AD Russell,Unknown,Unknown,183,174,120,5,11,11,True
829791,2,Kolkata Knight Riders,Kings XI Punjab,2015.0,2015-05-09,Eden Gardens,Kolkata,Kolkata Knight Riders,,Kings XI Punjab,bat,AD Russell,Unknown,Unknown,184,177,119,9,20,8,True
829793,1,Sunrisers Hyderabad,Delhi Daredevils,2015.0,2015-05-09,Shaheed Veer Narayan Singh International Stadium,Raipur,Sunrisers Hyderabad,,Sunrisers Hyderabad,bat,MC Henriques,Unknown,Unknown,163,159,120,4,9,6,True
829793,2,Delhi Daredevils,Sunrisers Hyderabad,2015.0,2015-05-09,Shaheed Veer Narayan Singh International Stadium,Raipur,Sunrisers Hyderabad,,Sunrisers Hyderabad,bat,MC Henriques,Unknown,Unknown,157,153,120,4,19,4,True
829795,1,Royal Challengers Bangalore,Mumbai Indians,2015.0,2015-05-10,Wankhede Stadium,Mumbai,Royal Challengers Bangalore,,Royal Challengers Bangalore,bat,AB de Villiers,Unknown,Unknown,235,228,120,1,26,9,True
829795,2,Mumbai Indians,Royal Challengers Bangalore,2015.0,2015-05-10,Wankhede Stadium,Mumbai,Royal Challengers Bangalore,,Royal Challengers Bangalore,bat,AB de Villiers,Unknown,Unknown,196,192,120,7,15,11,True
829797,1,Chennai Super Kings,Rajasthan Royals,2015.0,2015-05-10,"MA Chidambaram Stadium, Chepauk",Chennai,Chennai Super Kings,,Chennai Super Kings,bat,RA Jadeja,Unknown,Unknown,157,149,120,5,14,5,True
829797,2,Rajasthan Royals,Chennai Super Kings,2015.0,2015-05-10,"MA Chidambaram Stadium, Chepauk",Chennai,Chennai Super Kings,,Chennai Super Kings,bat,RA Jadeja,Unknown,Unknown,145,139,120,9,11,3,True
829799,1,Sunrisers Hyderabad,Kings XI Punjab,2015.0,2015-05-11,"Rajiv Gandhi International Stadium, Uppal",Hyderabad,Sunrisers Hyderabad,,Sunrisers Hyderabad,bat,DA Warner,Unknown,Unknown,185,180,120,5,16,9,True
829799,2,Kings XI Punjab,Sunrisers Hyderabad,2015.0,2015-05-11,"Rajiv Gandhi International Stadium, Uppal",Hyderabad,Sunrisers Hyderabad,,Sunrisers Hyderabad,bat,DA Warner,Unknown,Unknown,180,173,120,7,11,12,True
829801,1,Chennai Super Kings,Delhi Daredevils,2015.0,2015-05-12,Shaheed Veer Narayan Singh International Stadium,Raipur,Delhi Daredevils,,Chennai Super Kings,bat,Z Khan,Unknown,Unknown,119,112,120,6,10,3,True
829801,2,Delhi Daredevils,Chennai Super Kings,2015.0,2015-05-12,Shaheed Veer Narayan Singh International Stadium,Raipur,Delhi Daredevils,,Chennai Super Kings,bat,Z Khan,Unknown,Unknown,120,120,100,4,15,3,True
829803,1,Kings XI Punjab,Royal Challengers Bangalore,2015.0,2015-05-13,"Punjab Cricket Association Stadium, Mohali",Chandigarh,Kings XI Punjab,,Royal Challengers Bangalore,field,AR Patel,Unknown,Unknown,106,102,60,6,8,5,True
829803,2,Royal Challengers Bangalore,Kings XI Punjab,2015.0,2015-05-13,"Punjab Cricket Association Stadium, Mohali",Chandigarh,Kings XI Punjab,,Royal Challengers Bangalore,field,AR Patel,Unknown,Unknown,84,76,60,6,6,2,True
829805,1,Mumbai Indians,Kolkata Knight Riders,2015.0,2015-05-14,Wankhede Stadium,Mumbai,Mumbai Indians,,Kolkata Knight Riders,field,HH Pandya,Unknown,Unknown,171,161,120,4,18,4,True
829805,2,Kolkata Knight Riders,Mumbai Indians,2015.0,2015-05-14,Wankhede Stadium,Mumbai,Mumbai Indians,,Kolkata Knight Riders,field,HH Pandya,Unknown,Unknown,166,158,120,7,19,3,True
829807,1,Sunrisers Hyderabad,Royal Challengers Bangalore,2015.0,2015-05-15,"Rajiv Gandhi International Stadium, Uppal",Hyderabad,Royal Challengers Bangalore,,Sunrisers Hyderabad,bat,V Kohli,Unknown,Unknown,135,128,66,3,11,6,True
829807,2,Royal Challengers Bangalore,Sunrisers Hyderabad,2015.0,2015-05-15,"Rajiv Gandhi International Stadium, Uppal",Hyderabad,Royal Challengers Bangalore,,Sunrisers Hyderabad,bat,V Kohli,Unknown,Unknown,83,82,35,4,7,6,True
829809,1,Kings XI Punjab,Chennai Super Kings,2015.0,2015-05-16,"Punjab Cricket Association Stadium, Mohali",Chandigarh,Chennai Super Kings,,Kings XI Punjab,bat,P Negi,Unknown,Unknown,130,121,120,7,11,4,True
829809,2,Chennai Super Kings,Kings XI Punjab,2015.0,2015-05-16,"Punjab Cricket Association Stadium, Mohali",Chandigarh,Chennai Super Kings,,Kings XI Punjab,bat,P Negi,Unknown,Unknown,134,128,101,3,12,3,True
829811,1,Rajasthan Royals,Kolkata Knight Riders,2015.0,2015-05-16,Brabourne Stadium,Mumbai,Rajasthan Royals,,Rajasthan Royals,bat,SR Watson,Unknown,Unknown,199,189,120,6,19,7,True
829811,2,Kolkata Knight Riders,Rajasthan Royals,2015.0,2015-05-16,Brabourne Stadium,Mumbai,Rajasthan Royals,,Rajasthan Royals,bat,SR Watson,Unknown,Unknown,190,164,120,9,22,4,True
829813,1,Delhi Daredevils,Royal Challengers Bangalore,2015.0,2015-05-17,M Chinnaswamy Stadium,Bangalore,Unknown,no result,Royal Challengers Bangalore,field,Unknown,Unknown,Unknown,187,181,120,5,14,9,False
829813,2,Royal Challengers Bangalore,Delhi Daredevils,2015.0,2015-05-17,M Chinnaswamy Stadium,Bangalore,Unknown,no result,Royal Challengers Bangalore,field,Unknown,Unknown,Unknown,2,2,7,0,0,0,False
829815,1,Sunrisers Hyderabad,Mumbai Indians,2015.0,2015-05-17,"Rajiv Gandhi International Stadium, Uppal",Hyderabad,Mumbai Indians,,Sunrisers Hyderabad,bat,MJ McClenaghan,Unknown,Unknown,113,107,120,10,8,1,True
829815,2,Mumbai Indians,Sunrisers Hyderabad,2015.0,2015-05-17,"Rajiv Gandhi International Stadium, Uppal",Hyderabad,Mumbai Indians,,Sunrisers Hyderabad,bat,MJ McClenaghan,Unknown,Unknown,114,106,83,1,13,3,True
829817,1,Mumbai Indians,Chennai Super Kings,2015.0,2015-05-19,Wankhede Stadium,Mumbai,Mumbai Indians,,Mumbai Indians,bat,KA Pollard,Qualifier 1,Unknown,187,178,120,6,11,12,True
829817,2,Chennai Super Kings,Mumbai Indians,2015.0,2015-05-19,Wankhede Stadium,Mumbai,Mumbai Indians,,Mumbai Indians,bat,KA Pollard,Qualifier 1,Unknown,162,154,114,10,11,7,True
829819,1,Royal Challengers Bangalore,Rajasthan Royals,2015.0,2015-05-20,Maharashtra Cricket Association Stadium,Pune,Royal Challengers Bangalore,,Royal Challengers Bangalore,bat,AB de Villiers,Eliminator,Unknown,180,168,120,4,15,8,True
829819,2,Rajasthan Royals,Royal Challengers Bangalore,2015.0,2015-05-20,Maharashtra Cricket Association Stadium,Pune,Royal Challengers Bangalore,,Royal Challengers Bangalore,bat,AB de Villiers,Eliminator,Unknown,109,106,114,10,11,0,True
829821,1,Royal Challengers Bangalore,Chennai Super Kings,2015.0,2015-05-22,JSCA International Stadium Complex,Ranchi,Chennai Super Kings,,Chennai Super Kings,field,A Nehra,Qualifier 2,Unknown,139,132,120,8,11,5,True
829821,2,Chennai Super Kings,Royal Challengers Bangalore,2015.0,2015-05-22,JSCA International Stadium Complex,Ranchi,Chennai Super Kings,,Chennai Super Kings,field,A Nehra,Qualifier 2,Unknown,140,133,119,7,9,3,True
829823,1,Mumbai Indians,Chennai Super Kings,2015.0,2015-05-24,Eden Gardens,Kolkata,Mumbai Indians,,Chennai Super Kings,field,RG Sharma,Final,Unknown,202,196,120,5,16,12,True
829823,2,Chennai Super Kings,Mumbai Indians,2015.0,2015-05-24,Eden Gardens,Kolkata,Mumbai Indians,,Chennai Super Kings,field,RG Sharma,Final,Unknown,161,154,120,8,16,6,True
980901,1,Mumbai Indians,Rising Pune Supergiants,2016.0,2016-04-09,Wankhede Stadium,Mumbai,Rising Pune Supergiants,,Mumbai Indians,bat,AM Rahane,Unknown,Unknown,121,108,120,8,12,3,True
980901,2,Rising Pune Supergiants,Mumbai Indians,2016.0,2016-04-09,Wankhede Stadium,Mumbai,Rising Pune Supergiants,,Mumbai Indians,bat,AM Rahane,Unknown,Unknown,126,121,88,1,8,8,True
980903,1,Delhi Daredevils,Kolkata Knight Riders,2016.0,2016-04-10,Eden Gardens,Kolkata,Kolkata Knight Riders,,Kolkata Knight Riders,field,AD Russell,Unknown,Unknown,98,86,106,10,8,3,True
980903,2,Kolkata Knight Riders,Delhi Daredevils,2016.0,2016-04-10,Eden Gardens,Kolkata,Kolkata Knight Riders,,Kolkata Knight Riders,field,AD Russell,Unknown,Unknown,99,88,85,1,15,0,True
980905,1,Kings XI Punjab,Gujarat Lions,2016.0,2016-04-11,"Punjab Cricket Association IS Bindra Stadium, Mohali",Chandigarh,Gujarat Lions,,Gujarat Lions,field,AJ Finch,Unknown,Unknown,161,154,120,6,14,4,True
980905,2,Gujarat Lions,Kings XI Punjab,2016.0,2016-04-11,"Punjab Cricket Association IS Bindra Stadium, Mohali",Chandigarh,Gujarat Lions,,Gujarat Lions,field,AJ Finch,Unknown,Unknown,162,156,106,5,22,2,True
980907,1,Royal Challengers Bangalore,Sunrisers Hyderabad,2016.0,2016-04-12,M Chinnaswamy Stadium,Bangalore,Royal Challengers Bangalore,,Sunrisers Hyderabad,field,AB de Villiers,Unknown,Unknown,227,220,120,4,20,14,True
980907,2,Sunrisers Hyderabad,Royal Challengers Bangalore,2016.0,2016-04-12,M Chinnaswamy Stadium,Bangalore,Royal Challengers Bangalore,,Sunrisers Hyderabad,field,AB de Villiers,Unknown,Unknown,182,171,120,6,15,9,True
980909,1,Kolkata Knight Riders,Mumbai Indians,2016.0,2016-04-13,Eden Gardens,Kolkata,Mumbai Indians,,Mumbai Indians,field,RG Sharma,Unknown,Unknown,187,177,120,5,11,8,True
980909,2,Mumbai Indians,Kolkata Knight Riders,2016.0,2016-04-13,Eden Gardens,Kolkata,Mumbai Indians,,Mumbai Indians,field,RG Sharma,Unknown,Unknown,188,178,115,4,17,9,True
980911,1,Rising Pune Supergiants,Gujarat Lions,2016.0,2016-04-14,Saurashtra Cricket Association Stadium,Rajkot,Gujarat Lions,,Rising Pune Supergiants,bat,AJ Finch,Unknown,Unknown,163,161,120,5,13,6,True
980911,2,Gujarat Lions,Rising Pune Supergiants,2016.0,2016-04-14,Saurashtra Cricket Association Stadium,Rajkot,Gujarat Lions,,Rising Pune Supergiants,bat,AJ Finch,Unknown,Unknown,164,149,108,3,14,6,True
980913,1,Kings XI Punjab,Delhi Daredevils,2016.0,2016-04-15,Feroz Shah Kotla,Delhi,Delhi Daredevils,,Delhi Daredevils,field,A Mishra,Unknown,Unknown,111,107,120,9,11,2,True
980913,2,Delhi Daredevils,Kings XI Punjab,2016.0,2016-04-15,Feroz Shah Kotla,Delhi,Delhi Daredevils,,Delhi Daredevils,field,A Mishra,Unknown,Unknown,113,103,81,2,12,3,True
980915,1,Sunrisers Hyderabad,Kolkata Knight Riders,2016.0,2016-04-16,"Rajiv Gandhi International Stadium, Uppal",Hyderabad,Kolkata Knight Riders,,Sunrisers Hyderabad,bat,G Gambhir,Unknown,Unknown,142,134,120,7,9,5,True
980915,2,Kolkata Knight Riders,Sunrisers Hyderabad,2016.0,2016-04-16,"Rajiv Gandhi International Stadium, Uppal",Hyderabad,Kolkata Knight Riders,,Sunrisers Hyderabad,bat,G Gambhir,Unknown,Unknown,146,141,110,2,16,2,True
980917,1,Mumbai Indians,Gujarat Lions,2016.0,2016-04-16,Wankhede Stadium,Mumbai,Gujarat Lions,,Gujarat Lions,field,AJ Finch,Unknown,Unknown,143,133,120,8,11,5,True
980917,2,Gujarat Lions,Mumbai Indians,2016.0,2016-04-16,Wankhede Stadium,Mumbai,Gujarat Lions,,Gujarat Lions,field,AJ Finch,Unknown,Unknown,147,136,120,7,14,3,True
980919,1,Rising Pune Supergiants,Kings XI Punjab,2016.0,2016-04-17,"Punjab Cricket Association IS Bindra Stadium, Mohali",Chandigarh,Kings XI Punjab,,Rising Pune Supergiants,bat,M Vohra,Unknown,Unknown,152,141,120,7,18,0,True
980919,2,Kings XI Punjab,Rising Pune Supergiants,2016.0,2016-04-17,"Punjab Cricket Association IS Bindra Stadium, Mohali",Chandigarh,Kings XI Punjab,,Rising Pune Supergiants,bat,M Vohra,Unknown,Unknown,153,151,112,4,15,4,True
980921,1,Royal Challengers Bangalore,Delhi Daredevils,2016.0,2016-04-17,M Chinnaswamy Stadium,Bangalore,Delhi Daredevils,,Delhi Daredevils,field,Q de Kock,Unknown,Unknown,191,182,120,5,19,7,True
980921,2,Delhi Daredevils,Royal Challengers Bangalore,2016.0,2016-04-17,M Chinnaswamy Stadium,Bangalore,Delhi Daredevils,,Delhi Daredevils,field,Q de Kock,Unknown,Unknown,192,178,115,3,22,4,True
980923,1,Mumbai Indians,Sunrisers Hyderabad,2016.0,2016-04-18,"Rajiv Gandhi International Stadium, Uppal",Hyderabad,Sunrisers Hyderabad,,Sunrisers Hyderabad,field,DA Warner,Unknown,Unknown,142,134,120,6,9,5,True
980923,2,Sunrisers Hyderabad,Mumbai Indians,2016.0,2016-04-18,"Rajiv Gandhi International Stadium, Uppal",Hyderabad,Sunrisers Hyderabad,,Sunrisers Hyderabad,field,DA Warner,Unknown,Unknown,145,140,105,3,11,5,True
980925,1,Kings XI Punjab,Kolkata Knight Riders,2016.0,2016-04-19,"Punjab Cricket Association IS Bindra Stadium, Mohali",Chandigarh,Kolkata Knight Riders,,Kolkata Knight Riders,field,RV Uthappa,Unknown,Unknown,138,131,120,8,10,2,True
980925,2,Kolkata Knight Riders,Kings XI Punjab,2016.0,2016-04-19,"Punjab Cricket Association IS Bindra Stadium, Mohali",Chandigarh,Kolkata Knight Riders,,Kolkata Knight Riders,field,RV Uthappa,Unknown,Unknown,141,133,103,4,18,0,True
980927,1,Royal Challengers Bangalore,Mumbai Indians,2016.0,2016-04-20,Wankhede Stadium,Mumbai,Mumbai Indians,,Mumbai Indians,field,RG Sharma,Unknown,Unknown,170,157,120,7,12,7,True
980927,2,Mumbai Indians,Royal Challengers Bangalore,2016.0,2016-04-20,Wankhede Stadium,Mumbai,Mumbai Indians,,Mumbai Indians,field,RG Sharma,Unknown,Unknown,171,167,108,4,16,8,True
980929,1,Gujarat Lions,Sunrisers Hyderabad,2016.0,2016-04-21,Saurashtra Cricket Association Stadium,Rajkot,Sunrisers Hyderabad,,Sunrisers Hyderabad,field,B Kumar,Unknown,Unknown,135,130,120,8,11,1,True
980929,2,Sunrisers Hyderabad,Gujarat Lions,2016.0,2016-04-21,Saurashtra Cricket Association Stadium,Rajkot,Sunrisers Hyderabad,,Sunrisers Hyderabad,field,B Kumar,Unknown,Unknown,137,127,89,0,14,0,True
980931,1,Royal Challengers Bangalore,Rising Pune Supergiants,2016.0,2016-04-22,Maharashtra Cricket Association Stadium,Pune,Royal Challengers Bangalore,,Rising Pune Supergiants,field,AB de Villiers,Unknown,Unknown,185,173,120,3,14,6,True
980931,2,Rising Pune Supergiants,Royal Challengers Bangalore,2016.0,2016-04-22,Maharashtra Cricket Association Stadium,Pune,Royal Challengers Bangalore,,Rising Pune Supergiants,field,AB de Villiers,Unknown,Unknown,172,165,120,8,16,4,True
980933,1,Delhi Daredevils,Mumbai Indians,2016.0,2016-04-23,Feroz Shah Kotla,Delhi,Delhi Daredevils,,Mumbai Indians,field,SV Samson,Unknown,Unknown,164,152,120,4,12,5,True
980933,2,Mumbai Indians,Delhi Daredevils,2016.0,2016-04-23,Feroz Shah Kotla,Delhi,Delhi Daredevils,,Mumbai Indians,field,SV Samson,Unknown,Unknown,154,151,120,7,15,4,True
980935,1,Kings XI Punjab,Sunrisers Hyderabad,2016.0,2016-04-23,"Rajiv Gandhi International Stadium, Uppal",Hyderabad,Sunrisers Hyderabad,,Sunrisers Hyderabad,field,Mustafizur Rahman,Unknown,Unknown,143,138,120,6,9,6,True
980935,2,Sunrisers Hyderabad,Kings XI Punjab,2016.0,2016-04-23,"Rajiv Gandhi International Stadium, Uppal",Hyderabad,Sunrisers Hyderabad,,Sunrisers Hyderabad,field,Mustafizur Rahman,Unknown,Unknown,146,141,107,5,14,4,True
980937,1,Royal Challengers Bangalore,Gujarat Lions,2016.0,2016-04-24,Saurashtra Cricket Association Stadium,Rajkot,Gujarat Lions,,Royal Challengers Bangalore,bat,V Kohli,Unknown,Unknown,180,177,120,2,18,4,True
980937,2,Gujarat Lions,Royal Challengers Bangalore,2016.0,2016-04-24,Saurashtra Cricket Association Stadium,Rajkot,Gujarat Lions,,Royal Challengers Bangalore,bat,V Kohli,Unknown,Unknown,182,168,117,4,15,5,True
980939,1,Rising Pune Supergiants,Kolkata Knight Riders,2016.0,2016-04-24,Maharashtra Cricket Association Stadium,Pune,Kolkata Knight Riders,,Kolkata Knight Riders,field,SA Yadav,Unknown,Unknown,160,154,120,5,8,7,True
980939,2,Kolkata Knight Riders,Rising Pune Supergiants,2016.0,2016-04-24,Maharashtra Cricket Association Stadium,Pune,Kolkata Knight Riders,,Kolkata Knight Riders,field,SA Yadav,Unknown,Unknown,162,152,117,8,11,8,True
980941,1,Mumbai Indians,Kings XI Punjab,2016.0,2016-04-25,"Punjab Cricket Association IS Bindra Stadium, Mohali",Chandigarh,Mumbai Indians,,Kings XI Punjab,field,PA Patel,Unknown,Unknown,189,184,120,6,18,7,True
980941,2,Kings XI Punjab,Mumbai Indians,2016.0,2016-04-25,"Punjab Cricket Association IS Bindra Stadium, Mohali",Chandigarh,Mumbai Indians,,Kings XI Punjab,field,PA Patel,Unknown,Unknown,164,159,120,7,11,5,True
980943,1,Sunrisers Hyderabad,Rising Pune Supergiants,2016.0,2016-04-26,"Rajiv Gandhi International Stadium, Uppal",Hyderabad,Rising Pune Supergiants,,Rising Pune Supergiants,field,AB Dinda,Unknown,Unknown,118,110,120,8,6,3,True
980943,2,Rising Pune Supergiants,Sunrisers Hyderabad,2016.0,2016-04-26,"Rajiv Gandhi International Stadium, Uppal",Hyderabad,Rising Pune Supergiants,,Rising Pune Supergiants,field,AB Dinda,Unknown,Unknown,94,81,66,3,11,2,True
980945,1,Gujarat Lions,Delhi Daredevils,2016.0,2016-04-27,Feroz Shah Kotla,Delhi,Gujarat Lions,,Delhi Daredevils,field,CH Morris,Unknown,Unknown,172,169,120,6,14,7,True
980945,2,Delhi Daredevils,Gujarat Lions,2016.0,2016-04-27,Feroz Shah Kotla,Delhi,Gujarat Lions,,Delhi Daredevils,field,CH Morris,Unknown,Unknown,171,168,120,5,11,9,True
980947,1,Kolkata Knight Riders,Mumbai Indians,2016.0,2016-04-28,Wankhede Stadium,Mumbai,Mumbai Indians,,Mumbai Indians,field,RG Sharma,Unknown,Unknown,174,173,120,5,17,3,True
980947,2,Mumbai Indians,Kolkata Knight Riders,2016.0,2016-04-28,Wankhede Stadium,Mumbai,Mumbai Indians,,Mumbai Indians,field,RG Sharma,Unknown,Unknown,178,173,108,4,18,9,True
980949,1,Rising Pune Supergiants,Gujarat Lions,2016.0,2016-04-29,Maharashtra Cricket Association Stadium,Pune,Gujarat Lions,,Gujarat Lions,field,DR Smith,Unknown,Unknown,195,188,120,3,15,7,True
980949,2,Gujarat Lions,Rising Pune Supergiants,2016.0,2016-04-29,Maharashtra Cricket Association Stadium,Pune,Gujarat Lions,,Gujarat Lions,field,DR Smith,Unknown,Unknown,196,189,120,7,22,3,True
980951,1,Delhi Daredevils,Kolkata Knight Riders,2016.0,2016-04-30,Feroz Shah Kotla,Delhi,Delhi Daredevils,,Kolkata Knight Riders,field,CR Brathwaite,Unknown,Unknown,186,176,120,8,17,6,True
980951,2,Kolkata Knight Riders,Delhi Daredevils,2016.0,2016-04-30,Feroz Shah Kotla,Delhi,Delhi Daredevils,,Kolkata Knight Riders,field,CR Brathwaite,Unknown,Unknown,159,146,111,10,13,4,True
980953,1,Sunrisers Hyderabad,Royal Challengers Bangalore,2016.0,2016-04-30,"Rajiv Gandhi International Stadium, Uppal",Hyderabad,Sunrisers Hyderabad,,Royal Challengers Bangalore,field,DA Warner,Unknown,Unknown,194,189,120,5,19,8,True
980953,2,Royal Challengers Bangalore,Sunrisers Hyderabad,2016.0,2016-04-30,"Rajiv Gandhi International Stadium, Uppal",Hyderabad,Sunrisers Hyderabad,,Royal Challengers Bangalore,field,DA Warner,Unknown,Unknown,179,176,120,6,14,6,True
980955,1,Kings XI Punjab,Gujarat Lions,2016.0,2016-05-01,Saurashtra Cricket Association Stadium,Rajkot,Kings XI Punjab,,Gujarat Lions,field,AR Patel,Unknown,Unknown,154,150,119,10,15,1,True
980955,2,Gujarat Lions,Kings XI Punjab,2016.0,2016-05-01,Saurashtra Cricket Association Stadium,Rajkot,Kings XI Punjab,,Gujarat Lions,field,AR Patel,Unknown,Unknown,131,127,120,9,11,2,True
980957,1,Rising Pune Supergiants,Mumbai Indians,2016.0,2016-05-01,Maharashtra Cricket Association Stadium,Pune,Mumbai Indians,,Mumbai Indians,field,RG Sharma,Unknown,Unknown,159,151,120,5,10,6,True
980957,2,Mumbai Indians,Rising Pune Supergiants,2016.0,2016-05-01,Maharashtra Cricket Association Stadium,Pune,Mumbai Indians,,Mumbai Indians,field,RG Sharma,Unknown,Unknown,161,155,111,2,15,5,True
980959,1,Royal Challengers Bangalore,Kolkata Knight Riders,2016.0,2016-05-02,M Chinnaswamy Stadium,Bangalore,Kolkata Knight Riders,,Kolkata Knight Riders,field,AD Russell,Unknown,Unknown,185,181,120,7,18,7,True
980959,2,Kolkata Knight Riders,Royal Challengers Bangalore,2016.0,2016-05-02,M Chinnaswamy Stadium,Bangalore,Kolkata Knight Riders,,Kolkata Knight Riders,field,AD Russell,Unknown,Unknown,189,170,115,5,13,9,True
980961,1,Gujarat Lions,Delhi Daredevils,2016.0,2016-05-03,Saurashtra Cricket Association Stadium,Rajkot,Delhi Daredevils,,Delhi Daredevils,field,RR Pant,Unknown,Unknown,149,143,120,7,14,2,True
980961,2,Delhi Daredevils,Gujarat Lions,2016.0,2016-05-03,Saurashtra Cricket Association Stadium,Rajkot,Delhi Daredevils,,Delhi Daredevils,field,RR Pant,Unknown,Unknown,150,147,104,2,16,4,True
980963,1,Kolkata Knight Riders,Kings XI Punjab,2016.0,2016-05-04,Eden Gardens,Kolkata,Kolkata Knight Riders,,Kings XI Punjab,field,AD Russell,Unknown,Unknown,164,159,120,3,13,5,True
980963,2,Kings XI Punjab,Kolkata Knight Riders,2016.0,2016-05-04,Eden Gardens,Kolkata,Kolkata Knight Riders,,Kings XI Punjab,field,AD Russell,Unknown,Unknown,157,145,120,9,12,6,True
980965,1,Delhi Daredevils,Rising Pune Supergiants,2016.0,2016-05-05,Feroz Shah Kotla,Delhi,Rising Pune Supergiants,,Rising Pune Supergiants,field,AM Rahane,Unknown,Unknown,162,154,120,7,11,6,True
980965,2,Rising Pune Supergiants,Delhi Daredevils,2016.0,2016-05-05,Feroz Shah Kotla,Delhi,Rising Pune Supergiants,,Rising Pune Supergiants,field,AM Rahane,Unknown,Unknown,166,155,115,3,11,6,True
980967,1,Gujarat Lions,Sunrisers Hyderabad,2016.0,2016-05-06,"Rajiv Gandhi International Stadium, Uppal",Hyderabad,Sunrisers Hyderabad,,Sunrisers Hyderabad,field,B Kumar,Unknown,Unknown,126,121,120,6,8,3,True
980967,2,Sunrisers Hyderabad,Gujarat Lions,2016.0,2016-05-06,"Rajiv Gandhi International Stadium, Uppal",Hyderabad,Sunrisers Hyderabad,,Sunrisers Hyderabad,field,B Kumar,Unknown,Unknown,129,123,114,5,13,2,True
980969,1,Rising Pune Supergiants,Royal Challengers Bangalore,2016.0,2016-05-07,M Chinnaswamy Stadium,Bangalore,Royal Challengers Bangalore,,Royal Challengers Bangalore,field,V Kohli,Unknown,Unknown,191,184,120,6,20,7,True
980969,2,Royal Challengers Bangalore,Rising Pune Supergiants,2016.0,2016-05-07,M Chinnaswamy Stadium,Bangalore,Royal Challengers Bangalore,,Royal Challengers Bangalore,field,V Kohli,Unknown,Unknown,195,189,117,3,14,11,True
980971,1,Kings XI Punjab,Delhi Daredevils,2016.0,2016-05-07,"Punjab Cricket Association IS Bindra Stadium, Mohali",Chandigarh,Kings XI Punjab,,Delhi Daredevils,field,MP Stoinis,Unknown,Unknown,181,173,120,5,15,5,True
980971,2,Delhi Daredevils,Kings XI Punjab,2016.0,2016-05-07,"Punjab Cricket Association IS Bindra Stadium, Mohali",Chandigarh,Kings XI Punjab,,Delhi Daredevils,field,MP Stoinis,Unknown,Unknown,172,163,120,5,13,5,True
980973,1,Sunrisers Hyderabad,Mumbai Indians,2016.0,2016-05-08,Dr. Y.S. Rajasekhara Reddy ACA-VDCA Cricket Stadium,Visakhapatnam,Sunrisers Hyderabad,,Mumbai Indians,field,A Nehra,Unknown,Unknown,177,172,120,3,20,4,True
980973,2,Mumbai Indians,Sunrisers Hyderabad,2016.0,2016-05-08,Dr. Y.S. Rajasekhara Reddy ACA-VDCA Cricket Stadium,Visakhapatnam,Sunrisers Hyderabad,,Mumbai Indians,field,A Nehra,Unknown,Unknown,92,86,99,10,10,1,True
980975,1,Kolkata Knight Riders,Gujarat Lions,2016.0,2016-05-08,Eden Gardens,Kolkata,Gujarat Lions,,Gujarat Lions,field,P Kumar,Unknown,Unknown,158,152,120,4,14,5,True
980975,2,Gujarat Lions,Kolkata Knight Riders,2016.0,2016-05-08,Eden Gardens,Kolkata,Gujarat Lions,,Gujarat Lions,field,P Kumar,Unknown,Unknown,164,159,108,5,19,7,True
980977,1,Royal Challengers Bangalore,Kings XI Punjab,2016.0,2016-05-09,"Punjab Cricket Association IS Bindra Stadium, Mohali",Chandigarh,Royal Challengers Bangalore,,Kings XI Punjab,field,SR Watson,Unknown,Unknown,175,171,120,6,15,3,True
980977,2,Kings XI Punjab,Royal Challengers Bangalore,2016.0,2016-05-09,"Punjab Cricket Association IS Bindra Stadium, Mohali",Chandigarh,Royal Challengers Bangalore,,Kings XI Punjab,field,SR Watson,Unknown,Unknown,174,169,120,4,19,2,True
980979,1,Sunrisers Hyderabad,Rising Pune Supergiants,2016.0,2016-05-10,Dr. Y.S. Rajasekhara Reddy ACA-VDCA Cricket Stadium,Visakhapatnam,Sunrisers Hyderabad,,Sunrisers Hyderabad,bat,A Zampa,Unknown,Unknown,137,132,120,8,8,7,True
980979,2,Rising Pune Supergiants,Sunrisers Hyderabad,2016.0,2016-05-10,Dr. Y.S. Rajasekhara Reddy ACA-VDCA Cricket Stadium,Visakhapatnam,Sunrisers Hyderabad,,Sunrisers Hyderabad,bat,A Zampa,Unknown,Unknown,133,130,120,8,10,4,True
980981,1,Royal Challengers Bangalore,Mumbai Indians,2016.0,2016-05-11,M Chinnaswamy Stadium,Bangalore,Mumbai Indians,,Mumbai Indians,field,KH Pandya,Unknown,Unknown,151,144,120,4,8,9,True
980981,2,Mumbai Indians,Royal Challengers Bangalore,2016.0,2016-05-11,M Chinnaswamy Stadium,Bangalore,Mumbai Indians,,Mumbai Indians,field,KH Pandya,Unknown,Unknown,153,143,112,4,9,8,True
980983,1,Sunrisers Hyderabad,Delhi Daredevils,2016.0,2016-05-12,"Rajiv Gandhi International Stadium, Uppal",Hyderabad,Delhi Daredevils,,Delhi Daredevils,field,CH Morris,Unknown,Unknown,146,135,120,8,14,2,True
980983,2,Delhi Daredevils,Sunrisers Hyderabad,2016.0,2016-05-12,"Rajiv Gandhi International Stadium, Uppal",Hyderabad,Delhi Daredevils,,Delhi Daredevils,field,CH Morris,Unknown,Unknown,150,147,109,3,12,7,True
980985,1,Mumbai Indians,Kings XI Punjab,2016.0,2016-05-13,Dr. Y.S. Rajasekhara Reddy ACA-VDCA Cricket Stadium,Visakhapatnam,Kings XI Punjab,,Mumbai Indians,bat,MP Stoinis,Unknown,Unknown,124,116,120,9,5,8,True
980985,2,Kings XI Punjab,Mumbai Indians,2016.0,2016-05-13,Dr. Y.S. Rajasekhara Reddy ACA-VDCA Cricket Stadium,Visakhapatnam,Kings XI Punjab,,Mumbai Indians,bat,MP Stoinis,Unknown,Unknown,127,116,102,3,12,2,True
980987,1,Royal Challengers Bangalore,Gujarat Lions,2016.0,2016-05-14,M Chinnaswamy Stadium,Bangalore,Royal Challengers Bangalore,,Gujarat Lions,field,AB de Villiers,Unknown,Unknown,248,244,120,3,17,20,True
980987,2,Gujarat Lions,Royal Challengers Bangalore,2016.0,2016-05-14,M Chinnaswamy Stadium,Bangalore,Royal Challengers Bangalore,,Gujarat Lions,field,AB de Villiers,Unknown,Unknown,104,92,112,10,9,2,True
980989,1,Rising Pune Supergiants,Kolkata Knight Riders,2016.0,2016-05-14,Eden Gardens,Kolkata,Kolkata Knight Riders,,Rising Pune Supergiants,bat,YK Pathan,Unknown,Unknown,103,97,106,6,7,2,True
980989,2,Kolkata Knight Riders,Rising Pune Supergiants,2016.0,2016-05-14,Eden Gardens,Kolkata,Kolkata Knight Riders,,Rising Pune Supergiants,bat,YK Pathan,Unknown,Unknown,66,56,30,2,6,3,True
980991,1,Kings XI Punjab,Sunrisers Hyderabad,2016.0,2016-05-15,"Punjab Cricket Association IS Bindra Stadium, Mohali",Chandigarh,Sunrisers Hyderabad,,Kings XI Punjab,bat,HM Amla,Unknown,Unknown,179,176,120,4,23,3,True
980991,2,Sunrisers Hyderabad,Kings XI Punjab,2016.0,2016-05-15,"Punjab Cricket Association IS Bindra Stadium, Mohali",Chandigarh,Sunrisers Hyderabad,,Kings XI Punjab,bat,HM Amla,Unknown,Unknown,180,171,118,3,15,7,True
980993,1,Mumbai Indians,Delhi Daredevils,2016.0,2016-05-15,Dr. Y.S. Rajasekhara Reddy ACA-VDCA Cricket Stadium,Visakhapatnam,Mumbai Indians,,Delhi Daredevils,field,KH Pandya,Unknown,Unknown,206,199,120,4,13,14,True
980993,2,Delhi Daredevils,Mumbai Indians,2016.0,2016-05-15,Dr. Y.S. Rajasekhara Reddy ACA-VDCA Cricket Stadium,Visakhapatnam,Mumbai Indians,,Delhi Daredevils,field,KH Pandya,Unknown,Unknown,126,123,115,10,11,5,True
980995,1,Kolkata Knight Riders,Royal Challengers Bangalore,2016.0,2016-05-16,Eden Gardens,Kolkata,Royal Challengers Bangalore,,Royal Challengers Bangalore,field,V Kohli,Unknown,Unknown,183,171,120,5,16,6,True
980995,2,Royal Challengers Bangalore,Kolkata Knight Riders,2016.0,2016-05-16,Eden Gardens,Kolkata,Royal Challengers Bangalore,,Royal Challengers Bangalore,field,V Kohli,Unknown,Unknown,186,183,112,1,15,10,True
980997,1,Delhi Daredevils,Rising Pune Supergiants,2016.0,2016-05-17,Dr. Y.S. Rajasekhara Reddy ACA-VDCA Cricket Stadium,Visakhapatnam,Rising Pune Supergiants,,Rising Pune Supergiants,field,AB Dinda,Unknown,Unknown,121,119,120,6,11,2,True
980997,2,Rising Pune Supergiants,Delhi Daredevils,2016.0,2016-05-17,Dr. Y.S. Rajasekhara Reddy ACA-VDCA Cricket Stadium,Visakhapatnam,Rising Pune Supergiants,,Rising Pune Supergiants,field,AB Dinda,Unknown,Unknown,76,69,66,1,10,1,True
980999,1,Royal Challengers Bangalore,Kings XI Punjab,2016.0,2016-05-18,M Chinnaswamy Stadium,Bangalore,Royal Challengers Bangalore,,Kings XI Punjab,field,V Kohli,Unknown,Unknown,211,203,90,3,19,16,True
980999,2,Kings XI Punjab,Royal Challengers Bangalore,2016.0,2016-05-18,M Chinnaswamy Stadium,Bangalore,Royal Challengers Bangalore,,Kings XI Punjab,field,V Kohli,Unknown,Unknown,120,114,84,9,12,4,True
981001,1,Kolkata Knight Riders,Gujarat Lions,2016.0,2016-05-19,Green Park,Kanpur,Gujarat Lions,,Gujarat Lions,field,DR Smith,Unknown,Unknown,124,117,120,8,10,4,True
981001,2,Gujarat Lions,Kolkata Knight Riders,2016.0,2016-05-19,Green Park,Kanpur,Gujarat Lions,,Gujarat Lions,field,DR Smith,Unknown,Unknown,125,108,81,4,11,4,True
981003,1,Sunrisers Hyderabad,Delhi Daredevils,2016.0,2016-05-20,Shaheed Veer Narayan Singh International Stadium,Raipur,Delhi Daredevils,,Delhi Daredevils,field,KK Nair,Unknown,Unknown,158,155,120,7,15,3,True
981003,2,Delhi Daredevils,Sunrisers Hyderabad,2016.0,2016-05-20,Shaheed Veer Narayan Singh International Stadium,Raipur,Delhi Daredevils,,Delhi Daredevils,field,KK Nair,Unknown,Unknown,161,147,120,4,14,3,True
981005,1,Kings XI Punjab,Rising Pune Supergiants,2016.0,2016-05-21,Dr. Y.S. Rajasekhara Reddy ACA-VDCA Cricket Stadium,Visakhapatnam,Rising Pune Supergiants,,Kings XI Punjab,bat,MS Dhoni,Unknown,Unknown,172,168,120,7,13,8,True
981005,2,Rising Pune Supergiants,Kings XI Punjab,2016.0,2016-05-21,Dr. Y.S. Rajasekhara Reddy ACA-VDCA Cricket Stadium,Visakhapatnam,Rising Pune Supergiants,,Kings XI Punjab,bat,MS Dhoni,Unknown,Unknown,173,165,120,6,14,8,True
981007,1,Mumbai Indians,Gujarat Lions,2016.0,2016-05-21,Green Park,Kanpur,Gujarat Lions,,Gujarat Lions,field,SK Raina,Unknown,Unknown,172,164,120,8,17,7,True
981007,2,Gujarat Lions,Mumbai Indians,2016.0,2016-05-21,Green Park,Kanpur,Gujarat Lions,,Gujarat Lions,field,SK Raina,Unknown,Unknown,173,167,107,4,24,5,True
981009,1,Kolkata Knight Riders,Sunrisers Hyderabad,2016.0,2016-05-22,Eden Gardens,Kolkata,Kolkata Knight Riders,,Sunrisers Hyderabad,field,YK Pathan,Unknown,Unknown,171,167,120,6,13,5,True
981009,2,Sunrisers Hyderabad,Kolkata Knight Riders,2016.0,2016-05-22,Eden Gardens,Kolkata,Kolkata Knight Riders,,Sunrisers Hyderabad,field,YK Pathan,Unknown,Unknown,149,138,120,8,9,6,True
981011,1,Delhi Daredevils,Royal Challengers Bangalore,2016.0,2016-05-22,Shaheed Veer Narayan Singh International Stadium,Raipur,Royal Challengers Bangalore,,Royal Challengers Bangalore,field,V Kohli,Unknown,Unknown,138,132,120,8,9,3,True
981011,2,Royal Challengers Bangalore,Delhi Daredevils,2016.0,2016-05-22,Shaheed Veer Narayan Singh International Stadium,Raipur,Royal Challengers Bangalore,,Royal Challengers Bangalore,field,V Kohli,Unknown,Unknown,139,129,109,4,13,2,True
981013,1,Gujarat Lions,Royal Challengers Bangalore,2016.0,2016-05-24,M Chinnaswamy Stadium,Bangalore,Royal Challengers Bangalore,,Royal Challengers Bangalore,field,AB de Villiers,Qualifier 1,Unknown,158,147,120,10,12,8,True
981013,2,Royal Challengers Bangalore,Gujarat Lions,2016.0,2016-05-24,M Chinnaswamy Stadium,Bangalore,Royal Challengers Bangalore,,Royal Challengers Bangalore,field,AB de Villiers,Qualifier 1,Unknown,159,143,110,6,12,7,True
981015,1,Sunrisers Hyderabad,Kolkata Knight Riders,2016.0,2016-05-25,Feroz Shah Kotla,Delhi,Sunrisers Hyderabad,,Kolkata Knight Riders,field,MC Henriques,Elimination Final,Unknown,162,156,120,8,14,7,True
981015,2,Kolkata Knight Riders,Sunrisers Hyderabad,2016.0,2016-05-25,Feroz Shah Kotla,Delhi,Sunrisers Hyderabad,,Kolkata Knight Riders,field,MC Henriques,Elimination Final,Unknown,140,131,120,8,8,3,True
981017,1,Gujarat Lions,Sunrisers Hyderabad,2016.0,2016-05-27,Feroz Shah Kotla,Delhi,Sunrisers Hyderabad,,Sunrisers Hyderabad,field,DA Warner,Qualifier 2,Unknown,162,157,120,7,22,3,True
981017,2,Sunrisers Hyderabad,Gujarat Lions,2016.0,2016-05-27,Feroz Shah Kotla,Delhi,Sunrisers Hyderabad,,Sunrisers Hyderabad,field,DA Warner,Qualifier 2,Unknown,163,161,116,6,15,7,True
981019,1,Sunrisers Hyderabad,Royal Challengers Bangalore,2016.0,2016-05-29,M Chinnaswamy Stadium,Bangalore,Sunrisers Hyderabad,,Sunrisers Hyderabad,bat,BCJ Cutting,Final,Unknown,208,194,120,7,20,10,True
981019,2,Royal Challengers Bangalore,Sunrisers Hyderabad,2016.0,2016-05-29,M Chinnaswamy Stadium,Bangalore,Sunrisers Hyderabad,,Sunrisers Hyderabad,bat,BCJ Cutting,Final,Unknown,200,191,120,7,12,13,True
1082591,1,Sunrisers Hyderabad,Royal Challengers Bangalore,2017.0,2017-04-05,"Rajiv Gandhi International Stadium, Uppal",Hyderabad,Sunrisers Hyderabad,,Royal Challengers Bangalore,field,Yuvraj Singh,Unknown,Unknown,207,200,120,4,17,9,True
1082591,2,Royal Challengers Bangalore,Sunrisers Hyderabad,2017.0,2017-04-05,"Rajiv Gandhi International Stadium, Uppal",Hyderabad,Sunrisers Hyderabad,,Royal Challengers Bangalore,field,Yuvraj Singh,Unknown,Unknown,172,166,118,10,15,8,True
1082592,1,Mumbai Indians,Rising Pune Supergiant,2017.0,2017-04-06,Maharashtra Cricket Association Stadium,Pune,Rising Pune Supergiant,,Rising Pune Supergiant,field,SPD Smith,Unknown,Unknown,184,176,120,8,12,11,True
1082592,2,Rising Pune Supergiant,Mumbai Indians,2017.0,2017-04-06,Maharashtra Cricket Association Stadium,Pune,Rising Pune Supergiant,,Rising Pune Supergiant,field,SPD Smith,Unknown,Unknown,187,183,119,3,18,6,True
1082593,1,Gujarat Lions,Kolkata Knight Riders,2017.0,2017-04-07,Saurashtra Cricket Association Stadium,Rajkot,Kolkata Knight Riders,,Kolkata Knight Riders,field,CA Lynn,Unknown,Unknown,183,179,120,4,20,6,True
1082593,2,Kolkata Knight Riders,Gujarat Lions,2017.0,2017-04-07,Saurashtra Cricket Association Stadium,Rajkot,Kolkata Knight Riders,,Kolkata Knight Riders,field,CA Lynn,Unknown,Unknown,184,169,89,0,18,8,True
1082594,1,Rising Pune Supergiant,Kings XI Punjab,2017.0,2017-04-08,Holkar Cricket Stadium,Indore,Kings XI Punjab,,Kings XI Punjab,field,GJ Maxwell,Unknown,Unknown,163,157,120,6,11,7,True
1082594,2,Kings XI Punjab,Rising Pune Supergiant,2017.0,2017-04-08,Holkar Cricket Stadium,Indore,Kings XI Punjab,,Kings XI Punjab,field,GJ Maxwell,Unknown,Unknown,164,154,114,4,11,9,True
1082595,1,Royal Challengers Bangalore,Delhi Daredevils,2017.0,2017-04-08,M.Chinnaswamy Stadium,Bengaluru,Royal Challengers Bangalore,,Royal Challengers Bangalore,bat,KM Jadhav,Unknown,Unknown,157,151,120,8,14,7,True
1082595,2,Delhi Daredevils,Royal Challengers Bangalore,2017.0,2017-04-08,M.Chinnaswamy Stadium,Bengaluru,Royal Challengers Bangalore,,Royal Challengers Bangalore,bat,KM Jadhav,Unknown,Unknown,142,137,120,9,10,5,True
1082596,1,Gujarat Lions,Sunrisers Hyderabad,2017.0,2017-04-09,"Rajiv Gandhi International Stadium, Uppal",Hyderabad,Sunrisers Hyderabad,,Sunrisers Hyderabad,field,Rashid Khan,Unknown,Unknown,135,132,120,7,11,2,True
1082596,2,Sunrisers Hyderabad,Gujarat Lions,2017.0,2017-04-09,"Rajiv Gandhi International Stadium, Uppal",Hyderabad,Sunrisers Hyderabad,,Sunrisers Hyderabad,field,Rashid Khan,Unknown,Unknown,140,137,93,1,12,5,True
1082597,1,Kolkata Knight Riders,Mumbai Indians,2017.0,2017-04-09,Wankhede Stadium,Mumbai,Mumbai Indians,,Mumbai Indians,field,N Rana,Unknown,Unknown,178,169,120,7,14,6,True
1082597,2,Mumbai Indians,Kolkata Knight Riders,2017.0,2017-04-09,Wankhede Stadium,Mumbai,Mumbai Indians,,Mumbai Indians,field,N Rana,Unknown,Unknown,180,168,119,6,15,9,True
1082598,1,Royal Challengers Bangalore,Kings XI Punjab,2017.0,2017-04-10,Holkar Cricket Stadium,Indore,Kings XI Punjab,,Royal Challengers Bangalore,bat,AR Patel,Unknown,Unknown,148,144,120,4,6,11,True
1082598,2,Kings XI Punjab,Royal Challengers Bangalore,2017.0,2017-04-10,Holkar Cricket Stadium,Indore,Kings XI Punjab,,Royal Challengers Bangalore,bat,AR Patel,Unknown,Unknown,150,144,87,2,11,9,True
1082599,1,Delhi Daredevils,Rising Pune Supergiant,2017.0,2017-04-11,Maharashtra Cricket Association Stadium,Pune,Delhi Daredevils,,Rising Pune Supergiant,field,SV Samson,Unknown,Unknown,205,197,120,4,17,10,True
1082599,2,Rising Pune Supergiant,Delhi Daredevils,2017.0,2017-04-11,Maharashtra Cricket Association Stadium,Pune,Delhi Daredevils,,Rising Pune Supergiant,field,SV Samson,Unknown,Unknown,108,103,97,10,7,4,True
1082600,1,Sunrisers Hyderabad,Mumbai Indians,2017.0,2017-04-12,Wankhede Stadium,Mumbai,Mumbai Indians,,Mumbai Indians,field,JJ Bumrah,Unknown,Unknown,158,147,120,8,18,3,True
1082600,2,Mumbai Indians,Sunrisers Hyderabad,2017.0,2017-04-12,Wankhede Stadium,Mumbai,Mumbai Indians,,Mumbai Indians,field,JJ Bumrah,Unknown,Unknown,159,155,112,6,16,6,True
1082601,1,Kings XI Punjab,Kolkata Knight Riders,2017.0,2017-04-13,Eden Gardens,Kolkata,Kolkata Knight Riders,,Kolkata Knight Riders,field,SP Narine,Unknown,Unknown,170,154,120,9,18,6,True
1082601,2,Kolkata Knight Riders,Kings XI Punjab,2017.0,2017-04-13,Eden Gardens,Kolkata,Kolkata Knight Riders,,Kolkata Knight Riders,field,SP Narine,Unknown,Unknown,171,160,99,2,20,5,True
1082602,1,Royal Challengers Bangalore,Mumbai Indians,2017.0,2017-04-14,M Chinnaswamy Stadium,Bangalore,Mumbai Indians,,Mumbai Indians,field,KA Pollard,Unknown,Unknown,142,131,120,5,7,4,True
1082602,2,Mumbai Indians,Royal Challengers Bangalore,2017.0,2017-04-14,M Chinnaswamy Stadium,Bangalore,Mumbai Indians,,Mumbai Indians,field,KA Pollard,Unknown,Unknown,145,132,113,6,7,7,True
1082603,1,Rising Pune Supergiant,Gujarat Lions,2017.0,2017-04-14,Saurashtra Cricket Association Stadium,Rajkot,Gujarat Lions,,Gujarat Lions,field,AJ Tye,Unknown,Unknown,171,166,120,8,15,6,True
1082603,2,Gujarat Lions,Rising Pune Supergiant,2017.0,2017-04-14,Saurashtra Cricket Association Stadium,Rajkot,Gujarat Lions,,Gujarat Lions,field,AJ Tye,Unknown,Unknown,172,167,108,3,20,7,True
1082604,1,Kolkata Knight Riders,Sunrisers Hyderabad,2017.0,2017-04-15,Eden Gardens,Kolkata,Kolkata Knight Riders,,Sunrisers Hyderabad,field,RV Uthappa,Unknown,Unknown,172,161,120,6,13,7,True
1082604,2,Sunrisers Hyderabad,Kolkata Knight Riders,2017.0,2017-04-15,Eden Gardens,Kolkata,Kolkata Knight Riders,,Sunrisers Hyderabad,field,RV Uthappa,Unknown,Unknown,155,148,120,6,16,5,True
1082605,1,Delhi Daredevils,Kings XI Punjab,2017.0,2017-04-15,Feroz Shah Kotla,Delhi,Delhi Daredevils,,Delhi Daredevils,bat,CJ Anderson,Unknown,Unknown,188,178,120,6,23,5,True
1082605,2,Kings XI Punjab,Delhi Daredevils,2017.0,2017-04-15,Feroz Shah Kotla,Delhi,Delhi Daredevils,,Delhi Daredevils,bat,CJ Anderson,Unknown,Unknown,137,135,120,9,11,3,True
1082606,1,Gujarat Lions,Mumbai Indians,2017.0,2017-04-16,Wankhede Stadium,Mumbai,Mumbai Indians,,Mumbai Indians,field,N Rana,Unknown,Unknown,176,165,120,4,12,6,True
1082606,2,Mumbai Indians,Gujarat Lions,2017.0,2017-04-16,Wankhede Stadium,Mumbai,Mumbai Indians,,Mumbai Indians,field,N Rana,Unknown,Unknown,177,164,117,4,11,8,True
1082607,1,Rising Pune Supergiant,Royal Challengers Bangalore,2017.0,2017-04-16,M Chinnaswamy Stadium,Bangalore,Rising Pune Supergiant,,Royal Challengers Bangalore,field,BA Stokes,Unknown,Unknown,161,148,120,8,17,4,True
1082607,2,Royal Challengers Bangalore,Rising Pune Supergiant,2017.0,2017-04-16,M Chinnaswamy Stadium,Bangalore,Rising Pune Supergiant,,Royal Challengers Bangalore,field,BA Stokes,Unknown,Unknown,134,126,120,9,7,5,True
1082608,1,Delhi Daredevils,Kolkata Knight Riders,2017.0,2017-04-17,Feroz Shah Kotla,Delhi,Kolkata Knight Riders,,Delhi Daredevils,bat,NM Coulter-Nile,Unknown,Unknown,168,165,120,7,19,4,True
1082608,2,Kolkata Knight Riders,Delhi Daredevils,2017.0,2017-04-17,Feroz Shah Kotla,Delhi,Kolkata Knight Riders,,Delhi Daredevils,bat,NM Coulter-Nile,Unknown,Unknown,169,158,119,6,13,5,True
1082609,1,Sunrisers Hyderabad,Kings XI Punjab,2017.0,2017-04-17,"Rajiv Gandhi International Stadium, Uppal",Hyderabad,Sunrisers Hyderabad,,Kings XI Punjab,field,B Kumar,Unknown,Unknown,159,148,120,6,11,4,True
1082609,2,Kings XI Punjab,Sunrisers Hyderabad,2017.0,2017-04-17,"Rajiv Gandhi International Stadium, Uppal",Hyderabad,Sunrisers Hyderabad,,Kings XI Punjab,field,B Kumar,Unknown,Unknown,154,144,118,10,11,7,True
1082610,1,Royal Challengers Bangalore,Gujarat Lions,2017.0,2017-04-18,Saurashtra Cricket Association Stadium,Rajkot,Royal Challengers Bangalore,,Gujarat Lions,field,CH Gayle,Unknown,Unknown,213,209,120,2,19,11,True
1082610,2,Gujarat Lions,Royal Challengers Bangalore,2017.0,2017-04-18,Saurashtra Cricket Association Stadium,Rajkot,Royal Challengers Bangalore,,Gujarat Lions,field,CH Gayle,Unknown,Unknown,192,184,120,7,10,14,True
1082611,1,Sunrisers Hyderabad,Delhi Daredevils,2017.0,2017-04-19,"Rajiv Gandhi International Stadium, Uppal",Hyderabad,Sunrisers Hyderabad,,Sunrisers Hyderabad,bat,KS Williamson,Unknown,Unknown,191,187,120,4,15,7,True
1082611,2,Delhi Daredevils,Sunrisers Hyderabad,2017.0,2017-04-19,"Rajiv Gandhi International Stadium, Uppal",Hyderabad,Sunrisers Hyderabad,,Sunrisers Hyderabad,bat,KS Williamson,Unknown,Unknown,176,169,120,5,18,6,True
1082612,1,Kings XI Punjab,Mumbai Indians,2017.0,2017-04-20,Holkar Cricket Stadium,Indore,Mumbai Indians,,Mumbai Indians,field,JC Buttler,Unknown,Unknown,198,186,120,4,17,9,True
1082612,2,Mumbai Indians,Kings XI Punjab,2017.0,2017-04-20,Holkar Cricket Stadium,Indore,Mumbai Indians,,Mumbai Indians,field,JC Buttler,Unknown,Unknown,199,191,93,2,13,15,True
1082613,1,Kolkata Knight Riders,Gujarat Lions,2017.0,2017-04-21,Eden Gardens,Kolkata,Gujarat Lions,,Gujarat Lions,field,SK Raina,Unknown,Unknown,187,184,120,5,23,4,True
1082613,2,Gujarat Lions,Kolkata Knight Riders,2017.0,2017-04-21,Eden Gardens,Kolkata,Gujarat Lions,,Gujarat Lions,field,SK Raina,Unknown,Unknown,188,183,110,6,20,8,True
1082614,1,Mumbai Indians,Delhi Daredevils,2017.0,2017-04-22,Wankhede Stadium,Mumbai,Mumbai Indians,,Delhi Daredevils,field,MJ McClenaghan,Unknown,Unknown,142,126,120,8,11,4,True
1082614,2,Delhi Daredevils,Mumbai Indians,2017.0,2017-04-22,Wankhede Stadium,Mumbai,Mumbai Indians,,Delhi Daredevils,field,MJ McClenaghan,Unknown,Unknown,128,120,120,7,12,2,True
1082615,1,Sunrisers Hyderabad,Rising Pune Supergiant,2017.0,2017-04-22,Maharashtra Cricket Association Stadium,Pune,Rising Pune Supergiant,,Rising Pune Supergiant,field,MS Dhoni,Unknown,Unknown,176,168,120,3,17,5,True
1082615,2,Rising Pune Supergiant,Sunrisers Hyderabad,2017.0,2017-04-22,Maharashtra Cricket Association Stadium,Pune,Rising Pune Supergiant,,Rising Pune Supergiant,field,MS Dhoni,Unknown,Unknown,179,176,120,4,16,8,True
1082616,1,Kings XI Punjab,Gujarat Lions,2017.0,2017-04-23,Saurashtra Cricket Association Stadium,Rajkot,Kings XI Punjab,,Gujarat Lions,field,HM Amla,Unknown,Unknown,188,183,120,7,17,9,True
1082616,2,Gujarat Lions,Kings XI Punjab,2017.0,2017-04-23,Saurashtra Cricket Association Stadium,Rajkot,Kings XI Punjab,,Gujarat Lions,field,HM Amla,Unknown,Unknown,162,155,120,7,16,2,True
1082617,1,Kolkata Knight Riders,Royal Challengers Bangalore,2017.0,2017-04-23,Eden Gardens,Kolkata,Kolkata Knight Riders,,Royal Challengers Bangalore,field,NM Coulter-Nile,Unknown,Unknown,131,123,117,10,14,2,True
1082617,2,Royal Challengers Bangalore,Kolkata Knight Riders,2017.0,2017-04-23,Eden Gardens,Kolkata,Kolkata Knight Riders,,Royal Challengers Bangalore,field,NM Coulter-Nile,Unknown,Unknown,49,42,58,10,8,0,True
1082618,1,Rising Pune Supergiant,Mumbai Indians,2017.0,2017-04-24,Wankhede Stadium,Mumbai,Rising Pune Supergiant,,Mumbai Indians,field,BA Stokes,Unknown,Unknown,160,156,120,6,17,3,True
1082618,2,Mumbai Indians,Rising Pune Supergiant,2017.0,2017-04-24,Wankhede Stadium,Mumbai,Rising Pune Supergiant,,Mumbai Indians,field,BA Stokes,Unknown,Unknown,157,151,120,8,16,5,True
1082620,1,Rising Pune Supergiant,Kolkata Knight Riders,2017.0,2017-04-26,Maharashtra Cricket Association Stadium,Pune,Kolkata Knight Riders,,Kolkata Knight Riders,field,RV Uthappa,Unknown,Unknown,182,175,120,5,16,6,True
1082620,2,Kolkata Knight Riders,Rising Pune Supergiant,2017.0,2017-04-26,Maharashtra Cricket Association Stadium,Pune,Kolkata Knight Riders,,Kolkata Knight Riders,field,RV Uthappa,Unknown,Unknown,184,171,109,3,17,7,True
1082621,1,Royal Challengers Bangalore,Gujarat Lions,2017.0,2017-04-27,M Chinnaswamy Stadium,Bangalore,Gujarat Lions,,Gujarat Lions,field,AJ Tye,Unknown,Unknown,134,122,120,10,9,4,True
1082621,2,Gujarat Lions,Royal Challengers Bangalore,2017.0,2017-04-27,M Chinnaswamy Stadium,Bangalore,Gujarat Lions,,Gujarat Lions,field,AJ Tye,Unknown,Unknown,135,127,83,3,13,7,True
1082622,1,Delhi Daredevils,Kolkata Knight Riders,2017.0,2017-04-28,Eden Gardens,Kolkata,Kolkata Knight Riders,,Kolkata Knight Riders,field,G Gambhir,Unknown,Unknown,160,153,120,6,14,4,True
1082622,2,Kolkata Knight Riders,Delhi Daredevils,2017.0,2017-04-28,Eden Gardens,Kolkata,Kolkata Knight Riders,,Kolkata Knight Riders,field,G Gambhir,Unknown,Unknown,161,151,98,3,20,4,True
1082623,1,Sunrisers Hyderabad,Kings XI Punjab,2017.0,2017-04-28,"Punjab Cricket Association IS Bindra Stadium, Mohali",Chandigarh,Sunrisers Hyderabad,,Kings XI Punjab,field,Rashid Khan,Unknown,Unknown,207,204,120,3,19,7,True
1082623,2,Kings XI Punjab,Sunrisers Hyderabad,2017.0,2017-04-28,"Punjab Cricket Association IS Bindra Stadium, Mohali",Chandigarh,Sunrisers Hyderabad,,Kings XI Punjab,field,Rashid Khan,Unknown,Unknown,181,176,120,9,25,4,True
1082624,1,Rising Pune Supergiant,Royal Challengers Bangalore,2017.0,2017-04-29,Maharashtra Cricket Association Stadium,Pune,Rising Pune Supergiant,,Royal Challengers Bangalore,field,LH Ferguson,Unknown,Unknown,157,153,120,3,14,4,True
1082624,2,Royal Challengers Bangalore,Rising Pune Supergiant,2017.0,2017-04-29,Maharashtra Cricket Association Stadium,Pune,Rising Pune Supergiant,,Royal Challengers Bangalore,field,LH Ferguson,Unknown,Unknown,96,92,120,9,6,1,True
1082625,1,Gujarat Lions,Mumbai Indians,2017.0,2017-04-29,Saurashtra Cricket Association Stadium,Rajkot,Unknown,tie,Gujarat Lions,bat,KH Pandya,Unknown,Unknown,153,142,120,9,13,6,True
1082625,2,Mumbai Indians,Gujarat Lions,2017.0,2017-04-29,Saurashtra Cricket Association Stadium,Rajkot,Unknown,tie,Gujarat Lions,bat,KH Pandya,Unknown,Unknown,153,152,120,10,16,3,True
1082626,1,Delhi Daredevils,Kings XI Punjab,2017.0,2017-04-30,"Punjab Cricket Association IS Bindra Stadium, Mohali",Chandigarh,Kings XI Punjab,,Kings XI Punjab,field,Sandeep Sharma,Unknown,Unknown,67,62,103,10,3,2,True
1082626,2,Kings XI Punjab,Delhi Daredevils,2017.0,2017-04-30,"Punjab Cricket Association IS Bindra Stadium, Mohali",Chandigarh,Kings XI Punjab,,Kings XI Punjab,field,Sandeep Sharma,Unknown,Unknown,68,66,47,0,7,3,True
1082627,1,Sunrisers Hyderabad,Kolkata Knight Riders,2017.0,2017-04-30,"Rajiv Gandhi International Stadium, Uppal",Hyderabad,Sunrisers Hyderabad,,Kolkata Knight Riders,field,DA Warner,Unknown,Unknown,209,201,120,3,17,9,True
1082627,2,Kolkata Knight Riders,Sunrisers Hyderabad,2017.0,2017-04-30,"Rajiv Gandhi International Stadium, Uppal",Hyderabad,Sunrisers Hyderabad,,Kolkata Knight Riders,field,DA Warner,Unknown,Unknown,161,156,120,7,12,5,True
1082628,1,Royal Challengers Bangalore,Mumbai Indians,2017.0,2017-05-01,Wankhede Stadium,Mumbai,Mumbai Indians,,Royal Challengers Bangalore,bat,RG Sharma,Unknown,Unknown,162,158,120,8,10,8,True
1082628,2,Mumbai Indians,Royal Challengers Bangalore,2017.0,2017-05-01,Wankhede Stadium,Mumbai,Mumbai Indians,,Royal Challengers Bangalore,bat,RG Sharma,Unknown,Unknown,165,158,119,5,17,3,True
1082629,1,Gujarat Lions,Rising Pune Supergiant,2017.0,2017-05-01,Maharashtra Cricket Association Stadium,Pune,Rising Pune Supergiant,,Rising Pune Supergiant,field,BA Stokes,Unknown,Unknown,161,154,119,10,15,5,True
1082629,2,Rising Pune Supergiant,Gujarat Lions,2017.0,2017-05-01,Maharashtra Cricket Association Stadium,Pune,Rising Pune Supergiant,,Rising Pune Supergiant,field,BA Stokes,Unknown,Unknown,167,160,119,5,12,8,True
1082630,1,Sunrisers Hyderabad,Delhi Daredevils,2017.0,2017-05-02,Feroz Shah Kotla,Delhi,Delhi Daredevils,,Delhi Daredevils,field,Mohammed Shami,Unknown,Unknown,185,177,120,3,22,4,True
1082630,2,Delhi Daredevils,Sunrisers Hyderabad,2017.0,2017-05-02,Feroz Shah Kotla,Delhi,Delhi Daredevils,,Delhi Daredevils,field,Mohammed Shami,Unknown,Unknown,189,186,115,4,15,10,True
1082631,1,Kolkata Knight Riders,Rising Pune Supergiant,2017.0,2017-05-03,Eden Gardens,Kolkata,Rising Pune Supergiant,,Rising Pune Supergiant,field,RA Tripathi,Unknown,Unknown,155,150,120,8,14,7,True
1082631,2,Rising Pune Supergiant,Kolkata Knight Riders,2017.0,2017-05-03,Eden Gardens,Kolkata,Rising Pune Supergiant,,Rising Pune Supergiant,field,RA Tripathi,Unknown,Unknown,158,150,116,6,13,9,True
1082632,1,Gujarat Lions,Delhi Daredevils,2017.0,2017-05-04,Feroz Shah Kotla,Delhi,Delhi Daredevils,,Delhi Daredevils,field,RR Pant,Unknown,Unknown,208,203,120,7,16,11,True
1082632,2,Delhi Daredevils,Gujarat Lions,2017.0,2017-05-04,Feroz Shah Kotla,Delhi,Delhi Daredevils,,Delhi Daredevils,field,RR Pant,Unknown,Unknown,214,202,105,3,8,20,True
1082633,1,Kings XI Punjab,Royal Challengers Bangalore,2017.0,2017-05-05,M Chinnaswamy Stadium,Bangalore,Kings XI Punjab,,Royal Challengers Bangalore,field,Sandeep Sharma,Unknown,Unknown,138,126,120,7,11,3,True
1082633,2,Royal Challengers Bangalore,Kings XI Punjab,2017.0,2017-05-05,M Chinnaswamy Stadium,Bangalore,Kings XI Punjab,,Royal Challengers Bangalore,field,Sandeep Sharma,Unknown,Unknown,119,112,114,10,10,3,True
1082634,1,Rising Pune Supergiant,Sunrisers Hyderabad,2017.0,2017-05-06,"Rajiv Gandhi International Stadium, Uppal",Hyderabad,Rising Pune Supergiant,,Sunrisers Hyderabad,field,JD Unadkat,Unknown,Unknown,148,141,120,8,5,6,True
1082634,2,Sunrisers Hyderabad,Rising Pune Supergiant,2017.0,2017-05-06,"Rajiv Gandhi International Stadium, Uppal",Hyderabad,Rising Pune Supergiant,,Sunrisers Hyderabad,field,JD Unadkat,Unknown,Unknown,136,134,120,9,11,5,True
1082635,1,Mumbai Indians,Delhi Daredevils,2017.0,2017-05-06,Feroz Shah Kotla,Delhi,Mumbai Indians,,Delhi Daredevils,field,LMP Simmons,Unknown,Unknown,212,193,120,3,15,11,True
1082635,2,Delhi Daredevils,Mumbai Indians,2017.0,2017-05-06,Feroz Shah Kotla,Delhi,Mumbai Indians,,Delhi Daredevils,field,LMP Simmons,Unknown,Unknown,66,63,82,10,5,3,True
1082636,1,Royal Challengers Bangalore,Kolkata Knight Riders,2017.0,2017-05-07,M Chinnaswamy Stadium,Bangalore,Kolkata Knight Riders,,Kolkata Knight Riders,field,SP Narine,Unknown,Unknown,158,155,120,6,11,6,True
1082636,2,Kolkata Knight Riders,Royal Challengers Bangalore,2017.0,2017-05-07,M Chinnaswamy Stadium,Bangalore,Kolkata Knight Riders,,Kolkata Knight Riders,field,SP Narine,Unknown,Unknown,159,153,91,4,12,10,True
1082637,1,Kings XI Punjab,Gujarat Lions,2017.0,2017-05-07,"Punjab Cricket Association IS Bindra Stadium, Mohali",Chandigarh,Gujarat Lions,,Gujarat Lions,field,DR Smith,Unknown,Unknown,189,186,120,3,14,7,True
1082637,2,Gujarat Lions,Kings XI Punjab,2017.0,2017-05-07,"Punjab Cricket Association IS Bindra Stadium, Mohali",Chandigarh,Gujarat Lions,,Gujarat Lions,field,DR Smith,Unknown,Unknown,192,186,118,4,17,6,True
1082638,1,Mumbai Indians,Sunrisers Hyderabad,2017.0,2017-05-08,"Rajiv Gandhi International Stadium, Uppal",Hyderabad,Sunrisers Hyderabad,,Mumbai Indians,bat,S Dhawan,Unknown,Unknown,138,128,120,7,10,3,True
1082638,2,Sunrisers Hyderabad,Mumbai Indians,2017.0,2017-05-08,"Rajiv Gandhi International Stadium, Uppal",Hyderabad,Sunrisers Hyderabad,,Mumbai Indians,bat,S Dhawan,Unknown,Unknown,140,136,110,3,13,2,True
1082639,1,Kings XI Punjab,Kolkata Knight Riders,2017.0,2017-05-09,"Punjab Cricket Association IS Bindra Stadium, Mohali",Chandigarh,Kings XI Punjab,,Kolkata Knight Riders,field,MM Sharma,Unknown,Unknown,167,155,120,6,13,5,True
1082639,2,Kolkata Knight Riders,Kings XI Punjab,2017.0,2017-05-09,"Punjab Cricket Association IS Bindra Stadium, Mohali",Chandigarh,Kings XI Punjab,,Kolkata Knight Riders,field,MM Sharma,Unknown,Unknown,153,149,120,6,14,4,True
1082640,1,Gujarat Lions,Delhi Daredevils,2017.0,2017-05-10,Green Park,Kanpur,Delhi Daredevils,,Delhi Daredevils,field,SS Iyer,Unknown,Unknown,195,184,120,5,20,6,True
1082640,2,Delhi Daredevils,Gujarat Lions,2017.0,2017-05-10,Green Park,Kanpur,Delhi Daredevils,,Delhi Daredevils,field,SS Iyer,Unknown,Unknown,197,194,118,8,31,4,True
1082641,1,Kings XI Punjab,Mumbai Indians,2017.0,2017-05-11,Wankhede Stadium,Mumbai,Kings XI Punjab,,Mumbai Indians,field,WP Saha,Unknown,Unknown,230,220,120,3,18,12,True
1082641,2,Mumbai Indians,Kings XI Punjab,2017.0,2017-05-11,Wankhede Stadium,Mumbai,Kings XI Punjab,,Mumbai Indians,field,WP Saha,Unknown,Unknown,223,215,120,6,18,14,True
1082642,1,Delhi Daredevils,Rising Pune Supergiant,2017.0,2017-05-12,Feroz Shah Kotla,Delhi,Delhi Daredevils,,Delhi Daredevils,bat,KK Nair,Unknown,Unknown,168,161,120,8,14,6,True
1082642,2,Rising Pune Supergiant,Delhi Daredevils,2017.0,2017-05-12,Feroz Shah Kotla,Delhi,Delhi Daredevils,,Delhi Daredevils,bat,KK Nair,Unknown,Unknown,161,151,120,7,13,6,True
1082643,1,Gujarat Lions,Sunrisers Hyderabad,2017.0,2017-05-13,Green Park,Kanpur,Sunrisers Hyderabad,,Sunrisers Hyderabad,field,Mohammed Siraj,Unknown,Unknown,154,148,116,10,15,6,True
1082643,2,Sunrisers Hyderabad,Gujarat Lions,2017.0,2017-05-13,Green Park,Kanpur,Sunrisers Hyderabad,,Sunrisers Hyderabad,field,Mohammed Siraj,Unknown,Unknown,158,154,109,2,23,0,True
1082644,1,Mumbai Indians,Kolkata Knight Riders,2017.0,2017-05-13,Eden Gardens,Kolkata,Mumbai Indians,,Kolkata Knight Riders,field,AT Rayudu,Unknown,Unknown,173,156,120,5,19,5,True
1082644,2,Kolkata Knight Riders,Mumbai Indians,2017.0,2017-05-13,Eden Gardens,Kolkata,Mumbai Indians,,Kolkata Knight Riders,field,AT Rayudu,Unknown,Unknown,164,156,120,8,14,7,True
1082645,1,Kings XI Punjab,Rising Pune Supergiant,2017.0,2017-05-14,Maharashtra Cricket Association Stadium,Pune,Rising Pune Supergiant,,Rising Pune Supergiant,field,JD Unadkat,Unknown,Unknown,73,70,95,10,5,2,True
1082645,2,Rising Pune Supergiant,Kings XI Punjab,2017.0,2017-05-14,Maharashtra Cricket Association Stadium,Pune,Rising Pune Supergiant,,Rising Pune Supergiant,field,JD Unadkat,Unknown,Unknown,78,77,72,1,5,2,True
1082646,1,Royal Challengers Bangalore,Delhi Daredevils,2017.0,2017-05-14,Feroz Shah Kotla,Delhi,Royal Challengers Bangalore,,Royal Challengers Bangalore,bat,HV Patel,Unknown,Unknown,161,152,120,6,11,7,True
1082646,2,Delhi Daredevils,Royal Challengers Bangalore,2017.0,2017-05-14,Feroz Shah Kotla,Delhi,Royal Challengers Bangalore,,Royal Challengers Bangalore,bat,HV Patel,Unknown,Unknown,151,144,120,10,13,6,True
1082647,1,Rising Pune Supergiant,Mumbai Indians,2017.0,2017-05-16,Wankhede Stadium,Mumbai,Rising Pune Supergiant,,Mumbai Indians,field,Washington Sundar,Qualifier 1,Unknown,162,155,120,4,9,8,True
1082647,2,Mumbai Indians,Rising Pune Supergiant,2017.0,2017-05-16,Wankhede Stadium,Mumbai,Rising Pune Supergiant,,Mumbai Indians,field,Washington Sundar,Qualifier 1,Unknown,142,133,120,9,7,7,True
1082648,1,Sunrisers Hyderabad,Kolkata Knight Riders,2017.0,2017-05-17,M Chinnaswamy Stadium,Bangalore,Kolkata Knight Riders,,Kolkata Knight Riders,field,NM Coulter-Nile,Eliminator,Unknown,128,121,120,7,9,5,True
1082648,2,Kolkata Knight Riders,Sunrisers Hyderabad,2017.0,2017-05-17,M Chinnaswamy Stadium,Bangalore,Kolkata Knight Riders,,Kolkata Knight Riders,field,NM Coulter-Nile,Eliminator,Unknown,48,44,32,3,2,3,True
1082649,1,Kolkata Knight Riders,Mumbai Indians,2017.0,2017-05-19,M Chinnaswamy Stadium,Bangalore,Mumbai Indians,,Mumbai Indians,field,KV Sharma,Qualifier 2,Unknown,107,100,113,10,8,3,True
1082649,2,Mumbai Indians,Kolkata Knight Riders,2017.0,2017-05-19,M Chinnaswamy Stadium,Bangalore,Mumbai Indians,,Mumbai Indians,field,KV Sharma,Qualifier 2,Unknown,111,103,87,4,13,1,True
1082650,1,Mumbai Indians,Rising Pune Supergiant,2017.0,2017-05-21,"Rajiv Gandhi International Stadium, Uppal",Hyderabad,Mumbai Indians,,Mumbai Indians,bat,KH Pandya,Final,Unknown,129,121,120,8,8,5,True
1082650,2,Rising Pune Supergiant,Mumbai Indians,2017.0,2017-05-21,"Rajiv Gandhi International Stadium, Uppal",Hyderabad,Mumbai Indians,,Mumbai Indians,bat,KH Pandya,Final,Unknown,128,119,120,6,9,2,True
1136561,1,Mumbai Indians,Chennai Super Kings,2018.0,2018-04-07,Wankhede Stadium,Mumbai,Chennai Super Kings,,Chennai Super Kings,field,DJ Bravo,Unknown,Unknown,165,161,120,4,18,5,True
1136561,2,Chennai Super Kings,Mumbai Indians,2018.0,2018-04-07,Wankhede Stadium,Mumbai,Chennai Super Kings,,Chennai Super Kings,field,DJ Bravo,Unknown,Unknown,169,162,119,9,11,10,True
1136562,1,Delhi Daredevils,Kings XI Punjab,2018.0,2018-04-08,Punjab Cricket Association IS Bindra Stadium,Chandigarh,Kings XI Punjab,,Kings XI Punjab,field,KL Rahul,Unknown,Unknown,166,160,120,7,11,5,True
1136562,2,Kings XI Punjab,Delhi Daredevils,2018.0,2018-04-08,Punjab Cricket Association IS Bindra Stadium,Chandigarh,Kings XI Punjab,,Kings XI Punjab,field,KL Rahul,Unknown,Unknown,167,166,113,4,16,7,True
1136563,1,Royal Challengers Bangalore,Kolkata Knight Riders,2018.0,2018-04-08,Eden Gardens,Kolkata,Kolkata Knight Riders,,Kolkata Knight Riders,field,SP Narine,Unknown,Unknown,176,170,120,7,14,10,True
1136563,2,Kolkata Knight Riders,Royal Challengers Bangalore,2018.0,2018-04-08,Eden Gardens,Kolkata,Kolkata Knight Riders,,Kolkata Knight Riders,field,SP Narine,Unknown,Unknown,177,164,113,6,15,9,True
1136564,1,Rajasthan Royals,Sunrisers Hyderabad,2018.0,2018-04-09,Rajiv Gandhi International Stadium,Hyderabad,Sunrisers Hyderabad,,Sunrisers Hyderabad,field,S Dhawan,Unknown,Unknown,125,117,120,9,12,0,True
1136564,2,Sunrisers Hyderabad,Rajasthan Royals,2018.0,2018-04-09,Rajiv Gandhi International Stadium,Hyderabad,Sunrisers Hyderabad,,Sunrisers Hyderabad,field,S Dhawan,Unknown,Unknown,127,119,96,1,17,2,True
1136565,1,Kolkata Knight Riders,Chennai Super Kings,2018.0,2018-04-10,MA Chidambaram Stadium,Chennai,Chennai Super Kings,,Chennai Super Kings,field,SW Billings,Unknown,Unknown,202,197,120,6,11,17,True
1136565,2,Chennai Super Kings,Kolkata Knight Riders,2018.0,2018-04-10,MA Chidambaram Stadium,Chennai,Chennai Super Kings,,Chennai Super Kings,field,SW Billings,Unknown,Unknown,205,198,119,5,9,14,True
1136566,1,Rajasthan Royals,Delhi Daredevils,2018.0,2018-04-11,Sawai Mansingh Stadium,Jaipur,Rajasthan Royals,,Delhi Daredevils,field,SV Samson,Unknown,Unknown,153,150,107,5,11,6,True
1136566,2,Delhi Daredevils,Rajasthan Royals,2018.0,2018-04-11,Sawai Mansingh Stadium,Jaipur,Rajasthan Royals,,Delhi Daredevils,field,SV Samson,Unknown,Unknown,60,57,36,4,7,2,True
1136567,1,Mumbai Indians,Sunrisers Hyderabad,2018.0,2018-04-12,Rajiv Gandhi International Stadium,Hyderabad,Sunrisers Hyderabad,,Sunrisers Hyderabad,field,Rashid Khan,Unknown,Unknown,147,139,120,8,15,6,True
1136567,2,Sunrisers Hyderabad,Mumbai Indians,2018.0,2018-04-12,Rajiv Gandhi International Stadium,Hyderabad,Sunrisers Hyderabad,,Sunrisers Hyderabad,field,Rashid Khan,Unknown,Unknown,151,147,120,9,18,1,True
1136568,1,Kings XI Punjab,Royal Challengers Bangalore,2018.0,2018-04-13,M.Chinnaswamy Stadium,Bengaluru,Royal Challengers Bangalore,,Royal Challengers Bangalore,field,UT Yadav,Unknown,Unknown,155,149,116,10,12,6,True
1136568,2,Royal Challengers Bangalore,Kings XI Punjab,2018.0,2018-04-13,M.Chinnaswamy Stadium,Bengaluru,Royal Challengers Bangalore,,Royal Challengers Bangalore,field,UT Yadav,Unknown,Unknown,159,155,117,6,16,5,True
1136569,1,Mumbai Indians,Delhi Daredevils,2018.0,2018-04-14,Wankhede Stadium,Mumbai,Delhi Daredevils,,Delhi Daredevils,field,JJ Roy,Unknown,Unknown,194,184,120,7,19,7,True
1136569,2,Delhi Daredevils,Mumbai Indians,2018.0,2018-04-14,Wankhede Stadium,Mumbai,Delhi Daredevils,,Delhi Daredevils,field,JJ Roy,Unknown,Unknown,195,193,120,3,18,10,True
1136570,1,Kolkata Knight Riders,Sunrisers Hyderabad,2018.0,2018-04-14,Eden Gardens,Kolkata,Sunrisers Hyderabad,,Sunrisers Hyderabad,field,B Stanlake,Unknown,Unknown,138,131,120,8,12,4,True
1136570,2,Sunrisers Hyderabad,Kolkata Knight Riders,2018.0,2018-04-14,Eden Gardens,Kolkata,Sunrisers Hyderabad,,Sunrisers Hyderabad,field,B Stanlake,Unknown,Unknown,139,134,114,5,14,3,True
1136571,1,Rajasthan Royals,Royal Challengers Bangalore,2018.0,2018-04-15,M.Chinnaswamy Stadium,Bengaluru,Rajasthan Royals,,Royal Challengers Bangalore,field,SV Samson,Unknown,Unknown,217,203,120,4,14,14,True
1136571,2,Royal Challengers Bangalore,Rajasthan Royals,2018.0,2018-04-15,M.Chinnaswamy Stadium,Bengaluru,Rajasthan Royals,,Royal Challengers Bangalore,field,SV Samson,Unknown,Unknown,198,192,120,6,20,7,True
1136572,1,Kings XI Punjab,Chennai Super Kings,2018.0,2018-04-15,Punjab Cricket Association IS Bindra Stadium,Chandigarh,Kings XI Punjab,,Chennai Super Kings,field,CH Gayle,Unknown,Unknown,197,196,120,7,19,9,True
1136572,2,Chennai Super Kings,Kings XI Punjab,2018.0,2018-04-15,Punjab Cricket Association IS Bindra Stadium,Chandigarh,Kings XI Punjab,,Chennai Super Kings,field,CH Gayle,Unknown,Unknown,193,180,120,5,15,8,True
1136573,1,Kolkata Knight Riders,Delhi Daredevils,2018.0,2018-04-16,Eden Gardens,Kolkata,Kolkata Knight Riders,,Delhi Daredevils,field,N Rana,Unknown,Unknown,200,194,120,9,14,15,True
1136573,2,Delhi Daredevils,Kolkata Knight Riders,2018.0,2018-04-16,Eden Gardens,Kolkata,Kolkata Knight Riders,,Delhi Daredevils,field,N Rana,Unknown,Unknown,129,121,86,10,13,5,True
1136574,1,Mumbai Indians,Royal Challengers Bangalore,2018.0,2018-04-17,Wankhede Stadium,Mumbai,Mumbai Indians,,Royal Challengers Bangalore,field,RG Sharma,Unknown,Unknown,213,196,120,6,18,13,True
1136574,2,Royal Challengers Bangalore,Mumbai Indians,2018.0,2018-04-17,Wankhede Stadium,Mumbai,Mumbai Indians,,Royal Challengers Bangalore,field,RG Sharma,Unknown,Unknown,167,160,120,8,12,7,True
1136575,1,Rajasthan Royals,Kolkata Knight Riders,2018.0,2018-04-18,Sawai Mansingh Stadium,Jaipur,Kolkata Knight Riders,,Kolkata Knight Riders,field,N Rana,Unknown,Unknown,160,155,120,8,15,4,True
1136575,2,Kolkata Knight Riders,Rajasthan Royals,2018.0,2018-04-18,Sawai Mansingh Stadium,Jaipur,Kolkata Knight Riders,,Kolkata Knight Riders,field,N Rana,Unknown,Unknown,163,160,113,3,15,6,True
1136576,1,Kings XI Punjab,Sunrisers Hyderabad,2018.0,2018-04-19,Punjab Cricket Association IS Bindra Stadium,Chandigarh,Kings XI Punjab,,Kings XI Punjab,bat,CH Gayle,Unknown,Unknown,193,185,120,3,10,14,True
1136576,2,Sunrisers Hyderabad,Kings XI Punjab,2018.0,2018-04-19,Punjab Cricket Association IS Bindra Stadium,Chandigarh,Kings XI Punjab,,Kings XI Punjab,bat,CH Gayle,Unknown,Unknown,178,165,120,4,11,5,True
1136577,1,Chennai Super Kings,Rajasthan Royals,2018.0,2018-04-20,Maharashtra Cricket Association Stadium,Pune,Chennai Super Kings,,Rajasthan Royals,field,SR Watson,Unknown,Unknown,204,198,120,5,25,6,True
1136577,2,Rajasthan Royals,Chennai Super Kings,2018.0,2018-04-20,Maharashtra Cricket Association Stadium,Pune,Chennai Super Kings,,Rajasthan Royals,field,SR Watson,Unknown,Unknown,140,132,111,10,10,3,True
1136578,1,Kolkata Knight Riders,Kings XI Punjab,2018.0,2018-04-21,Eden Gardens,Kolkata,Kings XI Punjab,,Kings XI Punjab,field,KL Rahul,Unknown,Unknown,191,182,120,7,21,5,True
1136578,2,Kings XI Punjab,Kolkata Knight Riders,2018.0,2018-04-21,Eden Gardens,Kolkata,Kings XI Punjab,,Kings XI Punjab,field,KL Rahul,Unknown,Unknown,126,124,67,1,14,8,True
1136579,1,Delhi Daredevils,Royal Challengers Bangalore,2018.0,2018-04-21,M.Chinnaswamy Stadium,Bengaluru,Royal Challengers Bangalore,,Royal Challengers Bangalore,field,AB de Villiers,Unknown,Unknown,174,162,120,5,13,10,True
1136579,2,Royal Challengers Bangalore,Delhi Daredevils,2018.0,2018-04-21,M.Chinnaswamy Stadium,Bengaluru,Royal Challengers Bangalore,,Royal Challengers Bangalore,field,AB de Villiers,Unknown,Unknown,176,172,108,4,14,9,True
1136580,1,Chennai Super Kings,Sunrisers Hyderabad,2018.0,2018-04-22,Rajiv Gandhi International Stadium,Hyderabad,Chennai Super Kings,,Sunrisers Hyderabad,field,AT Rayudu,Unknown,Unknown,182,178,120,3,18,8,True
1136580,2,Sunrisers Hyderabad,Chennai Super Kings,2018.0,2018-04-22,Rajiv Gandhi International Stadium,Hyderabad,Chennai Super Kings,,Sunrisers Hyderabad,field,AT Rayudu,Unknown,Unknown,178,176,120,6,10,12,True
1136581,1,Mumbai Indians,Rajasthan Royals,2018.0,2018-04-22,Sawai Mansingh Stadium,Jaipur,Rajasthan Royals,,Mumbai Indians,bat,JC Archer,Unknown,Unknown,167,162,120,7,13,7,True
1136581,2,Rajasthan Royals,Mumbai Indians,2018.0,2018-04-22,Sawai Mansingh Stadium,Jaipur,Rajasthan Royals,,Mumbai Indians,bat,JC Archer,Unknown,Unknown,168,162,118,7,14,3,True
1136582,1,Kings XI Punjab,Delhi Daredevils,2018.0,2018-04-23,Arun Jaitley Stadium,Delhi,Kings XI Punjab,,Delhi Daredevils,field,AS Rajpoot,Unknown,Unknown,143,129,120,8,12,2,True
1136582,2,Delhi Daredevils,Kings XI Punjab,2018.0,2018-04-23,Arun Jaitley Stadium,Delhi,Kings XI Punjab,,Delhi Daredevils,field,AS Rajpoot,Unknown,Unknown,139,130,120,8,11,3,True
1136583,1,Sunrisers Hyderabad,Mumbai Indians,2018.0,2018-04-24,Wankhede Stadium,Mumbai,Sunrisers Hyderabad,,Mumbai Indians,field,Rashid Khan,Unknown,Unknown,118,106,112,10,13,1,True
1136583,2,Mumbai Indians,Sunrisers Hyderabad,2018.0,2018-04-24,Wankhede Stadium,Mumbai,Sunrisers Hyderabad,,Mumbai Indians,field,Rashid Khan,Unknown,Unknown,87,85,113,10,10,1,True
1136584,1,Royal Challengers Bangalore,Chennai Super Kings,2018.0,2018-04-25,M.Chinnaswamy Stadium,Bengaluru,Chennai Super Kings,,Chennai Super Kings,field,MS Dhoni,Unknown,Unknown,205,197,120,8,9,16,True
1136584,2,Chennai Super Kings,Royal Challengers Bangalore,2018.0,2018-04-25,M.Chinnaswamy Stadium,Bengaluru,Chennai Super Kings,,Chennai Super Kings,field,MS Dhoni,Unknown,Unknown,207,196,118,5,9,17,True
1136585,1,Sunrisers Hyderabad,Kings XI Punjab,2018.0,2018-04-26,Rajiv Gandhi International Stadium,Hyderabad,Sunrisers Hyderabad,,Kings XI Punjab,field,AS Rajpoot,Unknown,Unknown,132,124,120,6,11,2,True
1136585,2,Kings XI Punjab,Sunrisers Hyderabad,2018.0,2018-04-26,Rajiv Gandhi International Stadium,Hyderabad,Sunrisers Hyderabad,,Kings XI Punjab,field,AS Rajpoot,Unknown,Unknown,119,117,116,10,9,4,True
1136586,1,Delhi Daredevils,Kolkata Knight Riders,2018.0,2018-04-27,Arun Jaitley Stadium,Delhi,Delhi Daredevils,,Kolkata Knight Riders,field,SS Iyer,Unknown,Unknown,219,215,120,4,15,16,True
1136586,2,Kolkata Knight Riders,Delhi Daredevils,2018.0,2018-04-27,Arun Jaitley Stadium,Delhi,Delhi Daredevils,,Kolkata Knight Riders,field,SS Iyer,Unknown,Unknown,164,160,120,9,12,9,True
1136587,1,Chennai Super Kings,Mumbai Indians,2018.0,2018-04-28,Maharashtra Cricket Association Stadium,Pune,Mumbai Indians,,Mumbai Indians,field,RG Sharma,Unknown,Unknown,169,162,120,5,12,9,True
1136587,2,Mumbai Indians,Chennai Super Kings,2018.0,2018-04-28,Maharashtra Cricket Association Stadium,Pune,Mumbai Indians,,Mumbai Indians,field,RG Sharma,Unknown,Unknown,170,160,118,2,14,6,True
1136588,1,Sunrisers Hyderabad,Rajasthan Royals,2018.0,2018-04-29,Sawai Mansingh Stadium,Jaipur,Sunrisers Hyderabad,,Sunrisers Hyderabad,bat,KS Williamson,Unknown,Unknown,151,150,120,7,15,2,True
1136588,2,Rajasthan Royals,Sunrisers Hyderabad,2018.0,2018-04-29,Sawai Mansingh Stadium,Jaipur,Sunrisers Hyderabad,,Sunrisers Hyderabad,bat,KS Williamson,Unknown,Unknown,140,139,120,6,9,2,True
1136589,1,Royal Challengers Bangalore,Kolkata Knight Riders,2018.0,2018-04-29,M.Chinnaswamy Stadium,Bengaluru,Kolkata Knight Riders,,Kolkata Knight Riders,field,CA Lynn,Unknown,Unknown,175,165,120,4,12,9,True
1136589,2,Kolkata Knight Riders,Royal Challengers Bangalore,2018.0,2018-04-29,M.Chinnaswamy Stadium,Bengaluru,Kolkata Knight Riders,,Kolkata Knight Riders,field,CA Lynn,Unknown,Unknown,176,168,115,4,18,6,True
1136590,1,Chennai Super Kings,Delhi Daredevils,2018.0,2018-04-30,Maharashtra Cricket Association Stadium,Pune,Chennai Super Kings,,Delhi Daredevils,field,SR Watson,Unknown,Unknown,211,204,120,4,14,14,True
1136590,2,Delhi Daredevils,Chennai Super Kings,2018.0,2018-04-30,Maharashtra Cricket Association Stadium,Pune,Chennai Super Kings,,Delhi Daredevils,field,SR Watson,Unknown,Unknown,198,190,120,5,15,11,True
1136591,1,Royal Challengers Bangalore,Mumbai Indians,2018.0,2018-05-01,M.Chinnaswamy Stadium,Bengaluru,Royal Challengers Bangalore,,Mumbai Indians,field,TG Southee,Unknown,Unknown,167,161,120,7,10,11,True
1136591,2,Mumbai Indians,Royal Challengers Bangalore,2018.0,2018-05-01,M.Chinnaswamy Stadium,Bengaluru,Royal Challengers Bangalore,,Mumbai Indians,field,TG Southee,Unknown,Unknown,153,130,120,7,13,3,True
1136592,1,Delhi Daredevils,Rajasthan Royals,2018.0,2018-05-02,Arun Jaitley Stadium,Delhi,Delhi Daredevils,,Rajasthan Royals,field,RR Pant,Unknown,Unknown,196,189,103,6,16,13,True
1136592,2,Rajasthan Royals,Delhi Daredevils,2018.0,2018-05-02,Arun Jaitley Stadium,Delhi,Delhi Daredevils,,Rajasthan Royals,field,RR Pant,Unknown,Unknown,146,142,72,5,9,12,True
1136593,1,Chennai Super Kings,Kolkata Knight Riders,2018.0,2018-05-03,Eden Gardens,Kolkata,Kolkata Knight Riders,,Kolkata Knight Riders,field,SP Narine,Unknown,Unknown,177,170,120,5,17,7,True
1136593,2,Kolkata Knight Riders,Chennai Super Kings,2018.0,2018-05-03,Eden Gardens,Kolkata,Kolkata Knight Riders,,Kolkata Knight Riders,field,SP Narine,Unknown,Unknown,180,168,106,4,20,7,True
1136594,1,Kings XI Punjab,Mumbai Indians,2018.0,2018-05-04,Holkar Cricket Stadium,Indore,Mumbai Indians,,Mumbai Indians,field,SA Yadav,Unknown,Unknown,174,164,120,6,10,11,True
1136594,2,Mumbai Indians,Kings XI Punjab,2018.0,2018-05-04,Holkar Cricket Stadium,Indore,Mumbai Indians,,Mumbai Indians,field,SA Yadav,Unknown,Unknown,176,170,114,4,13,11,True
1136595,1,Royal Challengers Bangalore,Chennai Super Kings,2018.0,2018-05-05,Maharashtra Cricket Association Stadium,Pune,Chennai Super Kings,,Chennai Super Kings,field,RA Jadeja,Unknown,Unknown,127,123,120,9,11,3,True
1136595,2,Chennai Super Kings,Royal Challengers Bangalore,2018.0,2018-05-05,Maharashtra Cricket Association Stadium,Pune,Chennai Super Kings,,Chennai Super Kings,field,RA Jadeja,Unknown,Unknown,128,121,108,4,8,8,True
1136596,1,Delhi Daredevils,Sunrisers Hyderabad,2018.0,2018-05-05,Rajiv Gandhi International Stadium,Hyderabad,Sunrisers Hyderabad,,Delhi Daredevils,bat,Rashid Khan,Unknown,Unknown,163,160,120,5,11,6,True
1136596,2,Sunrisers Hyderabad,Delhi Daredevils,2018.0,2018-05-05,Rajiv Gandhi International Stadium,Hyderabad,Sunrisers Hyderabad,,Delhi Daredevils,bat,Rashid Khan,Unknown,Unknown,164,158,119,3,9,7,True
1136597,1,Mumbai Indians,Kolkata Knight Riders,2018.0,2018-05-06,Wankhede Stadium,Mumbai,Mumbai Indians,,Kolkata Knight Riders,field,HH Pandya,Unknown,Unknown,181,175,120,4,18,7,True
1136597,2,Kolkata Knight Riders,Mumbai Indians,2018.0,2018-05-06,Wankhede Stadium,Mumbai,Mumbai Indians,,Kolkata Knight Riders,field,HH Pandya,Unknown,Unknown,168,159,120,6,21,5,True
1136598,1,Rajasthan Royals,Kings XI Punjab,2018.0,2018-05-06,Holkar Cricket Stadium,Indore,Kings XI Punjab,,Kings XI Punjab,field,Mujeeb Ur Rahman,Unknown,Unknown,152,144,120,9,16,1,True
1136598,2,Kings XI Punjab,Rajasthan Royals,2018.0,2018-05-06,Holkar Cricket Stadium,Indore,Kings XI Punjab,,Kings XI Punjab,field,Mujeeb Ur Rahman,Unknown,Unknown,155,152,112,4,13,6,True
1136599,1,Sunrisers Hyderabad,Royal Challengers Bangalore,2018.0,2018-05-07,Rajiv Gandhi International Stadium,Hyderabad,Sunrisers Hyderabad,,Royal Challengers Bangalore,field,KS Williamson,Unknown,Unknown,146,137,120,10,14,3,True
1136599,2,Royal Challengers Bangalore,Sunrisers Hyderabad,2018.0,2018-05-07,Rajiv Gandhi International Stadium,Hyderabad,Sunrisers Hyderabad,,Royal Challengers Bangalore,field,KS Williamson,Unknown,Unknown,141,136,120,6,13,3,True
1136600,1,Rajasthan Royals,Kings XI Punjab,2018.0,2018-05-08,Sawai Mansingh Stadium,Jaipur,Rajasthan Royals,,Rajasthan Royals,bat,JC Buttler,Unknown,Unknown,158,155,120,8,13,4,True
1136600,2,Kings XI Punjab,Rajasthan Royals,2018.0,2018-05-08,Sawai Mansingh Stadium,Jaipur,Rajasthan Royals,,Rajasthan Royals,bat,JC Buttler,Unknown,Unknown,143,136,120,7,13,2,True
1136601,1,Mumbai Indians,Kolkata Knight Riders,2018.0,2018-05-09,Eden Gardens,Kolkata,Mumbai Indians,,Kolkata Knight Riders,field,Ishan Kishan,Unknown,Unknown,210,203,120,6,16,14,True
1136601,2,Kolkata Knight Riders,Mumbai Indians,2018.0,2018-05-09,Eden Gardens,Kolkata,Mumbai Indians,,Kolkata Knight Riders,field,Ishan Kishan,Unknown,Unknown,108,107,109,10,12,4,True
1136602,1,Delhi Daredevils,Sunrisers Hyderabad,2018.0,2018-05-10,Arun Jaitley Stadium,Delhi,Sunrisers Hyderabad,,Delhi Daredevils,bat,S Dhawan,Unknown,Unknown,187,184,120,5,19,9,True
1136602,2,Sunrisers Hyderabad,Delhi Daredevils,2018.0,2018-05-10,Arun Jaitley Stadium,Delhi,Sunrisers Hyderabad,,Delhi Daredevils,bat,S Dhawan,Unknown,Unknown,191,189,113,1,20,6,True
1136603,1,Chennai Super Kings,Rajasthan Royals,2018.0,2018-05-11,Sawai Mansingh Stadium,Jaipur,Rajasthan Royals,,Chennai Super Kings,bat,JC Buttler,Unknown,Unknown,176,164,120,4,14,4,True
1136603,2,Rajasthan Royals,Chennai Super Kings,2018.0,2018-05-11,Sawai Mansingh Stadium,Jaipur,Rajasthan Royals,,Chennai Super Kings,bat,JC Buttler,Unknown,Unknown,177,174,119,6,18,6,True
1136604,1,Kolkata Knight Riders,Kings XI Punjab,2018.0,2018-05-12,Holkar Cricket Stadium,Indore,Kolkata Knight Riders,,Kings XI Punjab,field,SP Narine,Unknown,Unknown,245,240,120,6,24,15,True
1136604,2,Kings XI Punjab,Kolkata Knight Riders,2018.0,2018-05-12,Holkar Cricket Stadium,Indore,Kolkata Knight Riders,,Kings XI Punjab,field,SP Narine,Unknown,Unknown,214,207,120,8,12,16,True
1136605,1,Delhi Daredevils,Royal Challengers Bangalore,2018.0,2018-05-12,Arun Jaitley Stadium,Delhi,Royal Challengers Bangalore,,Royal Challengers Bangalore,field,AB de Villiers,Unknown,Unknown,181,174,120,4,14,9,True
1136605,2,Royal Challengers Bangalore,Delhi Daredevils,2018.0,2018-05-12,Arun Jaitley Stadium,Delhi,Royal Challengers Bangalore,,Royal Challengers Bangalore,field,AB de Villiers,Unknown,Unknown,187,176,114,5,14,10,True
1136606,1,Sunrisers Hyderabad,Chennai Super Kings,2018.0,2018-05-13,Maharashtra Cricket Association Stadium,Pune,Chennai Super Kings,,Chennai Super Kings,field,AT Rayudu,Unknown,Unknown,179,166,120,4,17,6,True
1136606,2,Chennai Super Kings,Sunrisers Hyderabad,2018.0,2018-05-13,Maharashtra Cricket Association Stadium,Pune,Chennai Super Kings,,Chennai Super Kings,field,AT Rayudu,Unknown,Unknown,180,179,114,2,13,11,True
1136607,1,Mumbai Indians,Rajasthan Royals,2018.0,2018-05-13,Wankhede Stadium,Mumbai,Rajasthan Royals,,Rajasthan Royals,field,JC Buttler,Unknown,Unknown,168,159,120,6,15,7,True
1136607,2,Rajasthan Royals,Mumbai Indians,2018.0,2018-05-13,Wankhede Stadium,Mumbai,Rajasthan Royals,,Rajasthan Royals,field,JC Buttler,Unknown,Unknown,171,161,108,3,16,7,True
1136608,1,Kings XI Punjab,Royal Challengers Bangalore,2018.0,2018-05-14,Holkar Cricket Stadium,Indore,Royal Challengers Bangalore,,Royal Challengers Bangalore,field,UT Yadav,Unknown,Unknown,88,83,91,10,5,5,True
1136608,2,Royal Challengers Bangalore,Kings XI Punjab,2018.0,2018-05-14,Holkar Cricket Stadium,Indore,Royal Challengers Bangalore,,Royal Challengers Bangalore,field,UT Yadav,Unknown,Unknown,92,88,49,0,13,2,True
1136609,1,Rajasthan Royals,Kolkata Knight Riders,2018.0,2018-05-15,Eden Gardens,Kolkata,Kolkata Knight Riders,,Kolkata Knight Riders,field,Kuldeep Yadav,Unknown,Unknown,142,140,114,10,16,4,True
1136609,2,Kolkata Knight Riders,Rajasthan Royals,2018.0,2018-05-15,Eden Gardens,Kolkata,Kolkata Knight Riders,,Kolkata Knight Riders,field,Kuldeep Yadav,Unknown,Unknown,145,143,108,4,16,5,True
1136610,1,Mumbai Indians,Kings XI Punjab,2018.0,2018-05-16,Wankhede Stadium,Mumbai,Mumbai Indians,,Kings XI Punjab,field,JJ Bumrah,Unknown,Unknown,186,175,120,8,12,11,True
1136610,2,Kings XI Punjab,Mumbai Indians,2018.0,2018-05-16,Wankhede Stadium,Mumbai,Mumbai Indians,,Kings XI Punjab,field,JJ Bumrah,Unknown,Unknown,183,174,120,5,16,6,True
1136611,1,Royal Challengers Bangalore,Sunrisers Hyderabad,2018.0,2018-05-17,M.Chinnaswamy Stadium,Bengaluru,Royal Challengers Bangalore,,Sunrisers Hyderabad,field,AB de Villiers,Unknown,Unknown,218,214,120,6,20,12,True
1136611,2,Sunrisers Hyderabad,Royal Challengers Bangalore,2018.0,2018-05-17,M.Chinnaswamy Stadium,Bengaluru,Royal Challengers Bangalore,,Sunrisers Hyderabad,field,AB de Villiers,Unknown,Unknown,204,199,120,3,16,12,True
1136612,1,Delhi Daredevils,Chennai Super Kings,2018.0,2018-05-18,Arun Jaitley Stadium,Delhi,Delhi Daredevils,,Chennai Super Kings,field,HV Patel,Unknown,Unknown,162,153,120,5,10,9,True
1136612,2,Chennai Super Kings,Delhi Daredevils,2018.0,2018-05-18,Arun Jaitley Stadium,Delhi,Delhi Daredevils,,Chennai Super Kings,field,HV Patel,Unknown,Unknown,128,126,120,6,6,7,True
1136613,1,Rajasthan Royals,Royal Challengers Bangalore,2018.0,2018-05-19,Sawai Mansingh Stadium,Jaipur,Rajasthan Royals,,Rajasthan Royals,bat,S Gopal,Unknown,Unknown,164,159,120,5,11,6,True
1136613,2,Royal Challengers Bangalore,Rajasthan Royals,2018.0,2018-05-19,Sawai Mansingh Stadium,Jaipur,Rajasthan Royals,,Rajasthan Royals,bat,S Gopal,Unknown,Unknown,134,131,116,10,15,2,True
1136614,1,Sunrisers Hyderabad,Kolkata Knight Riders,2018.0,2018-05-19,Rajiv Gandhi International Stadium,Hyderabad,Kolkata Knight Riders,,Sunrisers Hyderabad,bat,CA Lynn,Unknown,Unknown,172,161,120,9,14,6,True
1136614,2,Kolkata Knight Riders,Sunrisers Hyderabad,2018.0,2018-05-19,Rajiv Gandhi International Stadium,Hyderabad,Kolkata Knight Riders,,Sunrisers Hyderabad,bat,CA Lynn,Unknown,Unknown,173,166,118,5,14,8,True
1136615,1,Delhi Daredevils,Mumbai Indians,2018.0,2018-05-20,Arun Jaitley Stadium,Delhi,Delhi Daredevils,,Delhi Daredevils,bat,A Mishra,Unknown,Unknown,174,162,120,4,13,7,True
1136615,2,Mumbai Indians,Delhi Daredevils,2018.0,2018-05-20,Arun Jaitley Stadium,Delhi,Delhi Daredevils,,Delhi Daredevils,bat,A Mishra,Unknown,Unknown,163,156,117,10,10,9,True
1136616,1,Kings XI Punjab,Chennai Super Kings,2018.0,2018-05-20,Maharashtra Cricket Association Stadium,Pune,Chennai Super Kings,,Chennai Super Kings,field,L Ngidi,Unknown,Unknown,153,142,118,10,9,8,True
1136616,2,Chennai Super Kings,Kings XI Punjab,2018.0,2018-05-20,Maharashtra Cricket Association Stadium,Pune,Chennai Super Kings,,Chennai Super Kings,field,L Ngidi,Unknown,Unknown,159,150,115,5,11,7,True
1136617,1,Sunrisers Hyderabad,Chennai Super Kings,2018.0,2018-05-22,Wankhede Stadium,Mumbai,Chennai Super Kings,,Chennai Super Kings,field,F du Plessis,Qualifier 1,Unknown,139,130,120,7,12,4,True
1136617,2,Chennai Super Kings,Sunrisers Hyderabad,2018.0,2018-05-22,Wankhede Stadium,Mumbai,Chennai Super Kings,,Chennai Super Kings,field,F du Plessis,Qualifier 1,Unknown,140,135,115,8,13,5,True
1136618,1,Kolkata Knight Riders,Rajasthan Royals,2018.0,2018-05-23,Eden Gardens,Kolkata,Kolkata Knight Riders,,Rajasthan Royals,field,AD Russell,Eliminator,Unknown,169,159,120,7,13,8,True
1136618,2,Rajasthan Royals,Kolkata Knight Riders,2018.0,2018-05-23,Eden Gardens,Kolkata,Kolkata Knight Riders,,Rajasthan Royals,field,AD Russell,Eliminator,Unknown,144,143,120,4,11,5,True
1136619,1,Sunrisers Hyderabad,Kolkata Knight Riders,2018.0,2018-05-25,Eden Gardens,Kolkata,Sunrisers Hyderabad,,Kolkata Knight Riders,field,Rashid Khan,Qualifier 2,Unknown,174,169,120,7,16,7,True
1136619,2,Kolkata Knight Riders,Sunrisers Hyderabad,2018.0,2018-05-25,Eden Gardens,Kolkata,Sunrisers Hyderabad,,Kolkata Knight Riders,field,Rashid Khan,Qualifier 2,Unknown,160,157,120,9,15,7,True
1136620,1,Sunrisers Hyderabad,Chennai Super Kings,2018.0,2018-05-27,Wankhede Stadium,Mumbai,Chennai Super Kings,,Chennai Super Kings,field,SR Watson,Final,Unknown,178,170,120,6,13,9,True
1136620,2,Chennai Super Kings,Sunrisers Hyderabad,2018.0,2018-05-27,Wankhede Stadium,Mumbai,Chennai Super Kings,,Chennai Super Kings,field,SR Watson,Final,Unknown,181,175,111,2,16,10,True
1175356,1,Royal Challengers Bangalore,Chennai Super Kings,2019.0,2019-03-23,MA Chidambaram Stadium,Chennai,Chennai Super Kings,,Chennai Super Kings,field,Harbhajan Singh,Unknown,Unknown,70,66,103,10,3,1,True
1175356,2,Chennai Super Kings,Royal Challengers Bangalore,2019.0,2019-03-23,MA Chidambaram Stadium,Chennai,Chennai Super Kings,,Chennai Super Kings,field,Harbhajan Singh,Unknown,Unknown,71,66,106,3,6,1,True
1175357,1,Sunrisers Hyderabad,Kolkata Knight Riders,2019.0,2019-03-24,Eden Gardens,Kolkata,Kolkata Knight Riders,,Kolkata Knight Riders,field,AD Russell,Unknown,Unknown,181,173,120,3,15,6,True
1175357,2,Kolkata Knight Riders,Sunrisers Hyderabad,2019.0,2019-03-24,Eden Gardens,Kolkata,Kolkata Knight Riders,,Kolkata Knight Riders,field,AD Russell,Unknown,Unknown,183,179,118,4,15,11,True
1175358,1,Delhi Capitals,Mumbai Indians,2019.0,2019-03-24,Wankhede Stadium,Mumbai,Delhi Capitals,,Mumbai Indians,field,RR Pant,Unknown,Unknown,213,207,120,6,22,11,True
1175358,2,Mumbai Indians,Delhi Capitals,2019.0,2019-03-24,Wankhede Stadium,Mumbai,Delhi Capitals,,Mumbai Indians,field,RR Pant,Unknown,Unknown,176,167,116,9,20,6,True
1175359,1,Kings XI Punjab,Rajasthan Royals,2019.0,2019-03-25,Sawai Mansingh Stadium,Jaipur,Kings XI Punjab,,Rajasthan Royals,field,CH Gayle,Unknown,Unknown,184,168,120,4,17,7,True
1175359,2,Rajasthan Royals,Kings XI Punjab,2019.0,2019-03-25,Sawai Mansingh Stadium,Jaipur,Kings XI Punjab,,Rajasthan Royals,field,CH Gayle,Unknown,Unknown,170,165,120,9,16,5,True
1175360,1,Delhi Capitals,Chennai Super Kings,2019.0,2019-03-26,Arun Jaitley Stadium,Delhi,Chennai Super Kings,,Delhi Capitals,bat,SR Watson,Unknown,Unknown,147,140,120,6,16,2,True
1175360,2,Chennai Super Kings,Delhi Capitals,2019.0,2019-03-26,Arun Jaitley Stadium,Delhi,Chennai Super Kings,,Delhi Capitals,bat,SR Watson,Unknown,Unknown,150,142,118,4,14,5,True
1175361,1,Kolkata Knight Riders,Kings XI Punjab,2019.0,2019-03-27,Eden Gardens,Kolkata,Kolkata Knight Riders,,Kings XI Punjab,field,AD Russell,Unknown,Unknown,218,213,120,4,14,17,True
1175361,2,Kings XI Punjab,Kolkata Knight Riders,2019.0,2019-03-27,Eden Gardens,Kolkata,Kolkata Knight Riders,,Kings XI Punjab,field,AD Russell,Unknown,Unknown,190,184,120,4,19,7,True
1175362,1,Mumbai Indians,Royal Challengers Bangalore,2019.0,2019-03-28,M.Chinnaswamy Stadium,Bengaluru,Mumbai Indians,,Royal Challengers Bangalore,field,JJ Bumrah,Unknown,Unknown,187,177,120,8,17,9,True
1175362,2,Royal Challengers Bangalore,Mumbai Indians,2019.0,2019-03-28,M.Chinnaswamy Stadium,Bengaluru,Mumbai Indians,,Royal Challengers Bangalore,field,JJ Bumrah,Unknown,Unknown,181,176,120,5,15,9,True
1175363,1,Rajasthan Royals,Sunrisers Hyderabad,2019.0,2019-03-29,Rajiv Gandhi International Stadium,Hyderabad,Sunrisers Hyderabad,,Rajasthan Royals,bat,Rashid Khan,Unknown,Unknown,198,193,120,2,18,7,True
1175363,2,Sunrisers Hyderabad,Rajasthan Royals,2019.0,2019-03-29,Rajiv Gandhi International Stadium,Hyderabad,Sunrisers Hyderabad,,Rajasthan Royals,bat,Rashid Khan,Unknown,Unknown,201,195,114,5,19,8,True
1175364,1,Mumbai Indians,Kings XI Punjab,2019.0,2019-03-30,Punjab Cricket Association IS Bindra Stadium,Chandigarh,Kings XI Punjab,,Kings XI Punjab,field,MA Agarwal,Unknown,Unknown,176,169,120,7,20,3,True
1175364,2,Kings XI Punjab,Mumbai Indians,2019.0,2019-03-30,Punjab Cricket Association IS Bindra Stadium,Chandigarh,Kings XI Punjab,,Kings XI Punjab,field,MA Agarwal,Unknown,Unknown,177,169,112,2,15,7,True
1175365,1,Kolkata Knight Riders,Delhi Capitals,2019.0,2019-03-30,Arun Jaitley Stadium,Delhi,Unknown,tie,Delhi Capitals,field,PP Shaw,Unknown,Unknown,185,177,120,8,17,9,True
1175365,2,Delhi Capitals,Kolkata Knight Riders,2019.0,2019-03-30,Arun Jaitley Stadium,Delhi,Unknown,tie,Delhi Capitals,field,PP Shaw,Unknown,Unknown,185,181,120,6,20,6,True
1175366,1,Sunrisers Hyderabad,Royal Challengers Bangalore,2019.0,2019-03-31,Rajiv Gandhi International Stadium,Hyderabad,Sunrisers Hyderabad,,Royal Challengers Bangalore,field,JM Bairstow,Unknown,Unknown,231,229,120,2,17,13,True
1175366,2,Royal Challengers Bangalore,Sunrisers Hyderabad,2019.0,2019-03-31,Rajiv Gandhi International Stadium,Hyderabad,Sunrisers Hyderabad,,Royal Challengers Bangalore,field,JM Bairstow,Unknown,Unknown,113,105,119,10,9,4,True
1175367,1,Chennai Super Kings,Rajasthan Royals,2019.0,2019-03-31,MA Chidambaram Stadium,Chennai,Chennai Super Kings,,Rajasthan Royals,field,MS Dhoni,Unknown,Unknown,175,168,120,5,14,8,True
1175367,2,Rajasthan Royals,Chennai Super Kings,2019.0,2019-03-31,MA Chidambaram Stadium,Chennai,Chennai Super Kings,,Rajasthan Royals,field,MS Dhoni,Unknown,Unknown,167,160,120,8,11,7,True
1175368,1,Kings XI Punjab,Delhi Capitals,2019.0,2019-04-01,Punjab Cricket Association IS Bindra Stadium,Chandigarh,Kings XI Punjab,,Delhi Capitals,field,SM Curran,Unknown,Unknown,166,157,120,9,17,5,True
1175368,2,Delhi Capitals,Kings XI Punjab,2019.0,2019-04-01,Punjab Cricket Association IS Bindra Stadium,Chandigarh,Kings XI Punjab,,Delhi Capitals,field,SM Curran,Unknown,Unknown,152,141,116,10,17,3,True
1175369,1,Royal Challengers Bangalore,Rajasthan Royals,2019.0,2019-04-02,Sawai Mansingh Stadium,Jaipur,Rajasthan Royals,,Rajasthan Royals,field,S Gopal,Unknown,Unknown,158,153,120,4,18,3,True
1175369,2,Rajasthan Royals,Royal Challengers Bangalore,2019.0,2019-04-02,Sawai Mansingh Stadium,Jaipur,Rajasthan Royals,,Rajasthan Royals,field,S Gopal,Unknown,Unknown,164,154,119,3,17,3,True
1175370,1,Mumbai Indians,Chennai Super Kings,2019.0,2019-04-03,Wankhede Stadium,Mumbai,Mumbai Indians,,Chennai Super Kings,field,HH Pandya,Unknown,Unknown,170,164,120,5,16,7,True
1175370,2,Chennai Super Kings,Mumbai Indians,2019.0,2019-04-03,Wankhede Stadium,Mumbai,Mumbai Indians,,Chennai Super Kings,field,HH Pandya,Unknown,Unknown,133,119,120,8,13,4,True
1175371,1,Delhi Capitals,Sunrisers Hyderabad,2019.0,2019-04-04,Arun Jaitley Stadium,Delhi,Sunrisers Hyderabad,,Sunrisers Hyderabad,field,JM Bairstow,Unknown,Unknown,129,124,120,8,9,4,True
1175371,2,Sunrisers Hyderabad,Delhi Capitals,2019.0,2019-04-04,Arun Jaitley Stadium,Delhi,Sunrisers Hyderabad,,Sunrisers Hyderabad,field,JM Bairstow,Unknown,Unknown,131,120,111,5,14,2,True
1175372,1,Royal Challengers Bangalore,Kolkata Knight Riders,2019.0,2019-04-05,M.Chinnaswamy Stadium,Bengaluru,Kolkata Knight Riders,,Kolkata Knight Riders,field,AD Russell,Unknown,Unknown,205,200,120,3,20,7,True
1175372,2,Kolkata Knight Riders,Royal Challengers Bangalore,2019.0,2019-04-05,M.Chinnaswamy Stadium,Bengaluru,Kolkata Knight Riders,,Kolkata Knight Riders,field,AD Russell,Unknown,Unknown,206,193,115,5,15,12,True
1178393,1,Chennai Super Kings,Kings XI Punjab,2019.0,2019-04-06,MA Chidambaram Stadium,Chennai,Chennai Super Kings,,Chennai Super Kings,bat,Harbhajan Singh,Unknown,Unknown,160,155,120,3,11,7,True
1178393,2,Kings XI Punjab,Chennai Super Kings,2019.0,2019-04-06,MA Chidambaram Stadium,Chennai,Chennai Super Kings,,Chennai Super Kings,bat,Harbhajan Singh,Unknown,Unknown,138,134,120,5,9,3,True
1178394,1,Mumbai Indians,Sunrisers Hyderabad,2019.0,2019-04-06,Rajiv Gandhi International Stadium,Hyderabad,Mumbai Indians,,Sunrisers Hyderabad,field,AS Joseph,Unknown,Unknown,136,130,120,7,8,7,True
1178394,2,Sunrisers Hyderabad,Mumbai Indians,2019.0,2019-04-06,Rajiv Gandhi International Stadium,Hyderabad,Mumbai Indians,,Sunrisers Hyderabad,field,AS Joseph,Unknown,Unknown,96,90,106,10,8,1,True
1178395,1,Royal Challengers Bangalore,Delhi Capitals,2019.0,2019-04-07,M.Chinnaswamy Stadium,Bengaluru,Delhi Capitals,,Delhi Capitals,field,K Rabada,Unknown,Unknown,149,144,120,8,8,7,True
1178395,2,Delhi Capitals,Royal Challengers Bangalore,2019.0,2019-04-07,M.Chinnaswamy Stadium,Bengaluru,Delhi Capitals,,Delhi Capitals,field,K Rabada,Unknown,Unknown,152,140,113,6,18,3,True
1178396,1,Rajasthan Royals,Kolkata Knight Riders,2019.0,2019-04-07,Sawai Mansingh Stadium,Jaipur,Kolkata Knight Riders,,Kolkata Knight Riders,field,HF Gurney,Unknown,Unknown,139,128,120,3,13,2,True
1178396,2,Kolkata Knight Riders,Rajasthan Royals,2019.0,2019-04-07,Sawai Mansingh Stadium,Jaipur,Kolkata Knight Riders,,Kolkata Knight Riders,field,HF Gurney,Unknown,Unknown,140,129,83,2,13,8,True
1178397,1,Sunrisers Hyderabad,Kings XI Punjab,2019.0,2019-04-08,Punjab Cricket Association IS Bindra Stadium,Chandigarh,Kings XI Punjab,,Kings XI Punjab,field,KL Rahul,Unknown,Unknown,150,142,120,4,12,2,True
1178397,2,Kings XI Punjab,Sunrisers Hyderabad,2019.0,2019-04-08,Punjab Cricket Association IS Bindra Stadium,Chandigarh,Kings XI Punjab,,Kings XI Punjab,field,KL Rahul,Unknown,Unknown,151,150,119,4,11,5,True
1178398,1,Kolkata Knight Riders,Chennai Super Kings,2019.0,2019-04-09,MA Chidambaram Stadium,Chennai,Chennai Super Kings,,Chennai Super Kings,field,DL Chahar,Unknown,Unknown,108,104,120,9,10,4,True
1178398,2,Chennai Super Kings,Kolkata Knight Riders,2019.0,2019-04-09,MA Chidambaram Stadium,Chennai,Chennai Super Kings,,Chennai Super Kings,field,DL Chahar,Unknown,Unknown,111,103,104,3,9,2,True
1178399,1,Kings XI Punjab,Mumbai Indians,2019.0,2019-04-10,Wankhede Stadium,Mumbai,Mumbai Indians,,Mumbai Indians,field,KA Pollard,Unknown,Unknown,197,190,120,4,13,13,True
1178399,2,Mumbai Indians,Kings XI Punjab,2019.0,2019-04-10,Wankhede Stadium,Mumbai,Mumbai Indians,,Mumbai Indians,field,KA Pollard,Unknown,Unknown,198,186,120,7,15,11,True
1178400,1,Rajasthan Royals,Chennai Super Kings,2019.0,2019-04-11,Sawai Mansingh Stadium,Jaipur,Chennai Super Kings,,Chennai Super Kings,field,MS Dhoni,Unknown,Unknown,151,144,120,7,16,2,True
1178400,2,Chennai Super Kings,Rajasthan Royals,2019.0,2019-04-11,Sawai Mansingh Stadium,Jaipur,Chennai Super Kings,,Chennai Super Kings,field,MS Dhoni,Unknown,Unknown,155,146,120,6,5,8,True
1178401,1,Kolkata Knight Riders,Delhi Capitals,2019.0,2019-04-12,Eden Gardens,Kolkata,Delhi Capitals,,Delhi Capitals,field,S Dhawan,Unknown,Unknown,178,173,120,7,16,8,True
1178401,2,Delhi Capitals,Kolkata Knight Riders,2019.0,2019-04-12,Eden Gardens,Kolkata,Delhi Capitals,,Delhi Capitals,field,S Dhawan,Unknown,Unknown,180,177,113,3,17,7,True
1178402,1,Mumbai Indians,Rajasthan Royals,2019.0,2019-04-13,Wankhede Stadium,Mumbai,Rajasthan Royals,,Rajasthan Royals,field,JC Buttler,Unknown,Unknown,187,183,120,5,14,9,True
1178402,2,Rajasthan Royals,Mumbai Indians,2019.0,2019-04-13,Wankhede Stadium,Mumbai,Rajasthan Royals,,Rajasthan Royals,field,JC Buttler,Unknown,Unknown,188,184,117,6,19,9,True
1178403,1,Kings XI Punjab,Royal Challengers Bangalore,2019.0,2019-04-13,Punjab Cricket Association IS Bindra Stadium,Chandigarh,Royal Challengers Bangalore,,Royal Challengers Bangalore,field,AB de Villiers,Unknown,Unknown,173,166,120,4,15,8,True
1178403,2,Royal Challengers Bangalore,Kings XI Punjab,2019.0,2019-04-13,Punjab Cricket Association IS Bindra Stadium,Chandigarh,Royal Challengers Bangalore,,Royal Challengers Bangalore,field,AB de Villiers,Unknown,Unknown,174,173,116,2,21,2,True
1178404,1,Kolkata Knight Riders,Chennai Super Kings,2019.0,2019-04-14,Eden Gardens,Kolkata,Chennai Super Kings,,Chennai Super Kings,field,Imran Tahir,Unknown,Unknown,161,152,120,8,13,7,True
1178404,2,Chennai Super Kings,Kolkata Knight Riders,2019.0,2019-04-14,Eden Gardens,Kolkata,Chennai Super Kings,,Chennai Super Kings,field,Imran Tahir,Unknown,Unknown,162,160,118,5,21,3,True
1178405,1,Delhi Capitals,Sunrisers Hyderabad,2019.0,2019-04-14,Rajiv Gandhi International Stadium,Hyderabad,Delhi Capitals,,Sunrisers Hyderabad,field,KMA Paul,Unknown,Unknown,155,146,120,7,14,4,True
1178405,2,Sunrisers Hyderabad,Delhi Capitals,2019.0,2019-04-14,Rajiv Gandhi International Stadium,Hyderabad,Delhi Capitals,,Sunrisers Hyderabad,field,KMA Paul,Unknown,Unknown,116,111,113,10,8,2,True
1178406,1,Royal Challengers Bangalore,Mumbai Indians,2019.0,2019-04-15,Wankhede Stadium,Mumbai,Mumbai Indians,,Mumbai Indians,field,SL Malinga,Unknown,Unknown,171,163,120,7,12,10,True
1178406,2,Mumbai Indians,Royal Challengers Bangalore,2019.0,2019-04-15,Wankhede Stadium,Mumbai,Mumbai Indians,,Mumbai Indians,field,SL Malinga,Unknown,Unknown,172,166,114,5,15,10,True
1178407,1,Kings XI Punjab,Rajasthan Royals,2019.0,2019-04-16,Punjab Cricket Association IS Bindra Stadium,Chandigarh,Kings XI Punjab,,Rajasthan Royals,field,R Ashwin,Unknown,Unknown,182,170,120,6,9,11,True
1178407,2,Rajasthan Royals,Kings XI Punjab,2019.0,2019-04-16,Punjab Cricket Association IS Bindra Stadium,Chandigarh,Kings XI Punjab,,Rajasthan Royals,field,R Ashwin,Unknown,Unknown,170,160,120,7,10,5,True
1178408,1,Chennai Super Kings,Sunrisers Hyderabad,2019.0,2019-04-17,Rajiv Gandhi International Stadium,Hyderabad,Sunrisers Hyderabad,,Chennai Super Kings,bat,DA Warner,Unknown,Unknown,132,125,120,5,11,3,True
1178408,2,Sunrisers Hyderabad,Chennai Super Kings,2019.0,2019-04-17,Rajiv Gandhi International Stadium,Hyderabad,Sunrisers Hyderabad,,Chennai Super Kings,bat,DA Warner,Unknown,Unknown,137,134,101,4,14,3,True
1178409,1,Mumbai Indians,Delhi Capitals,2019.0,2019-04-18,Arun Jaitley Stadium,Delhi,Mumbai Indians,,Mumbai Indians,bat,HH Pandya,Unknown,Unknown,168,162,120,5,14,6,True
1178409,2,Delhi Capitals,Mumbai Indians,2019.0,2019-04-18,Arun Jaitley Stadium,Delhi,Mumbai Indians,,Mumbai Indians,bat,HH Pandya,Unknown,Unknown,128,120,120,9,8,4,True
1178410,1,Royal Challengers Bangalore,Kolkata Knight Riders,2019.0,2019-04-19,Eden Gardens,Kolkata,Royal Challengers Bangalore,,Kolkata Knight Riders,field,V Kohli,Unknown,Unknown,213,207,120,4,18,12,True
1178410,2,Kolkata Knight Riders,Royal Challengers Bangalore,2019.0,2019-04-19,Eden Gardens,Kolkata,Royal Challengers Bangalore,,Kolkata Knight Riders,field,V Kohli,Unknown,Unknown,203,187,120,5,17,14,True
1178411,1,Mumbai Indians,Rajasthan Royals,2019.0,2019-04-20,Sawai Mansingh Stadium,Jaipur,Rajasthan Royals,,Rajasthan Royals,field,SPD Smith,Unknown,Unknown,161,152,120,5,11,6,True
1178411,2,Rajasthan Royals,Mumbai Indians,2019.0,2019-04-20,Sawai Mansingh Stadium,Jaipur,Rajasthan Royals,,Rajasthan Royals,field,SPD Smith,Unknown,Unknown,162,156,115,5,19,3,True
1178412,1,Kings XI Punjab,Delhi Capitals,2019.0,2019-04-20,Arun Jaitley Stadium,Delhi,Delhi Capitals,,Delhi Capitals,field,SS Iyer,Unknown,Unknown,163,158,120,7,13,8,True
1178412,2,Delhi Capitals,Kings XI Punjab,2019.0,2019-04-20,Arun Jaitley Stadium,Delhi,Delhi Capitals,,Delhi Capitals,field,SS Iyer,Unknown,Unknown,166,155,118,5,18,3,True
1178413,1,Kolkata Knight Riders,Sunrisers Hyderabad,2019.0,2019-04-21,Rajiv Gandhi International Stadium,Hyderabad,Sunrisers Hyderabad,,Sunrisers Hyderabad,field,KK Ahmed,Unknown,Unknown,159,154,120,8,11,8,True
1178413,2,Sunrisers Hyderabad,Kolkata Knight Riders,2019.0,2019-04-21,Rajiv Gandhi International Stadium,Hyderabad,Sunrisers Hyderabad,,Sunrisers Hyderabad,field,KK Ahmed,Unknown,Unknown,161,155,90,1,10,9,True
1178414,1,Royal Challengers Bangalore,Chennai Super Kings,2019.0,2019-04-21,M.Chinnaswamy Stadium,Bengaluru,Royal Challengers Bangalore,,Chennai Super Kings,field,PA Patel,Unknown,Unknown,161,157,120,7,13,7,True
1178414,2,Chennai Super Kings,Royal Challengers Bangalore,2019.0,2019-04-21,M.Chinnaswamy Stadium,Bengaluru,Royal Challengers Bangalore,,Chennai Super Kings,field,PA Patel,Unknown,Unknown,160,148,120,8,10,8,True
1178415,1,Rajasthan Royals,Delhi Capitals,2019.0,2019-04-22,Sawai Mansingh Stadium,Jaipur,Delhi Capitals,,Delhi Capitals,field,RR Pant,Unknown,Unknown,191,186,120,6,23,3,True
1178415,2,Delhi Capitals,Rajasthan Royals,2019.0,2019-04-22,Sawai Mansingh Stadium,Jaipur,Delhi Capitals,,Delhi Capitals,field,RR Pant,Unknown,Unknown,193,192,116,4,19,8,True
1178416,1,Sunrisers Hyderabad,Chennai Super Kings,2019.0,2019-04-23,MA Chidambaram Stadium,Chennai,Chennai Super Kings,,Chennai Super Kings,field,SR Watson,Unknown,Unknown,175,171,120,3,12,6,True
1178416,2,Chennai Super Kings,Sunrisers Hyderabad,2019.0,2019-04-23,MA Chidambaram Stadium,Chennai,Chennai Super Kings,,Chennai Super Kings,field,SR Watson,Unknown,Unknown,176,167,119,4,16,8,True
1178417,1,Royal Challengers Bangalore,Kings XI Punjab,2019.0,2019-04-24,M.Chinnaswamy Stadium,Bengaluru,Royal Challengers Bangalore,,Kings XI Punjab,field,AB de Villiers,Unknown,Unknown,202,191,120,4,15,12,True
1178417,2,Kings XI Punjab,Royal Challengers Bangalore,2019.0,2019-04-24,M.Chinnaswamy Stadium,Bengaluru,Royal Challengers Bangalore,,Kings XI Punjab,field,AB de Villiers,Unknown,Unknown,185,181,120,7,19,9,True
1178418,1,Kolkata Knight Riders,Rajasthan Royals,2019.0,2019-04-25,Eden Gardens,Kolkata,Rajasthan Royals,,Rajasthan Royals,field,VR Aaron,Unknown,Unknown,175,165,120,6,14,11,True
1178418,2,Rajasthan Royals,Kolkata Knight Riders,2019.0,2019-04-25,Eden Gardens,Kolkata,Rajasthan Royals,,Rajasthan Royals,field,VR Aaron,Unknown,Unknown,177,172,116,7,18,8,True
1178419,1,Mumbai Indians,Chennai Super Kings,2019.0,2019-04-26,MA Chidambaram Stadium,Chennai,Mumbai Indians,,Chennai Super Kings,field,RG Sharma,Unknown,Unknown,155,151,120,4,13,6,True
1178419,2,Chennai Super Kings,Mumbai Indians,2019.0,2019-04-26,MA Chidambaram Stadium,Chennai,Mumbai Indians,,Chennai Super Kings,field,RG Sharma,Unknown,Unknown,109,102,106,10,7,3,True
1178420,1,Sunrisers Hyderabad,Rajasthan Royals,2019.0,2019-04-27,Sawai Mansingh Stadium,Jaipur,Rajasthan Royals,,Rajasthan Royals,field,JD Unadkat,Unknown,Unknown,160,151,120,8,12,1,True
1178420,2,Rajasthan Royals,Sunrisers Hyderabad,2019.0,2019-04-27,Sawai Mansingh Stadium,Jaipur,Rajasthan Royals,,Rajasthan Royals,field,JD Unadkat,Unknown,Unknown,161,156,115,3,15,5,True
1178421,1,Delhi Capitals,Royal Challengers Bangalore,2019.0,2019-04-28,Arun Jaitley Stadium,Delhi,Delhi Capitals,,Delhi Capitals,bat,S Dhawan,Unknown,Unknown,187,182,120,5,17,9,True
1178421,2,Royal Challengers Bangalore,Delhi Capitals,2019.0,2019-04-28,Arun Jaitley Stadium,Delhi,Delhi Capitals,,Delhi Capitals,bat,S Dhawan,Unknown,Unknown,171,166,120,7,12,8,True
1178422,1,Kolkata Knight Riders,Mumbai Indians,2019.0,2019-04-28,Eden Gardens,Kolkata,Kolkata Knight Riders,,Mumbai Indians,field,AD Russell,Unknown,Unknown,232,225,120,2,21,15,True
1178422,2,Mumbai Indians,Kolkata Knight Riders,2019.0,2019-04-28,Eden Gardens,Kolkata,Kolkata Knight Riders,,Mumbai Indians,field,AD Russell,Unknown,Unknown,198,192,120,7,14,14,True
1178423,1,Sunrisers Hyderabad,Kings XI Punjab,2019.0,2019-04-29,Rajiv Gandhi International Stadium,Hyderabad,Sunrisers Hyderabad,,Kings XI Punjab,field,DA Warner,Unknown,Unknown,212,192,120,6,15,7,True
1178423,2,Kings XI Punjab,Sunrisers Hyderabad,2019.0,2019-04-29,Rajiv Gandhi International Stadium,Hyderabad,Sunrisers Hyderabad,,Kings XI Punjab,field,DA Warner,Unknown,Unknown,167,160,120,8,11,9,True
1178424,1,Royal Challengers Bangalore,Rajasthan Royals,2019.0,2019-04-30,M.Chinnaswamy Stadium,Bengaluru,Unknown,no result,Rajasthan Royals,field,Unknown,Unknown,Unknown,62,59,30,7,6,3,False
1178424,2,Rajasthan Royals,Royal Challengers Bangalore,2019.0,2019-04-30,M.Chinnaswamy Stadium,Bengaluru,Unknown,no result,Rajasthan Royals,field,Unknown,Unknown,Unknown,41,39,20,1,3,4,False
1178425,1,Chennai Super Kings,Delhi Capitals,2019.0,2019-05-01,MA Chidambaram Stadium,Chennai,Chennai Super Kings,,Delhi Capitals,field,MS Dhoni,Unknown,Unknown,179,172,120,4,17,8,True
1178425,2,Delhi Capitals,Chennai Super Kings,2019.0,2019-05-01,MA Chidambaram Stadium,Chennai,Chennai Super Kings,,Delhi Capitals,field,MS Dhoni,Unknown,Unknown,99,99,98,10,9,2,True
1178426,1,Mumbai Indians,Sunrisers Hyderabad,2019.0,2019-05-02,Wankhede Stadium,Mumbai,Unknown,tie,Mumbai Indians,bat,JJ Bumrah,Unknown,Unknown,162,154,120,5,15,6,True
1178426,2,Sunrisers Hyderabad,Mumbai Indians,2019.0,2019-05-02,Wankhede Stadium,Mumbai,Unknown,tie,Mumbai Indians,bat,JJ Bumrah,Unknown,Unknown,162,159,120,6,16,5,True
1178427,1,Kings XI Punjab,Kolkata Knight Riders,2019.0,2019-05-03,Punjab Cricket Association IS Bindra Stadium,Chandigarh,Kolkata Knight Riders,,Kolkata Knight Riders,field,Shubman Gill,Unknown,Unknown,183,180,120,6,15,8,True
1178427,2,Kolkata Knight Riders,Kings XI Punjab,2019.0,2019-05-03,Punjab Cricket Association IS Bindra Stadium,Chandigarh,Kolkata Knight Riders,,Kolkata Knight Riders,field,Shubman Gill,Unknown,Unknown,185,178,108,3,16,9,True
1178428,1,Rajasthan Royals,Delhi Capitals,2019.0,2019-05-04,Arun Jaitley Stadium,Delhi,Delhi Capitals,,Rajasthan Royals,bat,A Mishra,Unknown,Unknown,115,106,120,9,8,3,True
1178428,2,Delhi Capitals,Rajasthan Royals,2019.0,2019-05-04,Arun Jaitley Stadium,Delhi,Delhi Capitals,,Rajasthan Royals,bat,A Mishra,Unknown,Unknown,121,116,97,5,5,8,True
1178429,1,Sunrisers Hyderabad,Royal Challengers Bangalore,2019.0,2019-05-04,M.Chinnaswamy Stadium,Bengaluru,Royal Challengers Bangalore,,Royal Challengers Bangalore,field,SO Hetmyer,Unknown,Unknown,175,171,120,7,14,9,True
1178429,2,Royal Challengers Bangalore,Sunrisers Hyderabad,2019.0,2019-05-04,M.Chinnaswamy Stadium,Bengaluru,Royal Challengers Bangalore,,Royal Challengers Bangalore,field,SO Hetmyer,Unknown,Unknown,178,169,116,6,16,8,True
1178430,1,Chennai Super Kings,Kings XI Punjab,2019.0,2019-05-05,Punjab Cricket Association IS Bindra Stadium,Chandigarh,Kings XI Punjab,,Kings XI Punjab,field,KL Rahul,Unknown,Unknown,170,168,120,5,16,6,True
1178430,2,Kings XI Punjab,Chennai Super Kings,2019.0,2019-05-05,Punjab Cricket Association IS Bindra Stadium,Chandigarh,Kings XI Punjab,,Kings XI Punjab,field,KL Rahul,Unknown,Unknown,173,159,108,4,14,10,True
1178431,1,Kolkata Knight Riders,Mumbai Indians,2019.0,2019-05-05,Wankhede Stadium,Mumbai,Mumbai Indians,,Mumbai Indians,field,HH Pandya,Unknown,Unknown,133,123,120,7,3,10,True
1178431,2,Mumbai Indians,Kolkata Knight Riders,2019.0,2019-05-05,Wankhede Stadium,Mumbai,Mumbai Indians,,Mumbai Indians,field,HH Pandya,Unknown,Unknown,134,131,97,1,14,5,True
1181764,1,Chennai Super Kings,Mumbai Indians,2019.0,2019-05-07,MA Chidambaram Stadium,Chennai,Mumbai Indians,,Chennai Super Kings,bat,SA Yadav,Qualifier 1,Unknown,131,126,120,4,10,4,True
1181764,2,Mumbai Indians,Chennai Super Kings,2019.0,2019-05-07,MA Chidambaram Stadium,Chennai,Mumbai Indians,,Chennai Super Kings,bat,SA Yadav,Qualifier 1,Unknown,132,124,111,4,15,1,True
1181766,1,Sunrisers Hyderabad,Delhi Capitals,2019.0,2019-05-08,Dr. Y.S. Rajasekhara Reddy ACA-VDCA Cricket Stadium,Visakhapatnam,Delhi Capitals,,Delhi Capitals,field,RR Pant,Eliminator,Unknown,162,152,120,8,12,7,True
1181766,2,Delhi Capitals,Sunrisers Hyderabad,2019.0,2019-05-08,Dr. Y.S. Rajasekhara Reddy ACA-VDCA Cricket Stadium,Visakhapatnam,Delhi Capitals,,Delhi Capitals,field,RR Pant,Eliminator,Unknown,165,159,119,8,14,9,True
1181767,1,Delhi Capitals,Chennai Super Kings,2019.0,2019-05-10,Dr. Y.S. Rajasekhara Reddy ACA-VDCA Cricket Stadium,Visakhapatnam,Chennai Super Kings,,Chennai Super Kings,field,F du Plessis,Qualifier 2,Unknown,147,139,120,9,13,4,True
1181767,2,Chennai Super Kings,Delhi Capitals,2019.0,2019-05-10,Dr. Y.S. Rajasekhara Reddy ACA-VDCA Cricket Stadium,Visakhapatnam,Chennai Super Kings,,Chennai Super Kings,field,F du Plessis,Qualifier 2,Unknown,151,140,114,4,14,5,True
1181768,1,Mumbai Indians,Chennai Super Kings,2019.0,2019-05-12,Rajiv Gandhi International Stadium,Hyderabad,Mumbai Indians,,Mumbai Indians,bat,JJ Bumrah,Final,Unknown,149,146,120,8,9,9,True
1181768,2,Chennai Super Kings,Mumbai Indians,2019.0,2019-05-12,Rajiv Gandhi International Stadium,Hyderabad,Mumbai Indians,,Mumbai Indians,bat,JJ Bumrah,Final,Unknown,148,139,120,7,11,6,True
1216492,1,Mumbai Indians,Chennai Super Kings,,2020-09-19,Sheikh Zayed Stadium,Abu Dhabi,Chennai Super Kings,,Chennai Super Kings,field,AT Rayudu,Unknown,Unknown,162,157,120,9,15,4,True
1216492,2,Chennai Super Kings,Mumbai Indians,,2020-09-19,Sheikh Zayed Stadium,Abu Dhabi,Chennai Super Kings,,Chennai Super Kings,field,AT Rayudu,Unknown,Unknown,166,162,116,5,16,5,True
1216493,1,Delhi Capitals,Kings XI Punjab,,2020-09-20,Dubai International Cricket Stadium,Unknown,Unknown,tie,Kings XI Punjab,field,MP Stoinis,Unknown,Unknown,157,148,120,8,13,6,True
1216493,2,Kings XI Punjab,Delhi Capitals,,2020-09-20,Dubai International Cricket Stadium,Unknown,Unknown,tie,Kings XI Punjab,field,MP Stoinis,Unknown,Unknown,157,149,120,8,12,6,True
1216494,1,Kolkata Knight Riders,Royal Challengers Bangalore,,2020-10-21,Sheikh Zayed Stadium,Abu Dhabi,Royal Challengers Bangalore,,Kolkata Knight Riders,bat,Mohammed Siraj,Unknown,Unknown,84,81,120,8,6,2,True
1216494,2,Royal Challengers Bangalore,Kolkata Knight Riders,,2020-10-21,Sheikh Zayed Stadium,Abu Dhabi,Royal Challengers Bangalore,,Kolkata Knight Riders,bat,Mohammed Siraj,Unknown,Unknown,85,80,81,2,11,0,True
1216495,1,Mumbai Indians,Sunrisers Hyderabad,,2020-11-03,Sharjah Cricket Stadium,Unknown,Sunrisers Hyderabad,,Sunrisers Hyderabad,field,S Nadeem,Unknown,Unknown,149,148,120,8,10,8,True
1216495,2,Sunrisers Hyderabad,Mumbai Indians,,2020-11-03,Sharjah Cricket Stadium,Unknown,Sunrisers Hyderabad,,Sunrisers Hyderabad,field,S Nadeem,Unknown,Unknown,151,143,103,0,17,2,True
1216496,1,Rajasthan Royals,Chennai Super Kings,,2020-09-22,Sharjah Cricket Stadium,Unknown,Rajasthan Royals,,Chennai Super Kings,field,SV Samson,Unknown,Unknown,216,207,120,7,9,17,True
1216496,2,Chennai Super Kings,Rajasthan Royals,,2020-09-22,Sharjah Cricket Stadium,Unknown,Rajasthan Royals,,Chennai Super Kings,field,SV Samson,Unknown,Unknown,200,195,120,6,9,16,True
1216497,1,Kolkata Knight Riders,Delhi Capitals,,2020-10-24,Sheikh Zayed Stadium,Abu Dhabi,Kolkata Knight Riders,,Delhi Capitals,field,CV Varun,Unknown,Unknown,194,187,120,6,24,6,True
1216497,2,Delhi Capitals,Kolkata Knight Riders,,2020-10-24,Sheikh Zayed Stadium,Abu Dhabi,Kolkata Knight Riders,,Delhi Capitals,field,CV Varun,Unknown,Unknown,135,129,120,9,11,3,True
1216498,1,Kings XI Punjab,Sunrisers Hyderabad,,2020-10-24,Dubai International Cricket Stadium,Unknown,Kings XI Punjab,,Sunrisers Hyderabad,field,CJ Jordan,Unknown,Unknown,126,119,120,7,7,2,True
1216498,2,Sunrisers Hyderabad,Kings XI Punjab,,2020-10-24,Dubai International Cricket Stadium,Unknown,Kings XI Punjab,,Sunrisers Hyderabad,field,CJ Jordan,Unknown,Unknown,114,110,119,10,12,2,True
1216499,1,Royal Challengers Bangalore,Mumbai Indians,,2020-10-28,Sheikh Zayed Stadium,Abu Dhabi,Mumbai Indians,,Mumbai Indians,field,SA Yadav,Unknown,Unknown,164,161,120,6,21,3,True
1216499,2,Mumbai Indians,Royal Challengers Bangalore,,2020-10-28,Sheikh Zayed Stadium,Abu Dhabi,Mumbai Indians,,Mumbai Indians,field,SA Yadav,Unknown,Unknown,166,158,115,5,15,7,True
1216500,1,Delhi Capitals,Rajasthan Royals,,2020-10-09,Sharjah Cricket Stadium,Unknown,Delhi Capitals,,Rajasthan Royals,field,R Ashwin,Unknown,Unknown,184,170,120,8,11,11,True
1216500,2,Rajasthan Royals,Delhi Capitals,,2020-10-09,Sharjah Cricket Stadium,Unknown,Delhi Capitals,,Rajasthan Royals,field,R Ashwin,Unknown,Unknown,138,128,118,10,8,6,True
1216501,1,Kolkata Knight Riders,Chennai Super Kings,,2020-10-07,Sheikh Zayed Stadium,Abu Dhabi,Kolkata Knight Riders,,Kolkata Knight Riders,bat,RA Tripathi,Unknown,Unknown,167,157,120,10,14,5,True
1216501,2,Chennai Super Kings,Kolkata Knight Riders,,2020-10-07,Sheikh Zayed Stadium,Abu Dhabi,Kolkata Knight Riders,,Kolkata Knight Riders,bat,RA Tripathi,Unknown,Unknown,157,153,120,5,18,3,True
1216502,1,Royal Challengers Bangalore,Sunrisers Hyderabad,,2020-10-31,Sharjah Cricket Stadium,Unknown,Sunrisers Hyderabad,,Sunrisers Hyderabad,field,Sandeep Sharma,Unknown,Unknown,120,109,120,7,9,1,True
1216502,2,Sunrisers Hyderabad,Royal Challengers Bangalore,,2020-10-31,Sharjah Cricket Stadium,Unknown,Sunrisers Hyderabad,,Sunrisers Hyderabad,field,Sandeep Sharma,Unknown,Unknown,121,115,85,5,8,7,True
1216503,1,Mumbai Indians,Kings XI Punjab,,2020-10-01,Sheikh Zayed Stadium,Abu Dhabi,Mumbai Indians,,Kings XI Punjab,field,KA Pollard,Unknown,Unknown,191,185,120,4,17,10,True
1216503,2,Kings XI Punjab,Mumbai Indians,,2020-10-01,Sheikh Zayed Stadium,Abu Dhabi,Mumbai Indians,,Kings XI Punjab,field,KA Pollard,Unknown,Unknown,143,136,120,8,10,3,True
1216504,1,Kolkata Knight Riders,Rajasthan Royals,,2020-09-30,Dubai International Cricket Stadium,Unknown,Kolkata Knight Riders,,Rajasthan Royals,field,Shivam Mavi,Unknown,Unknown,174,163,120,6,12,8,True
1216504,2,Rajasthan Royals,Kolkata Knight Riders,,2020-09-30,Dubai International Cricket Stadium,Unknown,Kolkata Knight Riders,,Rajasthan Royals,field,Shivam Mavi,Unknown,Unknown,137,130,120,9,4,8,True
1216505,1,Royal Challengers Bangalore,Delhi Capitals,,2020-11-02,Sheikh Zayed Stadium,Abu Dhabi,Delhi Capitals,,Delhi Capitals,field,A Nortje,Unknown,Unknown,152,148,120,7,12,4,True
1216505,2,Delhi Capitals,Royal Challengers Bangalore,,2020-11-02,Sheikh Zayed Stadium,Abu Dhabi,Delhi Capitals,,Delhi Capitals,field,A Nortje,Unknown,Unknown,154,148,114,4,14,2,True
1216506,1,Kings XI Punjab,Chennai Super Kings,,2020-11-01,Sheikh Zayed Stadium,Abu Dhabi,Chennai Super Kings,,Chennai Super Kings,field,RD Gaikwad,Unknown,Unknown,153,151,120,6,12,5,True
1216506,2,Chennai Super Kings,Kings XI Punjab,,2020-11-01,Sheikh Zayed Stadium,Abu Dhabi,Chennai Super Kings,,Chennai Super Kings,field,RD Gaikwad,Unknown,Unknown,154,140,113,1,12,3,True
1216507,1,Sunrisers Hyderabad,Rajasthan Royals,,2020-10-11,Dubai International Cricket Stadium,Unknown,Rajasthan Royals,,Sunrisers Hyderabad,bat,R Tewatia,Unknown,Unknown,158,155,120,4,6,9,True
1216507,2,Rajasthan Royals,Sunrisers Hyderabad,,2020-10-11,Dubai International Cricket Stadium,Unknown,Rajasthan Royals,,Sunrisers Hyderabad,bat,R Tewatia,Unknown,Unknown,163,157,119,5,12,6,True
1216508,1,Mumbai Indians,Kolkata Knight Riders,,2020-09-23,Sheikh Zayed Stadium,Abu Dhabi,Mumbai Indians,,Kolkata Knight Riders,field,RG Sharma,Unknown,Unknown,195,181,120,5,13,9,True
1216508,2,Kolkata Knight Riders,Mumbai Indians,,2020-09-23,Sheikh Zayed Stadium,Abu Dhabi,Mumbai Indians,,Kolkata Knight Riders,field,RG Sharma,Unknown,Unknown,146,141,120,9,13,7,True
1216509,1,Chennai Super Kings,Delhi Capitals,,2020-10-17,Sharjah Cricket Stadium,Unknown,Delhi Capitals,,Chennai Super Kings,bat,S Dhawan,Unknown,Unknown,179,175,120,4,13,10,True
1216509,2,Delhi Capitals,Chennai Super Kings,,2020-10-17,Sharjah Cricket Stadium,Unknown,Delhi Capitals,,Chennai Super Kings,bat,S Dhawan,Unknown,Unknown,185,181,119,5,17,7,True
1216510,1,Kings XI Punjab,Royal Challengers Bangalore,,2020-09-24,Dubai International Cricket Stadium,Unknown,Kings XI Punjab,,Royal Challengers Bangalore,field,KL Rahul,Unknown,Unknown,206,195,120,3,21,7,True
1216510,2,Royal Challengers Bangalore,Kings XI Punjab,,2020-09-24,Dubai International Cricket Stadium,Unknown,Kings XI Punjab,,Royal Challengers Bangalore,field,KL Rahul,Unknown,Unknown,109,100,102,10,10,3,True
1216511,1,Mumbai Indians,Rajasthan Royals,,2020-10-06,Sheikh Zayed Stadium,Abu Dhabi,Mumbai Indians,,Mumbai Indians,bat,SA Yadav,Unknown,Unknown,193,179,120,4,18,8,True
1216511,2,Rajasthan Royals,Mumbai Indians,,2020-10-06,Sheikh Zayed Stadium,Abu Dhabi,Mumbai Indians,,Mumbai Indians,bat,SA Yadav,Unknown,Unknown,136,134,109,10,11,6,True
1216512,1,Kolkata Knight Riders,Sunrisers Hyderabad,,2020-10-18,Sheikh Zayed Stadium,Abu Dhabi,Unknown,tie,Sunrisers Hyderabad,field,LH Ferguson,Unknown,Unknown,163,160,120,5,16,5,True
1216512,2,Sunrisers Hyderabad,Kolkata Knight Riders,,2020-10-18,Sheikh Zayed Stadium,Abu Dhabi,Unknown,tie,Sunrisers Hyderabad,field,LH Ferguson,Unknown,Unknown,163,153,120,6,18,2,True
1216513,1,Kings XI Punjab,Chennai Super Kings,,2020-10-04,Dubai International Cricket Stadium,Unknown,Chennai Super Kings,,Kings XI Punjab,bat,SR Watson,Unknown,Unknown,178,174,120,4,14,6,True
1216513,2,Chennai Super Kings,Kings XI Punjab,,2020-10-04,Dubai International Cricket Stadium,Unknown,Chennai Super Kings,,Kings XI Punjab,bat,SR Watson,Unknown,Unknown,181,170,106,0,22,4,True
1216514,1,Rajasthan Royals,Royal Challengers Bangalore,,2020-10-03,Sheikh Zayed Stadium,Abu Dhabi,Royal Challengers Bangalore,,Rajasthan Royals,bat,YS Chahal,Unknown,Unknown,154,151,120,6,9,8,True
1216514,2,Royal Challengers Bangalore,Rajasthan Royals,,2020-10-03,Sheikh Zayed Stadium,Abu Dhabi,Royal Challengers Bangalore,,Rajasthan Royals,bat,YS Chahal,Unknown,Unknown,158,155,115,2,16,3,True
1216515,1,Delhi Capitals,Kolkata Knight Riders,,2020-10-03,Sharjah Cricket Stadium,Unknown,Delhi Capitals,,Kolkata Knight Riders,field,SS Iyer,Unknown,Unknown,228,226,120,4,18,14,True
1216515,2,Kolkata Knight Riders,Delhi Capitals,,2020-10-03,Sharjah Cricket Stadium,Unknown,Delhi Capitals,,Kolkata Knight Riders,field,SS Iyer,Unknown,Unknown,210,197,120,8,12,14,True
1216516,1,Sunrisers Hyderabad,Chennai Super Kings,,2020-10-02,Dubai International Cricket Stadium,Unknown,Sunrisers Hyderabad,,Sunrisers Hyderabad,bat,PK Garg,Unknown,Unknown,164,156,120,5,19,2,True
1216516,2,Chennai Super Kings,Sunrisers Hyderabad,,2020-10-02,Dubai International Cricket Stadium,Unknown,Sunrisers Hyderabad,,Sunrisers Hyderabad,bat,PK Garg,Unknown,Unknown,157,146,120,5,14,5,True
1216517,1,Mumbai Indians,Kings XI Punjab,,2020-10-18,Dubai International Cricket Stadium,Unknown,Unknown,tie,Mumbai Indians,bat,KL Rahul,Unknown,Unknown,176,169,120,6,15,9,True
1216517,2,Kings XI Punjab,Mumbai Indians,,2020-10-18,Dubai International Cricket Stadium,Unknown,Unknown,tie,Mumbai Indians,bat,KL Rahul,Unknown,Unknown,176,172,120,6,14,8,True
1216518,1,Rajasthan Royals,Sunrisers Hyderabad,,2020-10-22,Dubai International Cricket Stadium,Unknown,Sunrisers Hyderabad,,Sunrisers Hyderabad,field,MK Pandey,Unknown,Unknown,154,151,120,6,12,4,True
1216518,2,Sunrisers Hyderabad,Rajasthan Royals,,2020-10-22,Dubai International Cricket Stadium,Unknown,Sunrisers Hyderabad,,Sunrisers Hyderabad,field,MK Pandey,Unknown,Unknown,156,149,109,2,12,9,True
1216519,1,Delhi Capitals,Royal Challengers Bangalore,,2020-10-05,Dubai International Cricket Stadium,Unknown,Delhi Capitals,,Royal Challengers Bangalore,field,AR Patel,Unknown,Unknown,196,186,120,4,18,7,True
1216519,2,Royal Challengers Bangalore,Delhi Capitals,,2020-10-05,Dubai International Cricket Stadium,Unknown,Delhi Capitals,,Royal Challengers Bangalore,field,AR Patel,Unknown,Unknown,137,126,120,9,11,2,True
1216520,1,Kolkata Knight Riders,Kings XI Punjab,,2020-10-26,Sharjah Cricket Stadium,Unknown,Kings XI Punjab,,Kings XI Punjab,field,CH Gayle,Unknown,Unknown,149,143,120,9,12,8,True
1216520,2,Kings XI Punjab,Kolkata Knight Riders,,2020-10-26,Sharjah Cricket Stadium,Unknown,Kings XI Punjab,,Kings XI Punjab,field,CH Gayle,Unknown,Unknown,150,147,113,2,14,7,True
1216521,1,Chennai Super Kings,Mumbai Indians,,2020-10-23,Sharjah Cricket Stadium,Unknown,Mumbai Indians,,Mumbai Indians,field,TA Boult,Unknown,Unknown,114,102,120,9,9,3,True
1216521,2,Mumbai Indians,Chennai Super Kings,,2020-10-23,Sharjah Cricket Stadium,Unknown,Mumbai Indians,,Mumbai Indians,field,TA Boult,Unknown,Unknown,116,114,74,0,11,7,True
1216522,1,Rajasthan Royals,Royal Challengers Bangalore,,2020-10-17,Dubai International Cricket Stadium,Unknown,Royal Challengers Bangalore,,Rajasthan Royals,bat,AB de Villiers,Unknown,Unknown,177,167,120,6,17,5,True
1216522,2,Royal Challengers Bangalore,Rajasthan Royals,,2020-10-17,Dubai International Cricket Stadium,Unknown,Royal Challengers Bangalore,,Rajasthan Royals,bat,AB de Villiers,Unknown,Unknown,179,166,118,3,5,10,True
1216523,1,Kolkata Knight Riders,Kings XI Punjab,,2020-10-10,Sheikh Zayed Stadium,Abu Dhabi,Kolkata Knight Riders,,Kolkata Knight Riders,bat,KD Karthik,Unknown,Unknown,164,155,120,6,17,3,True
1216523,2,Kings XI Punjab,Kolkata Knight Riders,,2020-10-10,Sheikh Zayed Stadium,Abu Dhabi,Kolkata Knight Riders,,Kolkata Knight Riders,bat,KD Karthik,Unknown,Unknown,162,160,120,5,16,2,True
1216524,1,Sunrisers Hyderabad,Delhi Capitals,,2020-10-27,Dubai International Cricket Stadium,Unknown,Sunrisers Hyderabad,,Delhi Capitals,field,WP Saha,Unknown,Unknown,219,208,120,2,25,5,True
1216524,2,Delhi Capitals,Sunrisers Hyderabad,,2020-10-27,Dubai International Cricket Stadium,Unknown,Sunrisers Hyderabad,,Delhi Capitals,field,WP Saha,Unknown,Unknown,131,122,114,10,13,3,True
1216525,1,Royal Challengers Bangalore,Chennai Super Kings,,2020-10-10,Dubai International Cricket Stadium,Unknown,Royal Challengers Bangalore,,Royal Challengers Bangalore,bat,V Kohli,Unknown,Unknown,169,157,120,4,8,7,True
1216525,2,Chennai Super Kings,Royal Challengers Bangalore,,2020-10-10,Dubai International Cricket Stadium,Unknown,Royal Challengers Bangalore,,Royal Challengers Bangalore,bat,V Kohli,Unknown,Unknown,132,127,120,8,12,1,True
1216526,1,Kolkata Knight Riders,Mumbai Indians,,2020-10-16,Sheikh Zayed Stadium,Abu Dhabi,Mumbai Indians,,Kolkata Knight Riders,bat,Q de Kock,Unknown,Unknown,148,141,120,5,13,5,True
1216526,2,Mumbai Indians,Kolkata Knight Riders,,2020-10-16,Sheikh Zayed Stadium,Abu Dhabi,Mumbai Indians,,Kolkata Knight Riders,bat,Q de Kock,Unknown,Unknown,149,144,101,2,18,5,True
1216527,1,Kings XI Punjab,Rajasthan Royals,,2020-09-27,Sharjah Cricket Stadium,Unknown,Rajasthan Royals,,Rajasthan Royals,field,SV Samson,Unknown,Unknown,223,213,120,2,20,11,True
1216527,2,Rajasthan Royals,Kings XI Punjab,,2020-09-27,Sharjah Cricket Stadium,Unknown,Rajasthan Royals,,Rajasthan Royals,field,SV Samson,Unknown,Unknown,226,218,117,6,14,18,True
1216528,1,Chennai Super Kings,Sunrisers Hyderabad,,2020-10-13,Dubai International Cricket Stadium,Unknown,Chennai Super Kings,,Chennai Super Kings,bat,RA Jadeja,Unknown,Unknown,167,162,120,6,12,9,True
1216528,2,Sunrisers Hyderabad,Chennai Super Kings,,2020-10-13,Dubai International Cricket Stadium,Unknown,Chennai Super Kings,,Chennai Super Kings,bat,RA Jadeja,Unknown,Unknown,147,141,120,8,13,2,True
1216529,1,Delhi Capitals,Mumbai Indians,,2020-10-11,Sheikh Zayed Stadium,Abu Dhabi,Mumbai Indians,,Delhi Capitals,bat,Q de Kock,Unknown,Unknown,162,157,120,4,17,1,True
1216529,2,Mumbai Indians,Delhi Capitals,,2020-10-11,Sheikh Zayed Stadium,Abu Dhabi,Mumbai Indians,,Delhi Capitals,bat,Q de Kock,Unknown,Unknown,166,162,118,5,15,6,True
1216530,1,Kolkata Knight Riders,Rajasthan Royals,,2020-11-01,Dubai International Cricket Stadium,Unknown,Kolkata Knight Riders,,Rajasthan Royals,field,PJ Cummins,Unknown,Unknown,191,184,120,7,16,12,True
1216530,2,Rajasthan Royals,Kolkata Knight Riders,,2020-11-01,Dubai International Cricket Stadium,Unknown,Kolkata Knight Riders,,Rajasthan Royals,field,PJ Cummins,Unknown,Unknown,131,126,120,9,11,4,True
1216531,1,Royal Challengers Bangalore,Kings XI Punjab,,2020-10-15,Sharjah Cricket Stadium,Unknown,Kings XI Punjab,,Royal Challengers Bangalore,bat,KL Rahul,Unknown,Unknown,171,159,120,6,8,8,True
1216531,2,Kings XI Punjab,Royal Challengers Bangalore,,2020-10-15,Sharjah Cricket Stadium,Unknown,Kings XI Punjab,,Royal Challengers Bangalore,bat,KL Rahul,Unknown,Unknown,177,165,120,2,6,14,True
1216532,1,Sunrisers Hyderabad,Delhi Capitals,,2020-09-29,Sheikh Zayed Stadium,Abu Dhabi,Sunrisers Hyderabad,,Delhi Capitals,field,Rashid Khan,Unknown,Unknown,162,155,120,4,11,4,True
1216532,2,Delhi Capitals,Sunrisers Hyderabad,,2020-09-29,Sheikh Zayed Stadium,Abu Dhabi,Sunrisers Hyderabad,,Delhi Capitals,field,Rashid Khan,Unknown,Unknown,147,136,120,7,9,5,True
1216533,1,Chennai Super Kings,Rajasthan Royals,,2020-10-19,Sheikh Zayed Stadium,Abu Dhabi,Rajasthan Royals,,Chennai Super Kings,bat,JC Buttler,Unknown,Unknown,125,120,120,5,12,1,True
1216533,2,Rajasthan Royals,Chennai Super Kings,,2020-10-19,Sheikh Zayed Stadium,Abu Dhabi,Rajasthan Royals,,Chennai Super Kings,bat,JC Buttler,Unknown,Unknown,126,119,105,3,12,2,True
1216534,1,Royal Challengers Bangalore,Sunrisers Hyderabad,,2020-09-21,Dubai International Cricket Stadium,Unknown,Royal Challengers Bangalore,,Sunrisers Hyderabad,field,YS Chahal,Unknown,Unknown,163,158,120,5,13,4,True
1216534,2,Sunrisers Hyderabad,Royal Challengers Bangalore,,2020-09-21,Dubai International Cricket Stadium,Unknown,Royal Challengers Bangalore,,Sunrisers Hyderabad,field,YS Chahal,Unknown,Unknown,153,138,118,10,14,3,True
1216535,1,Delhi Capitals,Mumbai Indians,,2020-10-31,Dubai International Cricket Stadium,Unknown,Mumbai Indians,,Mumbai Indians,field,Ishan Kishan,Unknown,Unknown,110,105,120,9,7,3,True
1216535,2,Mumbai Indians,Delhi Capitals,,2020-10-31,Dubai International Cricket Stadium,Unknown,Mumbai Indians,,Mumbai Indians,field,Ishan Kishan,Unknown,Unknown,111,110,86,1,11,3,True
1216536,1,Kolkata Knight Riders,Chennai Super Kings,,2020-10-29,Dubai International Cricket Stadium,Unknown,Chennai Super Kings,,Chennai Super Kings,field,RD Gaikwad,Unknown,Unknown,172,170,120,5,20,5,True
1216536,2,Chennai Super Kings,Kolkata Knight Riders,,2020-10-29,Dubai International Cricket Stadium,Unknown,Chennai Super Kings,,Chennai Super Kings,field,RD Gaikwad,Unknown,Unknown,178,169,120,4,15,7,True
1216537,1,Kings XI Punjab,Rajasthan Royals,,2020-10-30,Sheikh Zayed Stadium,Abu Dhabi,Rajasthan Royals,,Rajasthan Royals,field,BA Stokes,Unknown,Unknown,185,174,120,4,10,13,True
1216537,2,Rajasthan Royals,Kings XI Punjab,,2020-10-30,Sheikh Zayed Stadium,Abu Dhabi,Rajasthan Royals,,Rajasthan Royals,field,BA Stokes,Unknown,Unknown,186,181,105,3,17,10,True
1216538,1,Mumbai Indians,Sunrisers Hyderabad,,2020-10-04,Sharjah Cricket Stadium,Unknown,Mumbai Indians,,Mumbai Indians,bat,TA Boult,Unknown,Unknown,208,204,120,5,15,14,True
1216538,2,Sunrisers Hyderabad,Mumbai Indians,,2020-10-04,Sharjah Cricket Stadium,Unknown,Mumbai Indians,,Mumbai Indians,bat,TA Boult,Unknown,Unknown,174,159,120,7,12,7,True
1216539,1,Delhi Capitals,Chennai Super Kings,,2020-09-25,Dubai International Cricket Stadium,Unknown,Delhi Capitals,,Chennai Super Kings,field,PP Shaw,Unknown,Unknown,175,167,120,3,20,2,True
1216539,2,Chennai Super Kings,Delhi Capitals,,2020-09-25,Dubai International Cricket Stadium,Unknown,Delhi Capitals,,Chennai Super Kings,field,PP Shaw,Unknown,Unknown,131,126,120,7,12,1,True
1216540,1,Royal Challengers Bangalore,Kolkata Knight Riders,,2020-10-12,Sharjah Cricket Stadium,Unknown,Royal Challengers Bangalore,,Royal Challengers Bangalore,bat,AB de Villiers,Unknown,Unknown,194,185,120,2,14,8,True
1216540,2,Kolkata Knight Riders,Royal Challengers Bangalore,,2020-10-12,Sharjah Cricket Stadium,Unknown,Royal Challengers Bangalore,,Royal Challengers Bangalore,bat,AB de Villiers,Unknown,Unknown,112,106,120,9,8,2,True
1216541,1,Mumbai Indians,Rajasthan Royals,,2020-10-25,Sheikh Zayed Stadium,Abu Dhabi,Rajasthan Royals,,Mumbai Indians,bat,BA Stokes,Unknown,Unknown,195,186,120,5,14,12,True
1216541,2,Rajasthan Royals,Mumbai Indians,,2020-10-25,Sheikh Zayed Stadium,Abu Dhabi,Rajasthan Royals,,Mumbai Indians,bat,BA Stokes,Unknown,Unknown,196,185,110,2,21,7,True
1216542,1,Sunrisers Hyderabad,Kings XI Punjab,,2020-10-08,Dubai International Cricket Stadium,Unknown,Sunrisers Hyderabad,,Sunrisers Hyderabad,bat,JM Bairstow,Unknown,Unknown,201,190,120,6,15,9,True
1216542,2,Kings XI Punjab,Sunrisers Hyderabad,,2020-10-08,Dubai International Cricket Stadium,Unknown,Sunrisers Hyderabad,,Sunrisers Hyderabad,bat,JM Bairstow,Unknown,Unknown,132,128,101,10,9,7,True
1216543,1,Delhi Capitals,Rajasthan Royals,,2020-10-14,Dubai International Cricket Stadium,Unknown,Delhi Capitals,,Delhi Capitals,bat,A Nortje,Unknown,Unknown,161,151,120,7,11,5,True
1216543,2,Rajasthan Royals,Delhi Capitals,,2020-10-14,Dubai International Cricket Stadium,Unknown,Delhi Capitals,,Delhi Capitals,bat,A Nortje,Unknown,Unknown,148,143,120,8,14,4,True
1216544,1,Royal Challengers Bangalore,Chennai Super Kings,,2020-10-25,Dubai International Cricket Stadium,Unknown,Chennai Super Kings,,Royal Challengers Bangalore,bat,RD Gaikwad,Unknown,Unknown,145,136,120,6,11,2,True
1216544,2,Chennai Super Kings,Royal Challengers Bangalore,,2020-10-25,Dubai International Cricket Stadium,Unknown,Chennai Super Kings,,Royal Challengers Bangalore,bat,RD Gaikwad,Unknown,Unknown,150,148,112,2,12,7,True
1216545,1,Sunrisers Hyderabad,Kolkata Knight Riders,,2020-09-26,Sheikh Zayed Stadium,Abu Dhabi,Kolkata Knight Riders,,Sunrisers Hyderabad,bat,Shubman Gill,Unknown,Unknown,142,135,120,4,8,4,True
1216545,2,Kolkata Knight Riders,Sunrisers Hyderabad,,2020-09-26,Sheikh Zayed Stadium,Abu Dhabi,Kolkata Knight Riders,,Sunrisers Hyderabad,bat,Shubman Gill,Unknown,Unknown,145,138,108,3,14,4,True
1216546,1,Delhi Capitals,Kings XI Punjab,,2020-10-20,Dubai International Cricket Stadium,Unknown,Kings XI Punjab,,Delhi Capitals,bat,S Dhawan,Unknown,Unknown,164,160,120,5,14,5,True
1216546,2,Kings XI Punjab,Delhi Capitals,,2020-10-20,Dubai International Cricket Stadium,Unknown,Kings XI Punjab,,Delhi Capitals,bat,S Dhawan,Unknown,Unknown,167,159,114,5,14,7,True
1216547,1,Royal Challengers Bangalore,Mumbai Indians,,2020-09-28,Dubai International Cricket Stadium,Unknown,Unknown,tie,Mumbai Indians,field,AB de Villiers,Unknown,Unknown,201,191,120,3,17,10,True
1216547,2,Mumbai Indians,Royal Challengers Bangalore,,2020-09-28,Dubai International Cricket Stadium,Unknown,Unknown,tie,Mumbai Indians,field,AB de Villiers,Unknown,Unknown,201,196,120,5,6,16,True
1237177,1,Mumbai Indians,Delhi Capitals,,2020-11-05,Dubai International Cricket Stadium,Unknown,Mumbai Indians,,Delhi Capitals,field,JJ Bumrah,Qualifier 1,Unknown,200,196,120,5,15,12,True
1237177,2,Delhi Capitals,Mumbai Indians,,2020-11-05,Dubai International Cricket Stadium,Unknown,Mumbai Indians,,Delhi Capitals,field,JJ Bumrah,Qualifier 1,Unknown,143,137,120,8,13,6,True
1237178,1,Royal Challengers Bangalore,Sunrisers Hyderabad,,2020-11-06,Sheikh Zayed Stadium,Abu Dhabi,Sunrisers Hyderabad,,Sunrisers Hyderabad,field,KS Williamson,Eliminator,Unknown,131,127,120,7,10,1,True
1237178,2,Sunrisers Hyderabad,Royal Challengers Bangalore,,2020-11-06,Sheikh Zayed Stadium,Abu Dhabi,Sunrisers Hyderabad,,Sunrisers Hyderabad,field,KS Williamson,Eliminator,Unknown,132,122,118,4,11,3,True
1237180,1,Delhi Capitals,Sunrisers Hyderabad,,2020-11-08,Sheikh Zayed Stadium,Abu Dhabi,Delhi Capitals,,Delhi Capitals,bat,MP Stoinis,Qualifier 2,Unknown,189,181,120,3,16,5,True
1237180,2,Sunrisers Hyderabad,Delhi Capitals,,2020-11-08,Sheikh Zayed Stadium,Abu Dhabi,Delhi Capitals,,Delhi Capitals,bat,MP Stoinis,Qualifier 2,Unknown,172,166,120,8,12,9,True
1237181,1,Delhi Capitals,Mumbai Indians,,2020-11-10,Dubai International Cricket Stadium,Unknown,Mumbai Indians,,Delhi Capitals,bat,TA Boult,Final,Unknown,156,152,120,7,15,4,True
1237181,2,Mumbai Indians,Delhi Capitals,,2020-11-10,Dubai International Cricket Stadium,Unknown,Mumbai Indians,,Delhi Capitals,bat,TA Boult,Final,Unknown,157,153,112,5,14,7,True
1254058,1,Mumbai Indians,Royal Challengers Bangalore,2021.0,2021-04-09,"MA Chidambaram Stadium, Chepauk, Chennai",Chennai,Royal Challengers Bangalore,,Royal Challengers Bangalore,field,HV Patel,Unknown,Unknown,159,155,120,9,15,6,True
1254058,2,Royal Challengers Bangalore,Mumbai Indians,2021.0,2021-04-09,"MA Chidambaram Stadium, Chepauk, Chennai",Chennai,Royal Challengers Bangalore,,Royal Challengers Bangalore,field,HV Patel,Unknown,Unknown,160,148,120,8,12,4,True
1254059,1,Chennai Super Kings,Delhi Capitals,2021.0,2021-04-10,"Wankhede Stadium, Mumbai",Mumbai,Delhi Capitals,,Delhi Capitals,field,S Dhawan,Unknown,Unknown,188,178,120,7,16,10,True
1254059,2,Delhi Capitals,Chennai Super Kings,2021.0,2021-04-10,"Wankhede Stadium, Mumbai",Mumbai,Delhi Capitals,,Delhi Capitals,field,S Dhawan,Unknown,Unknown,190,186,112,3,24,5,True
1254060,1,Kolkata Knight Riders,Sunrisers Hyderabad,2021.0,2021-04-11,"MA Chidambaram Stadium, Chepauk, Chennai",Chennai,Kolkata Knight Riders,,Sunrisers Hyderabad,field,N Rana,Unknown,Unknown,187,180,120,6,18,8,True
1254060,2,Sunrisers Hyderabad,Kolkata Knight Riders,2021.0,2021-04-11,"MA Chidambaram Stadium, Chepauk, Chennai",Chennai,Kolkata Knight Riders,,Sunrisers Hyderabad,field,N Rana,Unknown,Unknown,177,170,120,5,9,10,True
1254061,1,Punjab Kings,Rajasthan Royals,2021.0,2021-04-12,"Wankhede Stadium, Mumbai",Mumbai,Punjab Kings,,Rajasthan Royals,field,SV Samson,Unknown,Unknown,221,215,120,6,18,13,True
1254061,2,Rajasthan Royals,Punjab Kings,2021.0,2021-04-12,"Wankhede Stadium, Mumbai",Mumbai,Punjab Kings,,Rajasthan Royals,field,SV Samson,Unknown,Unknown,217,208,120,7,22,11,True
1254062,1,Mumbai Indians,Kolkata Knight Riders,2021.0,2021-04-13,"MA Chidambaram Stadium, Chepauk, Chennai",Chennai,Mumbai Indians,,Kolkata Knight Riders,field,RD Chahar,Unknown,Unknown,152,145,120,10,16,3,True
1254062,2,Kolkata Knight Riders,Mumbai Indians,2021.0,2021-04-13,"MA Chidambaram Stadium, Chepauk, Chennai",Chennai,Mumbai Indians,,Kolkata Knight Riders,field,RD Chahar,Unknown,Unknown,142,130,120,7,14,3,True
1254063,1,Royal Challengers Bangalore,Sunrisers Hyderabad,2021.0,2021-04-14,"MA Chidambaram Stadium, Chepauk, Chennai",Chennai,Royal Challengers Bangalore,,Sunrisers Hyderabad,field,GJ Maxwell,Unknown,Unknown,149,139,120,8,14,4,True
1254063,2,Sunrisers Hyderabad,Royal Challengers Bangalore,2021.0,2021-04-14,"MA Chidambaram Stadium, Chepauk, Chennai",Chennai,Royal Challengers Bangalore,,Sunrisers Hyderabad,field,GJ Maxwell,Unknown,Unknown,143,131,120,9,11,4,True
1254064,1,Delhi Capitals,Rajasthan Royals,2021.0,2021-04-15,"Wankhede Stadium, Mumbai",Mumbai,Rajasthan Royals,,Rajasthan Royals,field,JD Unadkat,Unknown,Unknown,147,142,120,8,20,0,True
1254064,2,Rajasthan Royals,Delhi Capitals,2021.0,2021-04-15,"Wankhede Stadium, Mumbai",Mumbai,Rajasthan Royals,,Rajasthan Royals,field,JD Unadkat,Unknown,Unknown,150,147,118,7,12,7,True
1254065,1,Punjab Kings,Chennai Super Kings,2021.0,2021-04-16,"Wankhede Stadium, Mumbai",Mumbai,Chennai Super Kings,,Chennai Super Kings,field,DL Chahar,Unknown,Unknown,106,102,120,8,10,2,True
1254065,2,Chennai Super Kings,Punjab Kings,2021.0,2021-04-16,"Wankhede Stadium, Mumbai",Mumbai,Chennai Super Kings,,Chennai Super Kings,field,DL Chahar,Unknown,Unknown,107,100,94,4,13,2,True
1254066,1,Mumbai Indians,Sunrisers Hyderabad,2021.0,2021-04-17,"MA Chidambaram Stadium, Chepauk, Chennai",Chennai,Mumbai Indians,,Mumbai Indians,bat,KA Pollard,Unknown,Unknown,150,139,120,5,10,6,True
1254066,2,Sunrisers Hyderabad,Mumbai Indians,2021.0,2021-04-17,"MA Chidambaram Stadium, Chepauk, Chennai",Chennai,Mumbai Indians,,Mumbai Indians,bat,KA Pollard,Unknown,Unknown,137,132,118,10,7,8,True
1254067,1,Royal Challengers Bangalore,Kolkata Knight Riders,2021.0,2021-04-18,"MA Chidambaram Stadium, Chepauk, Chennai",Chennai,Royal Challengers Bangalore,,Royal Challengers Bangalore,bat,AB de Villiers,Unknown,Unknown,204,196,120,4,22,7,True
1254067,2,Kolkata Knight Riders,Royal Challengers Bangalore,2021.0,2021-04-18,"MA Chidambaram Stadium, Chepauk, Chennai",Chennai,Royal Challengers Bangalore,,Royal Challengers Bangalore,bat,AB de Villiers,Unknown,Unknown,166,162,120,8,14,9,True
1254068,1,Punjab Kings,Delhi Capitals,2021.0,2021-04-18,"Wankhede Stadium, Mumbai",Mumbai,Delhi Capitals,,Delhi Capitals,field,S Dhawan,Unknown,Unknown,195,187,120,4,17,10,True
1254068,2,Delhi Capitals,Punjab Kings,2021.0,2021-04-18,"Wankhede Stadium, Mumbai",Mumbai,Delhi Capitals,,Delhi Capitals,field,S Dhawan,Unknown,Unknown,198,187,110,4,21,6,True
1254069,1,Chennai Super Kings,Rajasthan Royals,2021.0,2021-04-19,"Wankhede Stadium, Mumbai",Mumbai,Chennai Super Kings,,Rajasthan Royals,field,MM Ali,Unknown,Unknown,188,174,120,9,12,10,True
1254069,2,Rajasthan Royals,Chennai Super Kings,2021.0,2021-04-19,"Wankhede Stadium, Mumbai",Mumbai,Chennai Super Kings,,Rajasthan Royals,field,MM Ali,Unknown,Unknown,143,130,120,9,10,6,True
1254070,1,Mumbai Indians,Delhi Capitals,2021.0,2021-04-20,"MA Chidambaram Stadium, Chepauk, Chennai",Chennai,Delhi Capitals,,Mumbai Indians,bat,A Mishra,Unknown,Unknown,137,132,120,9,10,4,True
1254070,2,Delhi Capitals,Mumbai Indians,2021.0,2021-04-20,"MA Chidambaram Stadium, Chepauk, Chennai",Chennai,Delhi Capitals,,Mumbai Indians,bat,A Mishra,Unknown,Unknown,138,128,115,4,14,1,True
1254071,1,Punjab Kings,Sunrisers Hyderabad,2021.0,2021-04-21,"MA Chidambaram Stadium, Chepauk, Chennai",Chennai,Sunrisers Hyderabad,,Punjab Kings,bat,JM Bairstow,Unknown,Unknown,120,109,118,10,7,2,True
1254071,2,Sunrisers Hyderabad,Punjab Kings,2021.0,2021-04-21,"MA Chidambaram Stadium, Chepauk, Chennai",Chennai,Sunrisers Hyderabad,,Punjab Kings,bat,JM Bairstow,Unknown,Unknown,121,116,112,1,6,4,True
1254072,1,Chennai Super Kings,Kolkata Knight Riders,2021.0,2021-04-21,"Wankhede Stadium, Mumbai",Mumbai,Chennai Super Kings,,Kolkata Knight Riders,field,F du Plessis,Unknown,Unknown,220,207,120,3,19,12,True
1254072,2,Kolkata Knight Riders,Chennai Super Kings,2021.0,2021-04-21,"Wankhede Stadium, Mumbai",Mumbai,Chennai Super Kings,,Kolkata Knight Riders,field,F du Plessis,Unknown,Unknown,202,188,115,10,16,14,True
1254073,1,Rajasthan Royals,Royal Challengers Bangalore,2021.0,2021-04-22,"Wankhede Stadium, Mumbai",Mumbai,Royal Challengers Bangalore,,Royal Challengers Bangalore,field,D Padikkal,Unknown,Unknown,177,164,120,9,18,7,True
1254073,2,Royal Challengers Bangalore,Rajasthan Royals,2021.0,2021-04-22,"Wankhede Stadium, Mumbai",Mumbai,Royal Challengers Bangalore,,Royal Challengers Bangalore,field,D Padikkal,Unknown,Unknown,181,173,99,0,17,9,True
1254074,1,Mumbai Indians,Punjab Kings,2021.0,2021-04-23,"MA Chidambaram Stadium, Chepauk, Chennai",Chennai,Punjab Kings,,Punjab Kings,field,KL Rahul,Unknown,Unknown,131,125,120,6,8,4,True
1254074,2,Punjab Kings,Mumbai Indians,2021.0,2021-04-23,"MA Chidambaram Stadium, Chepauk, Chennai",Chennai,Punjab Kings,,Punjab Kings,field,KL Rahul,Unknown,Unknown,132,128,106,1,12,6,True
1254075,1,Kolkata Knight Riders,Rajasthan Royals,2021.0,2021-04-24,"Wankhede Stadium, Mumbai",Mumbai,Rajasthan Royals,,Rajasthan Royals,field,CH Morris,Unknown,Unknown,133,124,120,9,9,5,True
1254075,2,Rajasthan Royals,Kolkata Knight Riders,2021.0,2021-04-24,"Wankhede Stadium, Mumbai",Mumbai,Rajasthan Royals,,Rajasthan Royals,field,CH Morris,Unknown,Unknown,134,120,113,4,13,2,True
1254076,1,Chennai Super Kings,Royal Challengers Bangalore,2021.0,2021-04-25,"Wankhede Stadium, Mumbai",Mumbai,Chennai Super Kings,,Chennai Super Kings,bat,RA Jadeja,Unknown,Unknown,191,185,120,4,15,11,True
1254076,2,Royal Challengers Bangalore,Chennai Super Kings,2021.0,2021-04-25,"Wankhede Stadium, Mumbai",Mumbai,Chennai Super Kings,,Chennai Super Kings,bat,RA Jadeja,Unknown,Unknown,122,114,120,9,10,4,True
1254077,1,Delhi Capitals,Sunrisers Hyderabad,2021.0,2021-04-25,"MA Chidambaram Stadium, Chepauk, Chennai",Chennai,Unknown,tie,Delhi Capitals,bat,PP Shaw,Unknown,Unknown,159,155,120,4,17,3,True
1254077,2,Sunrisers Hyderabad,Delhi Capitals,2021.0,2021-04-25,"MA Chidambaram Stadium, Chepauk, Chennai",Chennai,Unknown,tie,Delhi Capitals,bat,PP Shaw,Unknown,Unknown,159,150,120,7,14,5,True
1254078,1,Punjab Kings,Kolkata Knight Riders,2021.0,2021-04-26,"Narendra Modi Stadium, Ahmedabad",Ahmedabad,Kolkata Knight Riders,,Kolkata Knight Riders,field,EJG Morgan,Unknown,Unknown,123,118,120,9,5,8,True
1254078,2,Kolkata Knight Riders,Punjab Kings,2021.0,2021-04-26,"Narendra Modi Stadium, Ahmedabad",Ahmedabad,Kolkata Knight Riders,,Kolkata Knight Riders,field,EJG Morgan,Unknown,Unknown,126,119,100,5,17,2,True
1254079,1,Royal Challengers Bangalore,Delhi Capitals,2021.0,2021-04-27,"Narendra Modi Stadium, Ahmedabad",Ahmedabad,Royal Challengers Bangalore,,Delhi Capitals,field,AB de Villiers,Unknown,Unknown,171,169,120,5,9,9,True
1254079,2,Delhi Capitals,Royal Challengers Bangalore,2021.0,2021-04-27,"Narendra Modi Stadium, Ahmedabad",Ahmedabad,Royal Challengers Bangalore,,Delhi Capitals,field,AB de Villiers,Unknown,Unknown,170,164,120,4,16,4,True
1254080,1,Sunrisers Hyderabad,Chennai Super Kings,2021.0,2021-04-28,"Arun Jaitley Stadium, Delhi",Delhi,Chennai Super Kings,,Sunrisers Hyderabad,bat,RD Gaikwad,Unknown,Unknown,171,163,120,3,14,5,True
1254080,2,Chennai Super Kings,Sunrisers Hyderabad,2021.0,2021-04-28,"Arun Jaitley Stadium, Delhi",Delhi,Chennai Super Kings,,Sunrisers Hyderabad,bat,RD Gaikwad,Unknown,Unknown,173,170,111,3,25,1,True
1254081,1,Rajasthan Royals,Mumbai Indians,2021.0,2021-04-29,"Arun Jaitley Stadium, Delhi",Delhi,Mumbai Indians,,Mumbai Indians,field,Q de Kock,Unknown,Unknown,171,165,120,4,14,7,True
1254081,2,Mumbai Indians,Rajasthan Royals,2021.0,2021-04-29,"Arun Jaitley Stadium, Delhi",Delhi,Mumbai Indians,,Mumbai Indians,field,Q de Kock,Unknown,Unknown,172,155,111,3,13,6,True
1254082,1,Kolkata Knight Riders,Delhi Capitals,2021.0,2021-04-29,"Narendra Modi Stadium, Ahmedabad",Ahmedabad,Delhi Capitals,,Delhi Capitals,field,PP Shaw,Unknown,Unknown,154,147,120,6,10,7,True
1254082,2,Delhi Capitals,Kolkata Knight Riders,2021.0,2021-04-29,"Narendra Modi Stadium, Ahmedabad",Ahmedabad,Delhi Capitals,,Delhi Capitals,field,PP Shaw,Unknown,Unknown,156,150,99,3,18,5,True
1254083,1,Punjab Kings,Royal Challengers Bangalore,2021.0,2021-04-30,"Narendra Modi Stadium, Ahmedabad",Ahmedabad,Punjab Kings,,Royal Challengers Bangalore,field,Harpreet Brar,Unknown,Unknown,179,174,120,5,15,9,True
1254083,2,Royal Challengers Bangalore,Punjab Kings,2021.0,2021-04-30,"Narendra Modi Stadium, Ahmedabad",Ahmedabad,Punjab Kings,,Royal Challengers Bangalore,field,Harpreet Brar,Unknown,Unknown,145,134,120,8,10,6,True
1254084,1,Chennai Super Kings,Mumbai Indians,2021.0,2021-05-01,"Arun Jaitley Stadium, Delhi",Delhi,Mumbai Indians,,Mumbai Indians,field,KA Pollard,Unknown,Unknown,218,208,120,4,14,16,True
1254084,2,Mumbai Indians,Chennai Super Kings,2021.0,2021-05-01,"Arun Jaitley Stadium, Delhi",Delhi,Mumbai Indians,,Mumbai Indians,field,KA Pollard,Unknown,Unknown,219,211,120,6,16,14,True
1254085,1,Rajasthan Royals,Sunrisers Hyderabad,2021.0,2021-05-02,"Arun Jaitley Stadium, Delhi",Delhi,Rajasthan Royals,,Sunrisers Hyderabad,field,JC Buttler,Unknown,Unknown,220,206,120,3,17,12,True
1254085,2,Sunrisers Hyderabad,Rajasthan Royals,2021.0,2021-05-02,"Arun Jaitley Stadium, Delhi",Delhi,Rajasthan Royals,,Sunrisers Hyderabad,field,JC Buttler,Unknown,Unknown,165,157,120,8,13,7,True
1254086,1,Punjab Kings,Delhi Capitals,2021.0,2021-05-02,"Narendra Modi Stadium, Ahmedabad",Ahmedabad,Delhi Capitals,,Delhi Capitals,field,MA Agarwal,Unknown,Unknown,166,161,120,6,11,7,True
1254086,2,Delhi Capitals,Punjab Kings,2021.0,2021-05-02,"Narendra Modi Stadium, Ahmedabad",Ahmedabad,Delhi Capitals,,Delhi Capitals,field,MA Agarwal,Unknown,Unknown,167,162,106,3,12,8,True
1254087,1,Royal Challengers Bangalore,Kolkata Knight Riders,2021.0,2021-09-20,"Zayed Cricket Stadium, Abu Dhabi",Abu Dhabi,Kolkata Knight Riders,,Royal Challengers Bangalore,bat,CV Varun,Unknown,Unknown,92,86,114,10,8,0,True
1254087,2,Kolkata Knight Riders,Royal Challengers Bangalore,2021.0,2021-09-20,"Zayed Cricket Stadium, Abu Dhabi",Abu Dhabi,Kolkata Knight Riders,,Royal Challengers Bangalore,bat,CV Varun,Unknown,Unknown,94,89,60,1,13,2,True
1254088,1,Mumbai Indians,Sunrisers Hyderabad,2021.0,2021-10-08,"Zayed Cricket Stadium, Abu Dhabi",Abu Dhabi,Mumbai Indians,,Mumbai Indians,bat,Ishan Kishan,Unknown,Unknown,235,224,120,9,30,8,True
1254088,2,Sunrisers Hyderabad,Mumbai Indians,2021.0,2021-10-08,"Zayed Cricket Stadium, Abu Dhabi",Abu Dhabi,Mumbai Indians,,Mumbai Indians,bat,Ishan Kishan,Unknown,Unknown,193,183,120,8,21,4,True
1254089,1,Chennai Super Kings,Rajasthan Royals,2021.0,2021-10-02,"Zayed Cricket Stadium, Abu Dhabi",Abu Dhabi,Rajasthan Royals,,Rajasthan Royals,field,RD Gaikwad,Unknown,Unknown,189,184,120,4,16,8,True
1254089,2,Rajasthan Royals,Chennai Super Kings,2021.0,2021-10-02,"Zayed Cricket Stadium, Abu Dhabi",Abu Dhabi,Rajasthan Royals,,Rajasthan Royals,field,RD Gaikwad,Unknown,Unknown,190,183,105,3,17,10,True
1254090,1,Royal Challengers Bangalore,Punjab Kings,2021.0,2021-10-03,Sharjah Cricket Stadium,Sharjah,Royal Challengers Bangalore,,Royal Challengers Bangalore,bat,GJ Maxwell,Unknown,Unknown,164,154,120,7,10,10,True
1254090,2,Punjab Kings,Royal Challengers Bangalore,2021.0,2021-10-03,Sharjah Cricket Stadium,Sharjah,Royal Challengers Bangalore,,Royal Challengers Bangalore,bat,GJ Maxwell,Unknown,Unknown,158,150,120,6,10,7,True
1254091,1,Sunrisers Hyderabad,Chennai Super Kings,2021.0,2021-09-30,Sharjah Cricket Stadium,Sharjah,Chennai Super Kings,,Chennai Super Kings,field,JR Hazlewood,Unknown,Unknown,134,124,120,7,7,4,True
1254091,2,Chennai Super Kings,Sunrisers Hyderabad,2021.0,2021-09-30,Sharjah Cricket Stadium,Sharjah,Chennai Super Kings,,Chennai Super Kings,field,JR Hazlewood,Unknown,Unknown,139,136,118,4,11,6,True
1254092,1,Delhi Capitals,Kolkata Knight Riders,2021.0,2021-09-28,Sharjah Cricket Stadium,Sharjah,Kolkata Knight Riders,,Kolkata Knight Riders,field,SP Narine,Unknown,Unknown,127,121,120,9,14,0,True
1254092,2,Kolkata Knight Riders,Delhi Capitals,2021.0,2021-09-28,Sharjah Cricket Stadium,Sharjah,Kolkata Knight Riders,,Kolkata Knight Riders,field,SP Narine,Unknown,Unknown,130,125,110,7,8,7,True
1254093,1,Rajasthan Royals,Mumbai Indians,2021.0,2021-10-05,Sharjah Cricket Stadium,Sharjah,Mumbai Indians,,Mumbai Indians,field,NM Coulter-Nile,Unknown,Unknown,90,87,120,9,7,2,True
1254093,2,Mumbai Indians,Rajasthan Royals,2021.0,2021-10-05,Sharjah Cricket Stadium,Sharjah,Mumbai Indians,,Mumbai Indians,field,NM Coulter-Nile,Unknown,Unknown,94,90,50,2,9,5,True
1254094,1,Chennai Super Kings,Punjab Kings,2021.0,2021-10-07,Dubai International Cricket Stadium,Dubai,Punjab Kings,,Punjab Kings,field,KL Rahul,Unknown,Unknown,134,125,120,6,13,2,True
1254094,2,Punjab Kings,Chennai Super Kings,2021.0,2021-10-07,Dubai International Cricket Stadium,Dubai,Punjab Kings,,Punjab Kings,field,KL Rahul,Unknown,Unknown,139,134,78,4,9,10,True
1254095,1,Sunrisers Hyderabad,Royal Challengers Bangalore,2021.0,2021-10-06,"Zayed Cricket Stadium, Abu Dhabi",Abu Dhabi,Sunrisers Hyderabad,,Royal Challengers Bangalore,field,KS Williamson,Unknown,Unknown,141,137,120,7,14,2,True
1254095,2,Royal Challengers Bangalore,Sunrisers Hyderabad,2021.0,2021-10-06,"Zayed Cricket Stadium, Abu Dhabi",Abu Dhabi,Sunrisers Hyderabad,,Royal Challengers Bangalore,field,KS Williamson,Unknown,Unknown,137,134,120,6,12,4,True
1254096,1,Mumbai Indians,Kolkata Knight Riders,2021.0,2021-09-23,"Zayed Cricket Stadium, Abu Dhabi",Abu Dhabi,Kolkata Knight Riders,,Kolkata Knight Riders,field,SP Narine,Unknown,Unknown,155,146,120,6,11,6,True
1254096,2,Kolkata Knight Riders,Mumbai Indians,2021.0,2021-09-23,"Zayed Cricket Stadium, Abu Dhabi",Abu Dhabi,Kolkata Knight Riders,,Kolkata Knight Riders,field,SP Narine,Unknown,Unknown,159,152,91,3,14,8,True
1254097,1,Delhi Capitals,Rajasthan Royals,2021.0,2021-09-25,"Zayed Cricket Stadium, Abu Dhabi",Abu Dhabi,Delhi Capitals,,Rajasthan Royals,field,SS Iyer,Unknown,Unknown,154,145,120,6,10,3,True
1254097,2,Rajasthan Royals,Delhi Capitals,2021.0,2021-09-25,"Zayed Cricket Stadium, Abu Dhabi",Abu Dhabi,Delhi Capitals,,Rajasthan Royals,field,SS Iyer,Unknown,Unknown,121,115,120,6,8,2,True
1254098,1,Kolkata Knight Riders,Chennai Super Kings,2021.0,2021-09-26,"Zayed Cricket Stadium, Abu Dhabi",Abu Dhabi,Chennai Super Kings,,Kolkata Knight Riders,bat,RA Jadeja,Unknown,Unknown,171,163,120,6,17,4,True
1254098,2,Chennai Super Kings,Kolkata Knight Riders,2021.0,2021-09-26,"Zayed Cricket Stadium, Abu Dhabi",Abu Dhabi,Chennai Super Kings,,Kolkata Knight Riders,bat,RA Jadeja,Unknown,Unknown,172,167,120,8,15,6,True
1254099,1,Punjab Kings,Mumbai Indians,2021.0,2021-09-28,"Zayed Cricket Stadium, Abu Dhabi",Abu Dhabi,Mumbai Indians,,Mumbai Indians,field,KA Pollard,Unknown,Unknown,135,129,120,6,11,1,True
1254099,2,Mumbai Indians,Punjab Kings,2021.0,2021-09-28,"Zayed Cricket Stadium, Abu Dhabi",Abu Dhabi,Mumbai Indians,,Mumbai Indians,field,KA Pollard,Unknown,Unknown,137,135,114,4,11,5,True
1254100,1,Rajasthan Royals,Sunrisers Hyderabad,2021.0,2021-09-27,Dubai International Cricket Stadium,Dubai,Sunrisers Hyderabad,,Rajasthan Royals,bat,JJ Roy,Unknown,Unknown,164,157,120,5,14,5,True
1254100,2,Sunrisers Hyderabad,Rajasthan Royals,2021.0,2021-09-27,Dubai International Cricket Stadium,Dubai,Sunrisers Hyderabad,,Rajasthan Royals,bat,JJ Roy,Unknown,Unknown,167,150,111,3,16,4,True
1254101,1,Delhi Capitals,Royal Challengers Bangalore,2021.0,2021-10-08,Dubai International Cricket Stadium,Dubai,Royal Challengers Bangalore,,Royal Challengers Bangalore,field,KS Bharat,Unknown,Unknown,164,155,120,5,12,6,True
1254101,2,Royal Challengers Bangalore,Delhi Capitals,2021.0,2021-10-08,Dubai International Cricket Stadium,Dubai,Royal Challengers Bangalore,,Royal Challengers Bangalore,field,KS Bharat,Unknown,Unknown,166,159,120,3,13,5,True
1254102,1,Kolkata Knight Riders,Punjab Kings,2021.0,2021-10-01,Dubai International Cricket Stadium,Dubai,Punjab Kings,,Punjab Kings,field,KL Rahul,Unknown,Unknown,165,157,120,7,15,4,True
1254102,2,Punjab Kings,Kolkata Knight Riders,2021.0,2021-10-01,Dubai International Cricket Stadium,Dubai,Punjab Kings,,Punjab Kings,field,KL Rahul,Unknown,Unknown,168,162,117,5,8,9,True
1254103,1,Rajasthan Royals,Royal Challengers Bangalore,2021.0,2021-09-29,Dubai International Cricket Stadium,Dubai,Royal Challengers Bangalore,,Royal Challengers Bangalore,field,YS Chahal,Unknown,Unknown,149,145,120,9,10,7,True
1254103,2,Royal Challengers Bangalore,Rajasthan Royals,2021.0,2021-09-29,Dubai International Cricket Stadium,Dubai,Royal Challengers Bangalore,,Royal Challengers Bangalore,field,YS Chahal,Unknown,Unknown,153,145,103,3,18,2,True
1254104,1,Chennai Super Kings,Mumbai Indians,2021.0,2021-09-19,Dubai International Cricket Stadium,Dubai,Chennai Super Kings,,Chennai Super Kings,bat,RD Gaikwad,Unknown,Unknown,156,145,120,6,11,7,True
1254104,2,Mumbai Indians,Chennai Super Kings,2021.0,2021-09-19,Dubai International Cricket Stadium,Dubai,Chennai Super Kings,,Chennai Super Kings,bat,RD Gaikwad,Unknown,Unknown,136,132,120,8,12,3,True
1254105,1,Sunrisers Hyderabad,Delhi Capitals,2021.0,2021-09-22,Dubai International Cricket Stadium,Dubai,Delhi Capitals,,Sunrisers Hyderabad,bat,A Nortje,Unknown,Unknown,134,121,120,9,9,4,True
1254105,2,Delhi Capitals,Sunrisers Hyderabad,2021.0,2021-09-22,Dubai International Cricket Stadium,Dubai,Delhi Capitals,,Sunrisers Hyderabad,bat,A Nortje,Unknown,Unknown,139,135,107,2,13,5,True
1254106,1,Kolkata Knight Riders,Rajasthan Royals,2021.0,2021-10-07,Sharjah Cricket Stadium,Sharjah,Kolkata Knight Riders,,Rajasthan Royals,field,Shivam Mavi,Unknown,Unknown,171,154,120,4,12,7,True
1254106,2,Rajasthan Royals,Kolkata Knight Riders,2021.0,2021-10-07,Sharjah Cricket Stadium,Sharjah,Kolkata Knight Riders,,Rajasthan Royals,field,Shivam Mavi,Unknown,Unknown,85,84,97,10,7,4,True
1254107,1,Punjab Kings,Sunrisers Hyderabad,2021.0,2021-09-25,Sharjah Cricket Stadium,Sharjah,Punjab Kings,,Sunrisers Hyderabad,field,JO Holder,Unknown,Unknown,125,118,120,7,8,2,True
1254107,2,Sunrisers Hyderabad,Punjab Kings,2021.0,2021-09-25,Sharjah Cricket Stadium,Sharjah,Punjab Kings,,Sunrisers Hyderabad,field,JO Holder,Unknown,Unknown,120,113,120,7,2,5,True
1254108,1,Royal Challengers Bangalore,Mumbai Indians,2021.0,2021-09-26,Dubai International Cricket Stadium,Dubai,Royal Challengers Bangalore,,Mumbai Indians,field,GJ Maxwell,Unknown,Unknown,165,154,120,6,12,9,True
1254108,2,Mumbai Indians,Royal Challengers Bangalore,2021.0,2021-09-26,Dubai International Cricket Stadium,Dubai,Royal Challengers Bangalore,,Mumbai Indians,field,GJ Maxwell,Unknown,Unknown,111,104,109,10,11,1,True
1254109,1,Sunrisers Hyderabad,Kolkata Knight Riders,2021.0,2021-10-03,Dubai International Cricket Stadium,Dubai,Kolkata Knight Riders,,Sunrisers Hyderabad,bat,Shubman Gill,Unknown,Unknown,115,112,120,8,8,4,True
1254109,2,Kolkata Knight Riders,Sunrisers Hyderabad,2021.0,2021-10-03,Dubai International Cricket Stadium,Dubai,Kolkata Knight Riders,,Sunrisers Hyderabad,bat,Shubman Gill,Unknown,Unknown,119,117,118,4,17,0,True
1254110,1,Chennai Super Kings,Delhi Capitals,2021.0,2021-10-04,Dubai International Cricket Stadium,Dubai,Delhi Capitals,,Delhi Capitals,field,AR Patel,Unknown,Unknown,136,121,120,5,10,2,True
1254110,2,Delhi Capitals,Chennai Super Kings,2021.0,2021-10-04,Dubai International Cricket Stadium,Dubai,Delhi Capitals,,Delhi Capitals,field,AR Patel,Unknown,Unknown,139,131,118,7,12,4,True
1254111,1,Rajasthan Royals,Punjab Kings,2021.0,2021-09-21,Dubai International Cricket Stadium,Dubai,Rajasthan Royals,,Punjab Kings,field,Kartik Tyagi,Unknown,Unknown,185,176,120,10,18,8,True
1254111,2,Punjab Kings,Rajasthan Royals,2021.0,2021-09-21,Dubai International Cricket Stadium,Dubai,Rajasthan Royals,,Punjab Kings,field,Kartik Tyagi,Unknown,Unknown,183,174,120,4,14,7,True
1254112,1,Mumbai Indians,Delhi Capitals,2021.0,2021-10-02,Sharjah Cricket Stadium,Sharjah,Delhi Capitals,,Delhi Capitals,field,AR Patel,Unknown,Unknown,129,123,120,8,9,5,True
1254112,2,Delhi Capitals,Mumbai Indians,2021.0,2021-10-02,Sharjah Cricket Stadium,Sharjah,Delhi Capitals,,Delhi Capitals,field,AR Patel,Unknown,Unknown,132,126,115,6,9,4,True
1254113,1,Royal Challengers Bangalore,Chennai Super Kings,2021.0,2021-09-24,Sharjah Cricket Stadium,Sharjah,Chennai Super Kings,,Chennai Super Kings,field,DJ Bravo,Unknown,Unknown,156,151,120,6,11,6,True
1254113,2,Chennai Super Kings,Royal Challengers Bangalore,2021.0,2021-09-24,Sharjah Cricket Stadium,Sharjah,Chennai Super Kings,,Chennai Super Kings,field,DJ Bravo,Unknown,Unknown,157,152,109,4,13,7,True
1254114,1,Delhi Capitals,Chennai Super Kings,2021.0,2021-10-10,Dubai International Cricket Stadium,Dubai,Chennai Super Kings,,Chennai Super Kings,field,RD Gaikwad,Qualifier 1,Unknown,172,166,120,5,15,6,True
1254114,2,Chennai Super Kings,Delhi Capitals,2021.0,2021-10-10,Dubai International Cricket Stadium,Dubai,Chennai Super Kings,,Chennai Super Kings,field,RD Gaikwad,Qualifier 1,Unknown,173,169,118,6,17,5,True
1254115,1,Royal Challengers Bangalore,Kolkata Knight Riders,2021.0,2021-10-11,Sharjah Cricket Stadium,Sharjah,Kolkata Knight Riders,,Royal Challengers Bangalore,bat,SP Narine,Eliminator,Unknown,138,125,120,7,12,0,True
1254115,2,Kolkata Knight Riders,Royal Challengers Bangalore,2021.0,2021-10-11,Sharjah Cricket Stadium,Sharjah,Kolkata Knight Riders,,Royal Challengers Bangalore,bat,SP Narine,Eliminator,Unknown,139,134,118,6,8,5,True
1254116,1,Delhi Capitals,Kolkata Knight Riders,2021.0,2021-10-13,Sharjah Cricket Stadium,Sharjah,Kolkata Knight Riders,,Kolkata Knight Riders,field,VR Iyer,Qualifier 2,Unknown,135,129,120,5,6,6,True
1254116,2,Kolkata Knight Riders,Delhi Capitals,2021.0,2021-10-13,Sharjah Cricket Stadium,Sharjah,Kolkata Knight Riders,,Kolkata Knight Riders,field,VR Iyer,Qualifier 2,Unknown,136,126,119,7,5,6,True
1254117,1,Chennai Super Kings,Kolkata Knight Riders,2021.0,2021-10-15,Dubai International Cricket Stadium,Dubai,Chennai Super Kings,,Kolkata Knight Riders,field,F du Plessis,Final,Unknown,192,186,120,3,12,10,True
1254117,2,Kolkata Knight Riders,Chennai Super Kings,2021.0,2021-10-15,Dubai International Cricket Stadium,Dubai,Chennai Super Kings,,Kolkata Knight Riders,field,F du Plessis,Final,Unknown,165,156,120,9,13,7,True
1304047,1,Chennai Super Kings,Kolkata Knight Riders,2022.0,2022-03-26,"Wankhede Stadium, Mumbai",Mumbai,Kolkata Knight Riders,,Kolkata Knight Riders,field,UT Yadav,Unknown,Unknown,131,125,120,5,10,5,True
1304047,2,Kolkata Knight Riders,Chennai Super Kings,2022.0,2022-03-26,"Wankhede Stadium, Mumbai",Mumbai,Kolkata Knight Riders,,Kolkata Knight Riders,field,UT Yadav,Unknown,Unknown,133,129,111,4,12,3,True
1304048,1,Mumbai Indians,Delhi Capitals,2022.0,2022-03-27,"Brabourne Stadium, Mumbai",Mumbai,Delhi Capitals,,Delhi Capitals,field,Kuldeep Yadav,Unknown,Unknown,177,174,120,5,18,6,True
1304048,2,Delhi Capitals,Mumbai Indians,2022.0,2022-03-27,"Brabourne Stadium, Mumbai",Mumbai,Delhi Capitals,,Delhi Capitals,field,Kuldeep Yadav,Unknown,Unknown,179,168,110,6,18,7,True
1304049,1,Royal Challengers Bangalore,Punjab Kings,2022.0,2022-03-27,"Dr DY Patil Sports Academy, Mumbai",Mumbai,Punjab Kings,,Punjab Kings,field,OF Smith,Unknown,Unknown,205,182,120,2,9,13,True
1304049,2,Punjab Kings,Royal Challengers Bangalore,2022.0,2022-03-27,"Dr DY Patil Sports Academy, Mumbai",Mumbai,Punjab Kings,,Punjab Kings,field,OF Smith,Unknown,Unknown,208,186,114,5,11,14,True
1304050,1,Lucknow Super Giants,Gujarat Titans,2022.0,2022-03-28,"Wankhede Stadium, Mumbai",Mumbai,Gujarat Titans,,Gujarat Titans,field,Mohammed Shami,Unknown,Unknown,158,154,120,6,17,5,True
1304050,2,Gujarat Titans,Lucknow Super Giants,2022.0,2022-03-28,"Wankhede Stadium, Mumbai",Mumbai,Gujarat Titans,,Gujarat Titans,field,Mohammed Shami,Unknown,Unknown,161,152,118,5,18,5,True
1304051,1,Rajasthan Royals,Sunrisers Hyderabad,2022.0,2022-03-29,"Maharashtra Cricket Association Stadium, Pune",Pune,Rajasthan Royals,,Sunrisers Hyderabad,field,SV Samson,Unknown,Unknown,210,196,120,6,16,14,True
1304051,2,Sunrisers Hyderabad,Rajasthan Royals,2022.0,2022-03-29,"Maharashtra Cricket Association Stadium, Pune",Pune,Rajasthan Royals,,Sunrisers Hyderabad,field,SV Samson,Unknown,Unknown,149,139,120,7,11,6,True
1304052,1,Kolkata Knight Riders,Royal Challengers Bangalore,2022.0,2022-03-30,"Dr DY Patil Sports Academy, Mumbai",Mumbai,Royal Challengers Bangalore,,Royal Challengers Bangalore,field,PWH de Silva,Unknown,Unknown,128,122,113,10,11,7,True
1304052,2,Royal Challengers Bangalore,Kolkata Knight Riders,2022.0,2022-03-30,"Dr DY Patil Sports Academy, Mumbai",Mumbai,Royal Challengers Bangalore,,Royal Challengers Bangalore,field,PWH de Silva,Unknown,Unknown,132,118,116,7,11,5,True
1304053,1,Chennai Super Kings,Lucknow Super Giants,2022.0,2022-03-31,"Brabourne Stadium, Mumbai",Mumbai,Lucknow Super Giants,,Lucknow Super Giants,field,E Lewis,Unknown,Unknown,210,196,120,7,24,8,True
1304053,2,Lucknow Super Giants,Chennai Super Kings,2022.0,2022-03-31,"Brabourne Stadium, Mumbai",Mumbai,Lucknow Super Giants,,Lucknow Super Giants,field,E Lewis,Unknown,Unknown,211,193,117,4,18,9,True
1304054,1,Punjab Kings,Kolkata Knight Riders,2022.0,2022-04-01,"Wankhede Stadium, Mumbai",Mumbai,Kolkata Knight Riders,,Kolkata Knight Riders,field,UT Yadav,Unknown,Unknown,137,126,110,10,11,8,True
1304054,2,Kolkata Knight Riders,Punjab Kings,2022.0,2022-04-01,"Wankhede Stadium, Mumbai",Mumbai,Kolkata Knight Riders,,Kolkata Knight Riders,field,UT Yadav,Unknown,Unknown,141,135,87,4,11,9,True
1304055,1,Rajasthan Royals,Mumbai Indians,2022.0,2022-04-02,"Dr DY Patil Sports Academy, Mumbai",Mumbai,Rajasthan Royals,,Mumbai Indians,field,JC Buttler,Unknown,Unknown,193,182,120,8,17,11,True
1304055,2,Mumbai Indians,Rajasthan Royals,2022.0,2022-04-02,"Dr DY Patil Sports Academy, Mumbai",Mumbai,Rajasthan Royals,,Mumbai Indians,field,JC Buttler,Unknown,Unknown,170,159,120,8,13,8,True
1304056,1,Gujarat Titans,Delhi Capitals,2022.0,2022-04-02,"Maharashtra Cricket Association Stadium, Pune",Pune,Gujarat Titans,,Delhi Capitals,field,LH Ferguson,Unknown,Unknown,171,164,120,6,14,5,True
1304056,2,Delhi Capitals,Gujarat Titans,2022.0,2022-04-02,"Maharashtra Cricket Association Stadium, Pune",Pune,Gujarat Titans,,Delhi Capitals,field,LH Ferguson,Unknown,Unknown,157,146,120,9,18,3,True
1304057,1,Punjab Kings,Chennai Super Kings,2022.0,2022-04-03,"Brabourne Stadium, Mumbai",Mumbai,Punjab Kings,,Chennai Super Kings,field,LS Livingstone,Unknown,Unknown,180,166,120,8,12,11,True
1304057,2,Chennai Super Kings,Punjab Kings,2022.0,2022-04-03,"Brabourne Stadium, Mumbai",Mumbai,Punjab Kings,,Chennai Super Kings,field,LS Livingstone,Unknown,Unknown,126,122,108,10,11,5,True
1304058,1,Lucknow Super Giants,Sunrisers Hyderabad,2022.0,2022-04-04,"Dr DY Patil Sports Academy, Mumbai",Mumbai,Lucknow Super Giants,,Sunrisers Hyderabad,field,Avesh Khan,Unknown,Unknown,169,165,120,7,14,6,True
1304058,2,Sunrisers Hyderabad,Lucknow Super Giants,2022.0,2022-04-04,"Dr DY Patil Sports Academy, Mumbai",Mumbai,Lucknow Super Giants,,Sunrisers Hyderabad,field,Avesh Khan,Unknown,Unknown,157,147,120,9,12,5,True
1304059,1,Rajasthan Royals,Royal Challengers Bangalore,2022.0,2022-04-05,"Wankhede Stadium, Mumbai",Mumbai,Royal Challengers Bangalore,,Royal Challengers Bangalore,field,KD Karthik,Unknown,Unknown,169,161,120,3,6,11,True
1304059,2,Royal Challengers Bangalore,Rajasthan Royals,2022.0,2022-04-05,"Wankhede Stadium, Mumbai",Mumbai,Royal Challengers Bangalore,,Royal Challengers Bangalore,field,KD Karthik,Unknown,Unknown,173,163,115,6,20,5,True
1304060,1,Mumbai Indians,Kolkata Knight Riders,2022.0,2022-04-06,"Maharashtra Cricket Association Stadium, Pune",Pune,Kolkata Knight Riders,,Kolkata Knight Riders,field,PJ Cummins,Unknown,Unknown,161,158,120,4,11,9,True
1304060,2,Kolkata Knight Riders,Mumbai Indians,2022.0,2022-04-06,"Maharashtra Cricket Association Stadium, Pune",Pune,Kolkata Knight Riders,,Kolkata Knight Riders,field,PJ Cummins,Unknown,Unknown,162,159,96,5,13,11,True
1304061,1,Delhi Capitals,Lucknow Super Giants,2022.0,2022-04-07,"Dr DY Patil Sports Academy, Mumbai",Mumbai,Lucknow Super Giants,,Lucknow Super Giants,field,Q de Kock,Unknown,Unknown,149,143,120,3,15,4,True
1304061,2,Lucknow Super Giants,Delhi Capitals,2022.0,2022-04-07,"Dr DY Patil Sports Academy, Mumbai",Mumbai,Lucknow Super Giants,,Lucknow Super Giants,field,Q de Kock,Unknown,Unknown,155,149,118,4,11,5,True
1304062,1,Punjab Kings,Gujarat Titans,2022.0,2022-04-08,"Brabourne Stadium, Mumbai",Mumbai,Gujarat Titans,,Gujarat Titans,field,Shubman Gill,Unknown,Unknown,189,185,120,9,18,9,True
1304062,2,Gujarat Titans,Punjab Kings,2022.0,2022-04-08,"Brabourne Stadium, Mumbai",Mumbai,Gujarat Titans,,Gujarat Titans,field,Shubman Gill,Unknown,Unknown,190,183,120,4,22,4,True
1304063,1,Chennai Super Kings,Sunrisers Hyderabad,2022.0,2022-04-09,"Dr DY Patil Sports Academy, Mumbai",Mumbai,Sunrisers Hyderabad,,Sunrisers Hyderabad,field,Abhishek Sharma,Unknown,Unknown,154,149,120,7,14,3,True
1304063,2,Sunrisers Hyderabad,Chennai Super Kings,2022.0,2022-04-09,"Dr DY Patil Sports Academy, Mumbai",Mumbai,Sunrisers Hyderabad,,Sunrisers Hyderabad,field,Abhishek Sharma,Unknown,Unknown,155,151,106,2,13,6,True
1304064,1,Mumbai Indians,Royal Challengers Bangalore,2022.0,2022-04-09,"Maharashtra Cricket Association Stadium, Pune",Pune,Royal Challengers Bangalore,,Royal Challengers Bangalore,field,Anuj Rawat,Unknown,Unknown,151,147,120,6,14,7,True
1304064,2,Royal Challengers Bangalore,Mumbai Indians,2022.0,2022-04-09,"Maharashtra Cricket Association Stadium, Pune",Pune,Royal Challengers Bangalore,,Royal Challengers Bangalore,field,Anuj Rawat,Unknown,Unknown,152,145,111,3,10,7,True
1304065,1,Delhi Capitals,Kolkata Knight Riders,2022.0,2022-04-10,"Brabourne Stadium, Mumbai",Mumbai,Delhi Capitals,,Kolkata Knight Riders,field,Kuldeep Yadav,Unknown,Unknown,215,199,120,5,18,11,True
1304065,2,Kolkata Knight Riders,Delhi Capitals,2022.0,2022-04-10,"Brabourne Stadium, Mumbai",Mumbai,Delhi Capitals,,Kolkata Knight Riders,field,Kuldeep Yadav,Unknown,Unknown,171,165,118,10,14,8,True
1304066,1,Rajasthan Royals,Lucknow Super Giants,2022.0,2022-04-10,"Wankhede Stadium, Mumbai",Mumbai,Rajasthan Royals,,Lucknow Super Giants,field,YS Chahal,Unknown,Unknown,165,156,120,6,10,10,True
1304066,2,Lucknow Super Giants,Rajasthan Royals,2022.0,2022-04-10,"Wankhede Stadium, Mumbai",Mumbai,Rajasthan Royals,,Lucknow Super Giants,field,YS Chahal,Unknown,Unknown,162,157,120,8,13,6,True
1304067,1,Gujarat Titans,Sunrisers Hyderabad,2022.0,2022-04-11,"Dr DY Patil Sports Academy, Mumbai",Mumbai,Sunrisers Hyderabad,,Sunrisers Hyderabad,field,KS Williamson,Unknown,Unknown,162,140,120,7,16,2,True
1304067,2,Sunrisers Hyderabad,Gujarat Titans,2022.0,2022-04-11,"Dr DY Patil Sports Academy, Mumbai",Mumbai,Sunrisers Hyderabad,,Sunrisers Hyderabad,field,KS Williamson,Unknown,Unknown,168,162,115,2,12,7,True
1304068,1,Chennai Super Kings,Royal Challengers Bangalore,2022.0,2022-04-12,"Dr DY Patil Sports Academy, Mumbai",Mumbai,Chennai Super Kings,,Royal Challengers Bangalore,field,S Dube,Unknown,Unknown,216,203,120,4,12,17,True
1304068,2,Royal Challengers Bangalore,Chennai Super Kings,2022.0,2022-04-12,"Dr DY Patil Sports Academy, Mumbai",Mumbai,Chennai Super Kings,,Royal Challengers Bangalore,field,S Dube,Unknown,Unknown,193,184,120,9,17,7,True
1304069,1,Punjab Kings,Mumbai Indians,2022.0,2022-04-13,"Maharashtra Cricket Association Stadium, Pune",Pune,Punjab Kings,,Mumbai Indians,field,MA Agarwal,Unknown,Unknown,198,182,120,5,14,9,True
1304069,2,Mumbai Indians,Punjab Kings,2022.0,2022-04-13,"Maharashtra Cricket Association Stadium, Pune",Pune,Punjab Kings,,Mumbai Indians,field,MA Agarwal,Unknown,Unknown,186,181,120,9,12,14,True
1304070,1,Gujarat Titans,Rajasthan Royals,2022.0,2022-04-14,"Dr DY Patil Sports Academy, Mumbai",Mumbai,Gujarat Titans,,Rajasthan Royals,field,HH Pandya,Unknown,Unknown,192,188,120,4,22,7,True
1304070,2,Rajasthan Royals,Gujarat Titans,2022.0,2022-04-14,"Dr DY Patil Sports Academy, Mumbai",Mumbai,Gujarat Titans,,Rajasthan Royals,field,HH Pandya,Unknown,Unknown,155,152,120,9,12,7,True
1304071,1,Kolkata Knight Riders,Sunrisers Hyderabad,2022.0,2022-04-15,"Brabourne Stadium, Mumbai",Mumbai,Sunrisers Hyderabad,,Sunrisers Hyderabad,field,RA Tripathi,Unknown,Unknown,175,166,120,8,15,9,True
1304071,2,Sunrisers Hyderabad,Kolkata Knight Riders,2022.0,2022-04-15,"Brabourne Stadium, Mumbai",Mumbai,Sunrisers Hyderabad,,Sunrisers Hyderabad,field,RA Tripathi,Unknown,Unknown,176,164,107,3,13,10,True
1304072,1,Lucknow Super Giants,Mumbai Indians,2022.0,2022-04-16,"Brabourne Stadium, Mumbai",Mumbai,Lucknow Super Giants,,Mumbai Indians,field,KL Rahul,Unknown,Unknown,199,191,120,4,20,8,True
1304072,2,Mumbai Indians,Lucknow Super Giants,2022.0,2022-04-16,"Brabourne Stadium, Mumbai",Mumbai,Lucknow Super Giants,,Mumbai Indians,field,KL Rahul,Unknown,Unknown,181,166,120,9,18,5,True
1304073,1,Royal Challengers Bangalore,Delhi Capitals,2022.0,2022-04-16,"Wankhede Stadium, Mumbai",Mumbai,Royal Challengers Bangalore,,Delhi Capitals,field,KD Karthik,Unknown,Unknown,189,179,120,5,19,8,True
1304073,2,Delhi Capitals,Royal Challengers Bangalore,2022.0,2022-04-16,"Wankhede Stadium, Mumbai",Mumbai,Royal Challengers Bangalore,,Delhi Capitals,field,KD Karthik,Unknown,Unknown,173,168,120,7,11,10,True
1304074,1,Punjab Kings,Sunrisers Hyderabad,2022.0,2022-04-17,"Dr DY Patil Sports Academy, Mumbai",Mumbai,Sunrisers Hyderabad,,Sunrisers Hyderabad,field,Umran Malik,Unknown,Unknown,151,144,120,10,13,7,True
1304074,2,Sunrisers Hyderabad,Punjab Kings,2022.0,2022-04-17,"Dr DY Patil Sports Academy, Mumbai",Mumbai,Sunrisers Hyderabad,,Sunrisers Hyderabad,field,Umran Malik,Unknown,Unknown,152,144,113,3,12,4,True
1304075,1,Chennai Super Kings,Gujarat Titans,2022.0,2022-04-17,"Maharashtra Cricket Association Stadium, Pune",Pune,Gujarat Titans,,Gujarat Titans,field,DA Miller,Unknown,Unknown,169,164,120,5,11,9,True
1304075,2,Gujarat Titans,Chennai Super Kings,2022.0,2022-04-17,"Maharashtra Cricket Association Stadium, Pune",Pune,Gujarat Titans,,Gujarat Titans,field,DA Miller,Unknown,Unknown,170,163,119,7,12,9,True
1304076,1,Rajasthan Royals,Kolkata Knight Riders,2022.0,2022-04-18,"Brabourne Stadium, Mumbai",Mumbai,Rajasthan Royals,,Kolkata Knight Riders,field,YS Chahal,Unknown,Unknown,217,201,120,5,19,10,True
1304076,2,Kolkata Knight Riders,Rajasthan Royals,2022.0,2022-04-18,"Brabourne Stadium, Mumbai",Mumbai,Rajasthan Royals,,Kolkata Knight Riders,field,YS Chahal,Unknown,Unknown,210,197,118,10,18,9,True
1304077,1,Royal Challengers Bangalore,Lucknow Super Giants,2022.0,2022-04-19,"Dr DY Patil Sports Academy, Mumbai",Mumbai,Royal Challengers Bangalore,,Lucknow Super Giants,field,F du Plessis,Unknown,Unknown,181,172,120,6,16,5,True
1304077,2,Lucknow Super Giants,Royal Challengers Bangalore,2022.0,2022-04-19,"Dr DY Patil Sports Academy, Mumbai",Mumbai,Royal Challengers Bangalore,,Lucknow Super Giants,field,F du Plessis,Unknown,Unknown,163,148,120,8,14,6,True
1304078,1,Punjab Kings,Delhi Capitals,2022.0,2022-04-20,"Brabourne Stadium, Mumbai",Mumbai,Delhi Capitals,,Delhi Capitals,field,Kuldeep Yadav,Unknown,Unknown,115,113,120,10,15,1,True
1304078,2,Delhi Capitals,Punjab Kings,2022.0,2022-04-20,"Brabourne Stadium, Mumbai",Mumbai,Delhi Capitals,,Delhi Capitals,field,Kuldeep Yadav,Unknown,Unknown,119,113,63,1,18,2,True
1304079,1,Mumbai Indians,Chennai Super Kings,2022.0,2022-04-21,"Dr DY Patil Sports Academy, Mumbai",Navi Mumbai,Chennai Super Kings,,Chennai Super Kings,field,Mukesh Choudhary,Unknown,Unknown,155,150,120,7,12,5,True
1304079,2,Chennai Super Kings,Mumbai Indians,2022.0,2022-04-21,"Dr DY Patil Sports Academy, Mumbai",Navi Mumbai,Chennai Super Kings,,Chennai Super Kings,field,Mukesh Choudhary,Unknown,Unknown,156,148,120,7,11,8,True
1304080,1,Rajasthan Royals,Delhi Capitals,2022.0,2022-04-22,"Wankhede Stadium, Mumbai",Mumbai,Rajasthan Royals,,Delhi Capitals,field,JC Buttler,Unknown,Unknown,222,217,120,2,21,14,True
1304080,2,Delhi Capitals,Rajasthan Royals,2022.0,2022-04-22,"Wankhede Stadium, Mumbai",Mumbai,Rajasthan Royals,,Delhi Capitals,field,JC Buttler,Unknown,Unknown,207,194,120,8,17,12,True
1304081,1,Gujarat Titans,Kolkata Knight Riders,2022.0,2022-04-23,"Dr DY Patil Sports Academy, Mumbai",Navi Mumbai,Gujarat Titans,,Gujarat Titans,bat,Rashid Khan,Unknown,Unknown,156,146,120,9,10,5,True
1304081,2,Kolkata Knight Riders,Gujarat Titans,2022.0,2022-04-23,"Dr DY Patil Sports Academy, Mumbai",Navi Mumbai,Gujarat Titans,,Gujarat Titans,bat,Rashid Khan,Unknown,Unknown,148,141,120,8,11,9,True
1304082,1,Royal Challengers Bangalore,Sunrisers Hyderabad,2022.0,2022-04-23,"Brabourne Stadium, Mumbai",Mumbai,Sunrisers Hyderabad,,Sunrisers Hyderabad,field,M Jansen,Unknown,Unknown,68,56,97,10,6,0,True
1304082,2,Sunrisers Hyderabad,Royal Challengers Bangalore,2022.0,2022-04-23,"Brabourne Stadium, Mumbai",Mumbai,Sunrisers Hyderabad,,Sunrisers Hyderabad,field,M Jansen,Unknown,Unknown,72,70,48,1,10,2,True
1304083,1,Lucknow Super Giants,Mumbai Indians,2022.0,2022-04-24,"Wankhede Stadium, Mumbai",Mumbai,Lucknow Super Giants,,Mumbai Indians,field,KL Rahul,Unknown,Unknown,168,160,120,6,13,7,True
1304083,2,Mumbai Indians,Lucknow Super Giants,2022.0,2022-04-24,"Wankhede Stadium, Mumbai",Mumbai,Lucknow Super Giants,,Mumbai Indians,field,KL Rahul,Unknown,Unknown,132,118,120,8,8,4,True
1304084,1,Punjab Kings,Chennai Super Kings,2022.0,2022-04-25,"Wankhede Stadium, Mumbai",Mumbai,Punjab Kings,,Chennai Super Kings,field,S Dhawan,Unknown,Unknown,187,173,120,4,15,6,True
1304084,2,Chennai Super Kings,Punjab Kings,2022.0,2022-04-25,"Wankhede Stadium, Mumbai",Mumbai,Punjab Kings,,Chennai Super Kings,field,S Dhawan,Unknown,Unknown,176,160,120,6,15,8,True
1304085,1,Rajasthan Royals,Royal Challengers Bangalore,2022.0,2022-04-26,"Maharashtra Cricket Association Stadium, Pune",Pune,Rajasthan Royals,,Royal Challengers Bangalore,field,R Parag,Unknown,Unknown,144,141,120,8,9,8,True
1304085,2,Royal Challengers Bangalore,Rajasthan Royals,2022.0,2022-04-26,"Maharashtra Cricket Association Stadium, Pune",Pune,Rajasthan Royals,,Royal Challengers Bangalore,field,R Parag,Unknown,Unknown,115,104,117,10,9,4,True
1304086,1,Sunrisers Hyderabad,Gujarat Titans,2022.0,2022-04-27,"Wankhede Stadium, Mumbai",Mumbai,Gujarat Titans,,Gujarat Titans,field,Umran Malik,Unknown,Unknown,195,181,120,6,12,11,True
1304086,2,Gujarat Titans,Sunrisers Hyderabad,2022.0,2022-04-27,"Wankhede Stadium, Mumbai",Mumbai,Gujarat Titans,,Gujarat Titans,field,Umran Malik,Unknown,Unknown,199,188,120,5,19,8,True
1304087,1,Kolkata Knight Riders,Delhi Capitals,2022.0,2022-04-28,"Wankhede Stadium, Mumbai",Mumbai,Delhi Capitals,,Delhi Capitals,field,Kuldeep Yadav,Unknown,Unknown,146,137,120,9,10,4,True
1304087,2,Delhi Capitals,Kolkata Knight Riders,2022.0,2022-04-28,"Wankhede Stadium, Mumbai",Mumbai,Delhi Capitals,,Delhi Capitals,field,Kuldeep Yadav,Unknown,Unknown,150,144,114,6,14,5,True
1304088,1,Lucknow Super Giants,Punjab Kings,2022.0,2022-04-29,"Maharashtra Cricket Association Stadium, Pune",Pune,Lucknow Super Giants,,Punjab Kings,field,KH Pandya,Unknown,Unknown,153,141,120,8,8,8,True
1304088,2,Punjab Kings,Lucknow Super Giants,2022.0,2022-04-29,"Maharashtra Cricket Association Stadium, Pune",Pune,Lucknow Super Giants,,Punjab Kings,field,KH Pandya,Unknown,Unknown,133,118,120,8,12,5,True
1304089,1,Royal Challengers Bangalore,Gujarat Titans,2022.0,2022-04-30,"Brabourne Stadium, Mumbai",Mumbai,Gujarat Titans,,Royal Challengers Bangalore,bat,R Tewatia,Unknown,Unknown,170,163,120,6,16,6,True
1304089,2,Gujarat Titans,Royal Challengers Bangalore,2022.0,2022-04-30,"Brabourne Stadium, Mumbai",Mumbai,Gujarat Titans,,Royal Challengers Bangalore,bat,R Tewatia,Unknown,Unknown,174,165,117,4,18,4,True
1304090,1,Rajasthan Royals,Mumbai Indians,2022.0,2022-04-30,"Dr DY Patil Sports Academy, Mumbai",Navi Mumbai,Mumbai Indians,,Mumbai Indians,field,SA Yadav,Unknown,Unknown,158,146,120,6,12,7,True
1304090,2,Mumbai Indians,Rajasthan Royals,2022.0,2022-04-30,"Dr DY Patil Sports Academy, Mumbai",Navi Mumbai,Mumbai Indians,,Mumbai Indians,field,SA Yadav,Unknown,Unknown,161,150,116,5,12,7,True
1304091,1,Lucknow Super Giants,Delhi Capitals,2022.0,2022-05-01,"Wankhede Stadium, Mumbai",Mumbai,Lucknow Super Giants,,Lucknow Super Giants,bat,Mohsin Khan,Unknown,Unknown,195,178,120,3,14,8,True
1304091,2,Delhi Capitals,Lucknow Super Giants,2022.0,2022-05-01,"Wankhede Stadium, Mumbai",Mumbai,Lucknow Super Giants,,Lucknow Super Giants,bat,Mohsin Khan,Unknown,Unknown,189,186,120,7,16,10,True
1304092,1,Chennai Super Kings,Sunrisers Hyderabad,2022.0,2022-05-01,"Maharashtra Cricket Association Stadium, Pune",Pune,Chennai Super Kings,,Sunrisers Hyderabad,field,RD Gaikwad,Unknown,Unknown,202,193,120,2,15,10,True
1304092,2,Sunrisers Hyderabad,Chennai Super Kings,2022.0,2022-05-01,"Maharashtra Cricket Association Stadium, Pune",Pune,Chennai Super Kings,,Sunrisers Hyderabad,field,RD Gaikwad,Unknown,Unknown,189,184,120,6,11,11,True
1304093,1,Rajasthan Royals,Kolkata Knight Riders,2022.0,2022-05-02,"Wankhede Stadium, Mumbai",Mumbai,Kolkata Knight Riders,,Kolkata Knight Riders,field,RK Singh,Unknown,Unknown,152,143,120,5,13,5,True
1304093,2,Kolkata Knight Riders,Rajasthan Royals,2022.0,2022-05-02,"Wankhede Stadium, Mumbai",Mumbai,Kolkata Knight Riders,,Kolkata Knight Riders,field,RK Singh,Unknown,Unknown,158,143,115,3,14,4,True
1304094,1,Gujarat Titans,Punjab Kings,2022.0,2022-05-03,"Dr DY Patil Sports Academy, Mumbai",Navi Mumbai,Punjab Kings,,Gujarat Titans,bat,K Rabada,Unknown,Unknown,143,129,120,8,11,2,True
1304094,2,Punjab Kings,Gujarat Titans,2022.0,2022-05-03,"Dr DY Patil Sports Academy, Mumbai",Navi Mumbai,Punjab Kings,,Gujarat Titans,bat,K Rabada,Unknown,Unknown,145,133,96,2,15,5,True
1304095,1,Royal Challengers Bangalore,Chennai Super Kings,2022.0,2022-05-04,"Maharashtra Cricket Association Stadium, Pune",Pune,Royal Challengers Bangalore,,Chennai Super Kings,field,HV Patel,Unknown,Unknown,173,161,120,8,12,7,True
1304095,2,Chennai Super Kings,Royal Challengers Bangalore,2022.0,2022-05-04,"Maharashtra Cricket Association Stadium, Pune",Pune,Royal Challengers Bangalore,,Chennai Super Kings,field,HV Patel,Unknown,Unknown,160,156,120,8,12,8,True
1304096,1,Delhi Capitals,Sunrisers Hyderabad,2022.0,2022-05-05,"Brabourne Stadium, Mumbai",Mumbai,Delhi Capitals,,Sunrisers Hyderabad,field,DA Warner,Unknown,Unknown,207,195,120,3,18,12,True
1304096,2,Sunrisers Hyderabad,Delhi Capitals,2022.0,2022-05-05,"Brabourne Stadium, Mumbai",Mumbai,Delhi Capitals,,Sunrisers Hyderabad,field,DA Warner,Unknown,Unknown,186,175,120,8,16,11,True
1304097,1,Mumbai Indians,Gujarat Titans,2022.0,2022-05-06,"Brabourne Stadium, Mumbai",Mumbai,Mumbai Indians,,Gujarat Titans,field,TH David,Unknown,Unknown,177,170,120,6,14,8,True
1304097,2,Gujarat Titans,Mumbai Indians,2022.0,2022-05-06,"Brabourne Stadium, Mumbai",Mumbai,Mumbai Indians,,Gujarat Titans,field,TH David,Unknown,Unknown,172,168,120,5,18,6,True
1304098,1,Punjab Kings,Rajasthan Royals,2022.0,2022-05-07,"Wankhede Stadium, Mumbai",Mumbai,Rajasthan Royals,,Punjab Kings,bat,YBK Jaiswal,Unknown,Unknown,189,175,120,5,20,7,True
1304098,2,Rajasthan Royals,Punjab Kings,2022.0,2022-05-07,"Wankhede Stadium, Mumbai",Mumbai,Rajasthan Royals,,Punjab Kings,bat,YBK Jaiswal,Unknown,Unknown,190,183,118,4,24,5,True
1304099,1,Lucknow Super Giants,Kolkata Knight Riders,2022.0,2022-05-07,"Maharashtra Cricket Association Stadium, Pune",Pune,Lucknow Super Giants,,Kolkata Knight Riders,field,Avesh Khan,Unknown,Unknown,176,172,120,7,11,10,True
1304099,2,Kolkata Knight Riders,Lucknow Super Giants,2022.0,2022-05-07,"Maharashtra Cricket Association Stadium, Pune",Pune,Lucknow Super Giants,,Kolkata Knight Riders,field,Avesh Khan,Unknown,Unknown,101,98,87,10,8,6,True
1304100,1,Royal Challengers Bangalore,Sunrisers Hyderabad,2022.0,2022-05-08,"Wankhede Stadium, Mumbai",Mumbai,Royal Challengers Bangalore,,Royal Challengers Bangalore,bat,PWH de Silva,Unknown,Unknown,192,184,120,3,16,10,True
1304100,2,Sunrisers Hyderabad,Royal Challengers Bangalore,2022.0,2022-05-08,"Wankhede Stadium, Mumbai",Mumbai,Royal Challengers Bangalore,,Royal Challengers Bangalore,bat,PWH de Silva,Unknown,Unknown,125,118,116,10,10,5,True
1304101,1,Chennai Super Kings,Delhi Capitals,2022.0,2022-05-08,"Dr DY Patil Sports Academy, Mumbai",Navi Mumbai,Chennai Super Kings,,Delhi Capitals,field,DP Conway,Unknown,Unknown,208,196,120,6,18,10,True
1304101,2,Delhi Capitals,Chennai Super Kings,2022.0,2022-05-08,"Dr DY Patil Sports Academy, Mumbai",Navi Mumbai,Chennai Super Kings,,Delhi Capitals,field,DP Conway,Unknown,Unknown,117,113,106,10,12,5,True
1304102,1,Kolkata Knight Riders,Mumbai Indians,2022.0,2022-05-09,"Dr DY Patil Sports Academy, Mumbai",Navi Mumbai,Kolkata Knight Riders,,Mumbai Indians,field,JJ Bumrah,Unknown,Unknown,165,154,120,9,12,10,True
1304102,2,Mumbai Indians,Kolkata Knight Riders,2022.0,2022-05-09,"Dr DY Patil Sports Academy, Mumbai",Navi Mumbai,Kolkata Knight Riders,,Mumbai Indians,field,JJ Bumrah,Unknown,Unknown,113,103,105,10,9,2,True
1304103,1,Gujarat Titans,Lucknow Super Giants,2022.0,2022-05-10,"Maharashtra Cricket Association Stadium, Pune",Pune,Gujarat Titans,,Gujarat Titans,bat,Shubman Gill,Unknown,Unknown,144,137,120,4,15,1,True
1304103,2,Lucknow Super Giants,Gujarat Titans,2022.0,2022-05-10,"Maharashtra Cricket Association Stadium, Pune",Pune,Gujarat Titans,,Gujarat Titans,bat,Shubman Gill,Unknown,Unknown,82,79,83,10,7,3,True
1304104,1,Rajasthan Royals,Delhi Capitals,2022.0,2022-05-11,"Dr DY Patil Sports Academy, Mumbai",Navi Mumbai,Delhi Capitals,,Delhi Capitals,field,MR Marsh,Unknown,Unknown,160,154,120,6,14,6,True
1304104,2,Delhi Capitals,Rajasthan Royals,2022.0,2022-05-11,"Dr DY Patil Sports Academy, Mumbai",Navi Mumbai,Delhi Capitals,,Delhi Capitals,field,MR Marsh,Unknown,Unknown,161,154,109,2,10,10,True
1304105,1,Chennai Super Kings,Mumbai Indians,2022.0,2022-05-12,"Wankhede Stadium, Mumbai",Mumbai,Mumbai Indians,,Mumbai Indians,field,DR Sams,Unknown,Unknown,97,82,96,10,9,3,True
1304105,2,Mumbai Indians,Chennai Super Kings,2022.0,2022-05-12,"Wankhede Stadium, Mumbai",Mumbai,Mumbai Indians,,Mumbai Indians,field,DR Sams,Unknown,Unknown,103,93,89,5,11,2,True
1304106,1,Punjab Kings,Royal Challengers Bangalore,2022.0,2022-05-13,"Brabourne Stadium, Mumbai",Mumbai,Punjab Kings,,Royal Challengers Bangalore,field,JM Bairstow,Unknown,Unknown,209,202,120,9,16,14,True
1304106,2,Royal Challengers Bangalore,Punjab Kings,2022.0,2022-05-13,"Brabourne Stadium, Mumbai",Mumbai,Punjab Kings,,Royal Challengers Bangalore,field,JM Bairstow,Unknown,Unknown,155,145,120,9,13,5,True
1304107,1,Kolkata Knight Riders,Sunrisers Hyderabad,2022.0,2022-05-14,"Maharashtra Cricket Association Stadium, Pune",Pune,Kolkata Knight Riders,,Kolkata Knight Riders,bat,AD Russell,Unknown,Unknown,177,165,120,6,10,11,True
1304107,2,Sunrisers Hyderabad,Kolkata Knight Riders,2022.0,2022-05-14,"Maharashtra Cricket Association Stadium, Pune",Pune,Kolkata Knight Riders,,Kolkata Knight Riders,bat,AD Russell,Unknown,Unknown,123,120,120,8,8,5,True
1304108,1,Chennai Super Kings,Gujarat Titans,2022.0,2022-05-15,"Wankhede Stadium, Mumbai",Mumbai,Gujarat Titans,,Chennai Super Kings,bat,WP Saha,Unknown,Unknown,133,126,120,5,7,4,True
1304108,2,Gujarat Titans,Chennai Super Kings,2022.0,2022-05-15,"Wankhede Stadium, Mumbai",Mumbai,Gujarat Titans,,Chennai Super Kings,bat,WP Saha,Unknown,Unknown,137,127,115,3,15,1,True
1304109,1,Rajasthan Royals,Lucknow Super Giants,2022.0,2022-05-15,"Brabourne Stadium, Mumbai",Mumbai,Rajasthan Royals,,Rajasthan Royals,bat,TA Boult,Unknown,Unknown,178,174,120,6,22,4,True
1304109,2,Lucknow Super Giants,Rajasthan Royals,2022.0,2022-05-15,"Brabourne Stadium, Mumbai",Mumbai,Rajasthan Royals,,Rajasthan Royals,bat,TA Boult,Unknown,Unknown,154,139,120,8,9,6,True
1304110,1,Delhi Capitals,Punjab Kings,2022.0,2022-05-16,"Dr DY Patil Sports Academy, Mumbai",Navi Mumbai,Delhi Capitals,,Punjab Kings,field,SN Thakur,Unknown,Unknown,159,150,120,7,12,6,True
1304110,2,Punjab Kings,Delhi Capitals,2022.0,2022-05-16,"Dr DY Patil Sports Academy, Mumbai",Navi Mumbai,Delhi Capitals,,Punjab Kings,field,SN Thakur,Unknown,Unknown,142,136,120,9,13,5,True
1304111,1,Sunrisers Hyderabad,Mumbai Indians,2022.0,2022-05-17,"Wankhede Stadium, Mumbai",Mumbai,Sunrisers Hyderabad,,Mumbai Indians,field,RA Tripathi,Unknown,Unknown,193,184,120,6,17,8,True
1304111,2,Mumbai Indians,Sunrisers Hyderabad,2022.0,2022-05-17,"Wankhede Stadium, Mumbai",Mumbai,Sunrisers Hyderabad,,Mumbai Indians,field,RA Tripathi,Unknown,Unknown,190,176,120,7,12,11,True
1304112,1,Lucknow Super Giants,Kolkata Knight Riders,2022.0,2022-05-18,"Dr DY Patil Sports Academy, Mumbai",Navi Mumbai,Lucknow Super Giants,,Lucknow Super Giants,bat,Q de Kock,Unknown,Unknown,210,208,120,0,13,14,True
1304112,2,Kolkata Knight Riders,Lucknow Super Giants,2022.0,2022-05-18,"Dr DY Patil Sports Academy, Mumbai",Navi Mumbai,Lucknow Super Giants,,Lucknow Super Giants,bat,Q de Kock,Unknown,Unknown,208,198,120,8,18,13,True
1304113,1,Gujarat Titans,Royal Challengers Bangalore,2022.0,2022-05-19,"Wankhede Stadium, Mumbai",Mumbai,Royal Challengers Bangalore,,Gujarat Titans,bat,V Kohli,Unknown,Unknown,168,165,120,5,11,10,True
1304113,2,Royal Challengers Bangalore,Gujarat Titans,2022.0,2022-05-19,"Wankhede Stadium, Mumbai",Mumbai,Royal Challengers Bangalore,,Gujarat Titans,bat,V Kohli,Unknown,Unknown,170,159,112,2,18,4,True
1304114,1,Chennai Super Kings,Rajasthan Royals,2022.0,2022-05-20,"Brabourne Stadium, Mumbai",Mumbai,Rajasthan Royals,,Chennai Super Kings,bat,R Ashwin,Unknown,Unknown,150,145,120,6,15,5,True
1304114,2,Rajasthan Royals,Chennai Super Kings,2022.0,2022-05-20,"Brabourne Stadium, Mumbai",Mumbai,Rajasthan Royals,,Chennai Super Kings,bat,R Ashwin,Unknown,Unknown,151,135,118,5,14,4,True
1304115,1,Delhi Capitals,Mumbai Indians,2022.0,2022-05-21,"Wankhede Stadium, Mumbai",Mumbai,Mumbai Indians,,Mumbai Indians,field,JJ Bumrah,Unknown,Unknown,159,145,120,7,8,9,True
1304115,2,Mumbai Indians,Delhi Capitals,2022.0,2022-05-21,"Wankhede Stadium, Mumbai",Mumbai,Mumbai Indians,,Mumbai Indians,field,JJ Bumrah,Unknown,Unknown,160,155,115,5,9,12,True
1304116,1,Sunrisers Hyderabad,Punjab Kings,2022.0,2022-05-22,"Wankhede Stadium, Mumbai",Mumbai,Punjab Kings,,Sunrisers Hyderabad,bat,Harpreet Brar,Unknown,Unknown,157,145,120,8,13,6,True
1304116,2,Punjab Kings,Sunrisers Hyderabad,2022.0,2022-05-22,"Wankhede Stadium, Mumbai",Mumbai,Punjab Kings,,Sunrisers Hyderabad,bat,Harpreet Brar,Unknown,Unknown,160,154,91,5,15,9,True
1312197,1,Rajasthan Royals,Gujarat Titans,2022.0,2022-05-24,"Eden Gardens, Kolkata",Kolkata,Gujarat Titans,,Gujarat Titans,field,DA Miller,Qualifier 1,Unknown,188,177,120,6,19,7,True
1312197,2,Gujarat Titans,Rajasthan Royals,2022.0,2022-05-24,"Eden Gardens, Kolkata",Kolkata,Gujarat Titans,,Gujarat Titans,field,DA Miller,Qualifier 1,Unknown,191,178,117,3,19,6,True
1312198,1,Royal Challengers Bangalore,Lucknow Super Giants,2022.0,2022-05-25,"Eden Gardens, Kolkata",Kolkata,Royal Challengers Bangalore,,Lucknow Super Giants,field,RM Patidar,Eliminator,Unknown,207,197,120,4,21,9,True
1312198,2,Lucknow Super Giants,Royal Challengers Bangalore,2022.0,2022-05-25,"Eden Gardens, Kolkata",Kolkata,Royal Challengers Bangalore,,Lucknow Super Giants,field,RM Patidar,Eliminator,Unknown,193,171,120,6,6,14,True
1312199,1,Royal Challengers Bangalore,Rajasthan Royals,2022.0,2022-05-27,"Narendra Modi Stadium, Ahmedabad",Ahmedabad,Rajasthan Royals,,Rajasthan Royals,field,JC Buttler,Qualifier 2,Unknown,157,142,120,8,9,7,True
1312199,2,Rajasthan Royals,Royal Challengers Bangalore,2022.0,2022-05-27,"Narendra Modi Stadium, Ahmedabad",Ahmedabad,Rajasthan Royals,,Rajasthan Royals,field,JC Buttler,Qualifier 2,Unknown,161,161,109,3,12,10,True
1312200,1,Rajasthan Royals,Gujarat Titans,2022.0,2022-05-29,"Narendra Modi Stadium, Ahmedabad",Ahmedabad,Gujarat Titans,,Rajasthan Royals,bat,HH Pandya,Final,Unknown,130,128,120,9,11,4,True
1312200,2,Gujarat Titans,Rajasthan Royals,2022.0,2022-05-29,"Narendra Modi Stadium, Ahmedabad",Ahmedabad,Gujarat Titans,,Rajasthan Royals,bat,HH Pandya,Final,Unknown,133,124,109,3,10,4,True
1359475,1,Chennai Super Kings,Gujarat Titans,2023.0,2023-03-31,"Narendra Modi Stadium, Ahmedabad",Ahmedabad,Gujarat Titans,,Gujarat Titans,field,Rashid Khan,Unknown,Unknown,178,170,120,7,10,13,True
1359475,2,Gujarat Titans,Chennai Super Kings,2023.0,2023-03-31,"Narendra Modi Stadium, Ahmedabad",Ahmedabad,Gujarat Titans,,Gujarat Titans,field,Rashid Khan,Unknown,Unknown,182,170,116,5,15,8,True
1359476,1,Punjab Kings,Kolkata Knight Riders,2023.0,2023-04-01,"Punjab Cricket Association IS Bindra Stadium, Mohali, Chandigarh",Chandigarh,Punjab Kings,,Kolkata Knight Riders,field,Arshdeep Singh,Unknown,Unknown,191,187,120,5,17,9,True
1359476,2,Kolkata Knight Riders,Punjab Kings,2023.0,2023-04-01,"Punjab Cricket Association IS Bindra Stadium, Mohali, Chandigarh",Chandigarh,Punjab Kings,,Kolkata Knight Riders,field,Arshdeep Singh,Unknown,Unknown,146,140,96,7,13,7,True
1359477,1,Lucknow Super Giants,Delhi Capitals,2023.0,2023-04-01,"Bharat Ratna Shri Atal Bihari Vajpayee Ekana Cricket Stadium, Lucknow",Lucknow,Lucknow Super Giants,,Delhi Capitals,field,MA Wood,Unknown,Unknown,193,185,120,6,5,16,True
1359477,2,Delhi Capitals,Lucknow Super Giants,2023.0,2023-04-01,"Bharat Ratna Shri Atal Bihari Vajpayee Ekana Cricket Stadium, Lucknow",Lucknow,Lucknow Super Giants,,Delhi Capitals,field,MA Wood,Unknown,Unknown,143,133,120,9,15,2,True
1359478,1,Rajasthan Royals,Sunrisers Hyderabad,2023.0,2023-04-02,"Rajiv Gandhi International Stadium, Uppal, Hyderabad",Hyderabad,Rajasthan Royals,,Sunrisers Hyderabad,field,JC Buttler,Unknown,Unknown,203,195,120,5,21,8,True
1359478,2,Sunrisers Hyderabad,Rajasthan Royals,2023.0,2023-04-02,"Rajiv Gandhi International Stadium, Uppal, Hyderabad",Hyderabad,Rajasthan Royals,,Sunrisers Hyderabad,field,JC Buttler,Unknown,Unknown,131,124,120,8,8,5,True
1359479,1,Mumbai Indians,Royal Challengers Bangalore,2023.0,2023-04-02,"M Chinnaswamy Stadium, Bengaluru",Bengaluru,Royal Challengers Bangalore,,Royal Challengers Bangalore,field,F du Plessis,Unknown,Unknown,171,160,120,7,15,7,True
1359479,2,Royal Challengers Bangalore,Mumbai Indians,2023.0,2023-04-02,"M Chinnaswamy Stadium, Bengaluru",Bengaluru,Royal Challengers Bangalore,,Royal Challengers Bangalore,field,F du Plessis,Unknown,Unknown,172,167,98,2,11,13,True
1359480,1,Chennai Super Kings,Lucknow Super Giants,2023.0,2023-04-03,"MA Chidambaram Stadium, Chepauk, Chennai",Chennai,Chennai Super Kings,,Lucknow Super Giants,field,MM Ali,Unknown,Unknown,217,201,120,7,15,13,True
1359480,2,Lucknow Super Giants,Chennai Super Kings,2023.0,2023-04-03,"MA Chidambaram Stadium, Chepauk, Chennai",Chennai,Chennai Super Kings,,Lucknow Super Giants,field,MM Ali,Unknown,Unknown,205,187,120,7,13,9,True
1359481,1,Delhi Capitals,Gujarat Titans,2023.0,2023-04-04,"Arun Jaitley Stadium, Delhi",Delhi,Gujarat Titans,,Gujarat Titans,field,B Sai Sudharsan,Unknown,Unknown,162,147,120,8,14,6,True
1359481,2,Gujarat Titans,Delhi Capitals,2023.0,2023-04-04,"Arun Jaitley Stadium, Delhi",Delhi,Gujarat Titans,,Gujarat Titans,field,B Sai Sudharsan,Unknown,Unknown,163,155,109,4,15,5,True
1359482,1,Punjab Kings,Rajasthan Royals,2023.0,2023-04-05,"Barsapara Cricket Stadium, Guwahati",Guwahati,Punjab Kings,,Rajasthan Royals,field,NT Ellis,Unknown,Unknown,197,187,120,4,19,7,True
1359482,2,Rajasthan Royals,Punjab Kings,2023.0,2023-04-05,"Barsapara Cricket Stadium, Guwahati",Guwahati,Punjab Kings,,Rajasthan Royals,field,NT Ellis,Unknown,Unknown,192,182,120,7,13,10,True
1359483,1,Kolkata Knight Riders,Royal Challengers Bangalore,2023.0,2023-04-06,"Eden Gardens, Kolkata",Kolkata,Kolkata Knight Riders,,Royal Challengers Bangalore,field,SN Thakur,Unknown,Unknown,204,181,120,7,18,9,True
1359483,2,Royal Challengers Bangalore,Kolkata Knight Riders,2023.0,2023-04-06,"Eden Gardens, Kolkata",Kolkata,Kolkata Knight Riders,,Royal Challengers Bangalore,field,SN Thakur,Unknown,Unknown,123,117,106,10,12,4,True
1359484,1,Sunrisers Hyderabad,Lucknow Super Giants,2023.0,2023-04-07,"Bharat Ratna Shri Atal Bihari Vajpayee Ekana Cricket Stadium, Lucknow",Lucknow,Lucknow Super Giants,,Sunrisers Hyderabad,bat,KH Pandya,Unknown,Unknown,121,117,120,8,10,3,True
1359484,2,Lucknow Super Giants,Sunrisers Hyderabad,2023.0,2023-04-07,"Bharat Ratna Shri Atal Bihari Vajpayee Ekana Cricket Stadium, Lucknow",Lucknow,Lucknow Super Giants,,Sunrisers Hyderabad,bat,KH Pandya,Unknown,Unknown,127,110,96,5,13,3,True
1359485,1,Rajasthan Royals,Delhi Capitals,2023.0,2023-04-08,"Barsapara Cricket Stadium, Guwahati",Guwahati,Rajasthan Royals,,Delhi Capitals,field,YBK Jaiswal,Unknown,Unknown,199,193,120,4,23,7,True
1359485,2,Delhi Capitals,Rajasthan Royals,2023.0,2023-04-08,"Barsapara Cricket Stadium, Guwahati",Guwahati,Rajasthan Royals,,Delhi Capitals,field,YBK Jaiswal,Unknown,Unknown,142,132,120,9,15,0,True
1359486,1,Mumbai Indians,Chennai Super Kings,2023.0,2023-04-08,"Wankhede Stadium, Mumbai",Mumbai,Chennai Super Kings,,Chennai Super Kings,field,RA Jadeja,Unknown,Unknown,157,149,120,8,15,4,True
1359486,2,Chennai Super Kings,Mumbai Indians,2023.0,2023-04-08,"Wankhede Stadium, Mumbai",Mumbai,Chennai Super Kings,,Chennai Super Kings,field,RA Jadeja,Unknown,Unknown,159,149,109,3,14,5,True
1359487,1,Gujarat Titans,Kolkata Knight Riders,2023.0,2023-04-09,"Narendra Modi Stadium, Ahmedabad",Ahmedabad,Kolkata Knight Riders,,Gujarat Titans,bat,RK Singh,Unknown,Unknown,204,188,120,4,18,7,True
1359487,2,Kolkata Knight Riders,Gujarat Titans,2023.0,2023-04-09,"Narendra Modi Stadium, Ahmedabad",Ahmedabad,Kolkata Knight Riders,,Gujarat Titans,bat,RK Singh,Unknown,Unknown,207,203,120,7,15,15,True
1359488,1,Punjab Kings,Sunrisers Hyderabad,2023.0,2023-04-09,"Rajiv Gandhi International Stadium, Uppal, Hyderabad",Hyderabad,Sunrisers Hyderabad,,Sunrisers Hyderabad,field,S Dhawan,Unknown,Unknown,143,137,120,9,17,6,True
1359488,2,Sunrisers Hyderabad,Punjab Kings,2023.0,2023-04-09,"Rajiv Gandhi International Stadium, Uppal, Hyderabad",Hyderabad,Sunrisers Hyderabad,,Sunrisers Hyderabad,field,S Dhawan,Unknown,Unknown,145,145,103,2,22,3,True
1359489,1,Royal Challengers Bangalore,Lucknow Super Giants,2023.0,2023-04-10,"M Chinnaswamy Stadium, Bengaluru",Bengaluru,Lucknow Super Giants,,Lucknow Super Giants,field,N Pooran,Unknown,Unknown,212,200,120,2,12,15,True
1359489,2,Lucknow Super Giants,Royal Challengers Bangalore,2023.0,2023-04-10,"M Chinnaswamy Stadium, Bengaluru",Bengaluru,Lucknow Super Giants,,Lucknow Super Giants,field,N Pooran,Unknown,Unknown,213,197,120,9,17,12,True
1359490,1,Delhi Capitals,Mumbai Indians,2023.0,2023-04-11,"Arun Jaitley Stadium, Delhi",Delhi,Mumbai Indians,,Mumbai Indians,field,RG Sharma,Unknown,Unknown,172,161,118,10,20,5,True
1359490,2,Mumbai Indians,Delhi Capitals,2023.0,2023-04-11,"Arun Jaitley Stadium, Delhi",Delhi,Mumbai Indians,,Mumbai Indians,field,RG Sharma,Unknown,Unknown,173,167,120,4,14,10,True
1359491,1,Rajasthan Royals,Chennai Super Kings,2023.0,2023-04-12,"MA Chidambaram Stadium, Chepauk, Chennai",Chennai,Rajasthan Royals,,Chennai Super Kings,field,R Ashwin,Unknown,Unknown,175,165,120,8,11,7,True
1359491,2,Chennai Super Kings,Rajasthan Royals,2023.0,2023-04-12,"MA Chidambaram Stadium, Chepauk, Chennai",Chennai,Rajasthan Royals,,Chennai Super Kings,field,R Ashwin,Unknown,Unknown,172,162,120,6,12,6,True
1359492,1,Punjab Kings,Gujarat Titans,2023.0,2023-04-13,"Punjab Cricket Association IS Bindra Stadium, Mohali, Chandigarh",Chandigarh,Gujarat Titans,,Gujarat Titans,field,MM Sharma,Unknown,Unknown,153,142,120,8,16,5,True
1359492,2,Gujarat Titans,Punjab Kings,2023.0,2023-04-13,"Punjab Cricket Association IS Bindra Stadium, Mohali, Chandigarh",Chandigarh,Gujarat Titans,,Gujarat Titans,field,MM Sharma,Unknown,Unknown,154,146,119,4,17,1,True
1359493,1,Sunrisers Hyderabad,Kolkata Knight Riders,2023.0,2023-04-14,"Eden Gardens, Kolkata",Kolkata,Sunrisers Hyderabad,,Kolkata Knight Riders,field,HC Brook,Unknown,Unknown,228,216,120,4,21,11,True
1359493,2,Kolkata Knight Riders,Sunrisers Hyderabad,2023.0,2023-04-14,"Eden Gardens, Kolkata",Kolkata,Sunrisers Hyderabad,,Kolkata Knight Riders,field,HC Brook,Unknown,Unknown,205,195,120,7,18,11,True
1359494,1,Royal Challengers Bangalore,Delhi Capitals,2023.0,2023-04-15,"M Chinnaswamy Stadium, Bengaluru",Bengaluru,Royal Challengers Bangalore,,Delhi Capitals,field,V Kohli,Unknown,Unknown,174,163,120,6,13,8,True
1359494,2,Delhi Capitals,Royal Challengers Bangalore,2023.0,2023-04-15,"M Chinnaswamy Stadium, Bengaluru",Bengaluru,Royal Challengers Bangalore,,Delhi Capitals,field,V Kohli,Unknown,Unknown,151,148,120,9,18,2,True
1359495,1,Lucknow Super Giants,Punjab Kings,2023.0,2023-04-15,"Bharat Ratna Shri Atal Bihari Vajpayee Ekana Cricket Stadium, Lucknow",Lucknow,Punjab Kings,,Punjab Kings,field,Sikandar Raza,Unknown,Unknown,159,147,120,8,11,6,True
1359495,2,Punjab Kings,Lucknow Super Giants,2023.0,2023-04-15,"Bharat Ratna Shri Atal Bihari Vajpayee Ekana Cricket Stadium, Lucknow",Lucknow,Punjab Kings,,Punjab Kings,field,Sikandar Raza,Unknown,Unknown,161,154,117,8,16,6,True
1359496,1,Kolkata Knight Riders,Mumbai Indians,2023.0,2023-04-16,"Wankhede Stadium, Mumbai",Mumbai,Mumbai Indians,,Mumbai Indians,field,VR Iyer,Unknown,Unknown,185,171,120,6,12,10,True
1359496,2,Mumbai Indians,Kolkata Knight Riders,2023.0,2023-04-16,"Wankhede Stadium, Mumbai",Mumbai,Mumbai Indians,,Mumbai Indians,field,VR Iyer,Unknown,Unknown,186,182,106,5,15,13,True
1359497,1,Gujarat Titans,Rajasthan Royals,2023.0,2023-04-16,"Narendra Modi Stadium, Ahmedabad",Ahmedabad,Rajasthan Royals,,Rajasthan Royals,field,SO Hetmyer,Unknown,Unknown,177,172,120,7,13,7,True
1359497,2,Rajasthan Royals,Gujarat Titans,2023.0,2023-04-16,"Narendra Modi Stadium, Ahmedabad",Ahmedabad,Rajasthan Royals,,Rajasthan Royals,field,SO Hetmyer,Unknown,Unknown,179,176,116,7,10,15,True
1359498,1,Chennai Super Kings,Royal Challengers Bangalore,2023.0,2023-04-17,"M Chinnaswamy Stadium, Bengaluru",Bengaluru,Chennai Super Kings,,Royal Challengers Bangalore,field,DP Conway,Unknown,Unknown,226,219,120,6,12,17,True
1359498,2,Royal Challengers Bangalore,Chennai Super Kings,2023.0,2023-04-17,"M Chinnaswamy Stadium, Bengaluru",Bengaluru,Chennai Super Kings,,Royal Challengers Bangalore,field,DP Conway,Unknown,Unknown,218,207,120,8,12,16,True
1359499,1,Mumbai Indians,Sunrisers Hyderabad,2023.0,2023-04-18,"Rajiv Gandhi International Stadium, Uppal, Hyderabad",Hyderabad,Mumbai Indians,,Sunrisers Hyderabad,field,C Green,Unknown,Unknown,192,190,120,5,19,9,True
1359499,2,Sunrisers Hyderabad,Mumbai Indians,2023.0,2023-04-18,"Rajiv Gandhi International Stadium, Uppal, Hyderabad",Hyderabad,Mumbai Indians,,Sunrisers Hyderabad,field,C Green,Unknown,Unknown,178,159,119,10,18,4,True
1359500,1,Lucknow Super Giants,Rajasthan Royals,2023.0,2023-04-19,"Sawai Mansingh Stadium, Jaipur",Jaipur,Lucknow Super Giants,,Rajasthan Royals,field,MP Stoinis,Unknown,Unknown,154,148,120,7,13,5,True
1359500,2,Rajasthan Royals,Lucknow Super Giants,2023.0,2023-04-19,"Sawai Mansingh Stadium, Jaipur",Jaipur,Lucknow Super Giants,,Rajasthan Royals,field,MP Stoinis,Unknown,Unknown,144,132,120,6,13,4,True
1359501,1,Royal Challengers Bangalore,Punjab Kings,2023.0,2023-04-20,"Punjab Cricket Association IS Bindra Stadium, Mohali, Chandigarh",Chandigarh,Royal Challengers Bangalore,,Punjab Kings,field,Mohammed Siraj,Unknown,Unknown,174,162,120,4,12,6,True
1359501,2,Punjab Kings,Royal Challengers Bangalore,2023.0,2023-04-20,"Punjab Cricket Association IS Bindra Stadium, Mohali, Chandigarh",Chandigarh,Royal Challengers Bangalore,,Punjab Kings,field,Mohammed Siraj,Unknown,Unknown,150,145,110,10,9,10,True
1359502,1,Kolkata Knight Riders,Delhi Capitals,2023.0,2023-04-20,"Arun Jaitley Stadium, Delhi",Delhi,Delhi Capitals,,Delhi Capitals,field,I Sharma,Unknown,Unknown,127,115,120,10,10,6,True
1359502,2,Delhi Capitals,Kolkata Knight Riders,2023.0,2023-04-20,"Arun Jaitley Stadium, Delhi",Delhi,Delhi Capitals,,Delhi Capitals,field,I Sharma,Unknown,Unknown,128,121,116,6,17,0,True
1359503,1,Sunrisers Hyderabad,Chennai Super Kings,2023.0,2023-04-21,"MA Chidambaram Stadium, Chepauk, Chennai",Chennai,Chennai Super Kings,,Chennai Super Kings,field,RA Jadeja,Unknown,Unknown,134,130,120,7,11,2,True
1359503,2,Chennai Super Kings,Sunrisers Hyderabad,2023.0,2023-04-21,"MA Chidambaram Stadium, Chepauk, Chennai",Chennai,Chennai Super Kings,,Chennai Super Kings,field,RA Jadeja,Unknown,Unknown,138,136,112,3,16,1,True
1359504,1,Gujarat Titans,Lucknow Super Giants,2023.0,2023-04-22,"Bharat Ratna Shri Atal Bihari Vajpayee Ekana Cricket Stadium, Lucknow",Lucknow,Gujarat Titans,,Gujarat Titans,bat,MM Sharma,Unknown,Unknown,135,134,120,6,9,4,True
1359504,2,Lucknow Super Giants,Gujarat Titans,2023.0,2023-04-22,"Bharat Ratna Shri Atal Bihari Vajpayee Ekana Cricket Stadium, Lucknow",Lucknow,Gujarat Titans,,Gujarat Titans,bat,MM Sharma,Unknown,Unknown,128,126,120,7,12,2,True
1359505,1,Punjab Kings,Mumbai Indians,2023.0,2023-04-22,"Wankhede Stadium, Mumbai",Mumbai,Punjab Kings,,Mumbai Indians,field,SM Curran,Unknown,Unknown,214,202,120,8,16,14,True
1359505,2,Mumbai Indians,Punjab Kings,2023.0,2023-04-22,"Wankhede Stadium, Mumbai",Mumbai,Punjab Kings,,Mumbai Indians,field,SM Curran,Unknown,Unknown,201,198,120,6,17,11,True
1359506,1,Royal Challengers Bangalore,Rajasthan Royals,2023.0,2023-04-23,"M Chinnaswamy Stadium, Bengaluru",Bengaluru,Royal Challengers Bangalore,,Rajasthan Royals,field,GJ Maxwell,Unknown,Unknown,189,176,120,9,18,6,True
1359506,2,Rajasthan Royals,Royal Challengers Bangalore,2023.0,2023-04-23,"M Chinnaswamy Stadium, Bengaluru",Bengaluru,Royal Challengers Bangalore,,Rajasthan Royals,field,GJ Maxwell,Unknown,Unknown,182,171,120,6,18,6,True
1359507,1,Chennai Super Kings,Kolkata Knight Riders,2023.0,2023-04-23,"Eden Gardens, Kolkata",Kolkata,Chennai Super Kings,,Kolkata Knight Riders,field,AM Rahane,Unknown,Unknown,235,232,120,4,14,18,True
1359507,2,Kolkata Knight Riders,Chennai Super Kings,2023.0,2023-04-23,"Eden Gardens, Kolkata",Kolkata,Chennai Super Kings,,Kolkata Knight Riders,field,AM Rahane,Unknown,Unknown,186,176,120,8,14,12,True
1359508,1,Delhi Capitals,Sunrisers Hyderabad,2023.0,2023-04-24,"Rajiv Gandhi International Stadium, Uppal, Hyderabad",Hyderabad,Delhi Capitals,,Delhi Capitals,bat,AR Patel,Unknown,Unknown,144,140,120,9,15,2,True
1359508,2,Sunrisers Hyderabad,Delhi Capitals,2023.0,2023-04-24,"Rajiv Gandhi International Stadium, Uppal, Hyderabad",Hyderabad,Delhi Capitals,,Delhi Capitals,bat,AR Patel,Unknown,Unknown,137,136,120,6,13,1,True
1359509,1,Gujarat Titans,Mumbai Indians,2023.0,2023-04-25,"Narendra Modi Stadium, Ahmedabad",Ahmedabad,Gujarat Titans,,Mumbai Indians,field,A Manohar,Unknown,Unknown,207,202,120,6,14,12,True
1359509,2,Mumbai Indians,Gujarat Titans,2023.0,2023-04-25,"Narendra Modi Stadium, Ahmedabad",Ahmedabad,Gujarat Titans,,Mumbai Indians,field,A Manohar,Unknown,Unknown,152,147,120,9,8,9,True
1359510,1,Kolkata Knight Riders,Royal Challengers Bangalore,2023.0,2023-04-26,"M Chinnaswamy Stadium, Bengaluru",Bengaluru,Kolkata Knight Riders,,Royal Challengers Bangalore,field,CV Varun,Unknown,Unknown,200,193,120,5,16,12,True
1359510,2,Royal Challengers Bangalore,Kolkata Knight Riders,2023.0,2023-04-26,"M Chinnaswamy Stadium, Bengaluru",Bengaluru,Kolkata Knight Riders,,Royal Challengers Bangalore,field,CV Varun,Unknown,Unknown,179,173,120,8,12,7,True
1359511,1,Rajasthan Royals,Chennai Super Kings,2023.0,2023-04-27,"Sawai Mansingh Stadium, Jaipur",Jaipur,Rajasthan Royals,,Rajasthan Royals,bat,YBK Jaiswal,Unknown,Unknown,202,191,120,5,21,6,True
1359511,2,Chennai Super Kings,Rajasthan Royals,2023.0,2023-04-27,"Sawai Mansingh Stadium, Jaipur",Jaipur,Rajasthan Royals,,Rajasthan Royals,bat,YBK Jaiswal,Unknown,Unknown,170,168,120,6,13,7,True
1359512,1,Lucknow Super Giants,Punjab Kings,2023.0,2023-04-28,"Punjab Cricket Association IS Bindra Stadium, Mohali, Chandigarh",Chandigarh,Lucknow Super Giants,,Punjab Kings,field,MP Stoinis,Unknown,Unknown,257,242,120,5,27,14,True
1359512,2,Punjab Kings,Lucknow Super Giants,2023.0,2023-04-28,"Punjab Cricket Association IS Bindra Stadium, Mohali, Chandigarh",Chandigarh,Lucknow Super Giants,,Punjab Kings,field,MP Stoinis,Unknown,Unknown,201,188,119,10,18,8,True
1359513,1,Kolkata Knight Riders,Gujarat Titans,2023.0,2023-04-29,"Eden Gardens, Kolkata",Kolkata,Gujarat Titans,,Gujarat Titans,field,J Little,Unknown,Unknown,179,176,120,7,12,12,True
1359513,2,Gujarat Titans,Kolkata Knight Riders,2023.0,2023-04-29,"Eden Gardens, Kolkata",Kolkata,Gujarat Titans,,Gujarat Titans,field,J Little,Unknown,Unknown,180,168,107,3,15,8,True
1359514,1,Sunrisers Hyderabad,Delhi Capitals,2023.0,2023-04-29,"Arun Jaitley Stadium, Delhi",Delhi,Sunrisers Hyderabad,,Sunrisers Hyderabad,bat,MR Marsh,Unknown,Unknown,197,187,120,6,17,9,True
1359514,2,Delhi Capitals,Sunrisers Hyderabad,2023.0,2023-04-29,"Arun Jaitley Stadium, Delhi",Delhi,Sunrisers Hyderabad,,Sunrisers Hyderabad,bat,MR Marsh,Unknown,Unknown,188,184,120,6,14,8,True
1359515,1,Chennai Super Kings,Punjab Kings,2023.0,2023-04-30,"MA Chidambaram Stadium, Chepauk, Chennai",Chennai,Punjab Kings,,Chennai Super Kings,bat,DP Conway,Unknown,Unknown,200,192,120,4,23,6,True
1359515,2,Punjab Kings,Chennai Super Kings,2023.0,2023-04-30,"MA Chidambaram Stadium, Chepauk, Chennai",Chennai,Punjab Kings,,Chennai Super Kings,bat,DP Conway,Unknown,Unknown,201,188,120,6,13,9,True
1359516,1,Rajasthan Royals,Mumbai Indians,2023.0,2023-04-30,"Wankhede Stadium, Mumbai",Mumbai,Mumbai Indians,,Rajasthan Royals,bat,YBK Jaiswal,Unknown,Unknown,212,187,120,7,20,12,True
1359516,2,Mumbai Indians,Rajasthan Royals,2023.0,2023-04-30,"Wankhede Stadium, Mumbai",Mumbai,Mumbai Indians,,Rajasthan Royals,bat,YBK Jaiswal,Unknown,Unknown,214,204,117,4,21,10,True
1359517,1,Royal Challengers Bangalore,Lucknow Super Giants,2023.0,2023-05-01,"Bharat Ratna Shri Atal Bihari Vajpayee Ekana Cricket Stadium, Lucknow",Lucknow,Royal Challengers Bangalore,,Royal Challengers Bangalore,bat,F du Plessis,Unknown,Unknown,126,124,120,9,6,2,True
1359517,2,Lucknow Super Giants,Royal Challengers Bangalore,2023.0,2023-05-01,"Bharat Ratna Shri Atal Bihari Vajpayee Ekana Cricket Stadium, Lucknow",Lucknow,Royal Challengers Bangalore,,Royal Challengers Bangalore,bat,F du Plessis,Unknown,Unknown,108,101,119,10,8,4,True
1359518,1,Delhi Capitals,Gujarat Titans,2023.0,2023-05-02,"Narendra Modi Stadium, Ahmedabad",Ahmedabad,Delhi Capitals,,Delhi Capitals,bat,Mohammed Shami,Unknown,Unknown,130,125,120,8,9,5,True
1359518,2,Gujarat Titans,Delhi Capitals,2023.0,2023-05-02,"Narendra Modi Stadium, Ahmedabad",Ahmedabad,Delhi Capitals,,Delhi Capitals,bat,Mohammed Shami,Unknown,Unknown,125,120,120,6,9,4,True
1359519,1,Lucknow Super Giants,Chennai Super Kings,2023.0,2023-05-03,"Bharat Ratna Shri Atal Bihari Vajpayee Ekana Cricket Stadium, Lucknow",Lucknow,Unknown,no result,Chennai Super Kings,field,Unknown,Unknown,Unknown,125,119,116,7,6,4,False
1359520,1,Punjab Kings,Mumbai Indians,2023.0,2023-05-03,"Punjab Cricket Association IS Bindra Stadium, Mohali, Chandigarh",Chandigarh,Mumbai Indians,,Mumbai Indians,field,Ishan Kishan,Unknown,Unknown,214,197,120,3,20,7,True
1359520,2,Mumbai Indians,Punjab Kings,2023.0,2023-05-03,"Punjab Cricket Association IS Bindra Stadium, Mohali, Chandigarh",Chandigarh,Mumbai Indians,,Mumbai Indians,field,Ishan Kishan,Unknown,Unknown,216,209,113,4,23,9,True
1359521,1,Kolkata Knight Riders,Sunrisers Hyderabad,2023.0,2023-05-04,"Rajiv Gandhi International Stadium, Uppal, Hyderabad",Hyderabad,Kolkata Knight Riders,,Kolkata Knight Riders,bat,CV Varun,Unknown,Unknown,171,163,120,9,16,6,True
1359521,2,Sunrisers Hyderabad,Kolkata Knight Riders,2023.0,2023-05-04,"Rajiv Gandhi International Stadium, Uppal, Hyderabad",Hyderabad,Kolkata Knight Riders,,Kolkata Knight Riders,bat,CV Varun,Unknown,Unknown,166,152,120,8,15,5,True
1359522,1,Rajasthan Royals,Gujarat Titans,2023.0,2023-05-05,"Sawai Mansingh Stadium, Jaipur",Jaipur,Gujarat Titans,,Rajasthan Royals,bat,Rashid Khan,Unknown,Unknown,118,110,107,10,9,3,True
1359522,2,Gujarat Titans,Rajasthan Royals,2023.0,2023-05-05,"Sawai Mansingh Stadium, Jaipur",Jaipur,Gujarat Titans,,Rajasthan Royals,bat,Rashid Khan,Unknown,Unknown,119,116,83,1,14,3,True
1359523,1,Mumbai Indians,Chennai Super Kings,2023.0,2023-05-06,"MA Chidambaram Stadium, Chepauk, Chennai",Chennai,Chennai Super Kings,,Chennai Super Kings,field,M Pathirana,Unknown,Unknown,139,131,120,8,15,1,True
1359523,2,Chennai Super Kings,Mumbai Indians,2023.0,2023-05-06,"MA Chidambaram Stadium, Chepauk, Chennai",Chennai,Chennai Super Kings,,Chennai Super Kings,field,M Pathirana,Unknown,Unknown,140,135,106,4,9,7,True
1359524,1,Royal Challengers Bangalore,Delhi Capitals,2023.0,2023-05-06,"Arun Jaitley Stadium, Delhi",Delhi,Delhi Capitals,,Royal Challengers Bangalore,bat,PD Salt,Unknown,Unknown,181,173,120,4,16,6,True
1359524,2,Delhi Capitals,Royal Challengers Bangalore,2023.0,2023-05-06,"Arun Jaitley Stadium, Delhi",Delhi,Delhi Capitals,,Royal Challengers Bangalore,bat,PD Salt,Unknown,Unknown,187,178,100,3,15,12,True
1359525,1,Gujarat Titans,Lucknow Super Giants,2023.0,2023-05-07,"Narendra Modi Stadium, Ahmedabad",Ahmedabad,Gujarat Titans,,Lucknow Super Giants,field,Shubman Gill,Unknown,Unknown,227,221,120,2,15,14,True
1359525,2,Lucknow Super Giants,Gujarat Titans,2023.0,2023-05-07,"Narendra Modi Stadium, Ahmedabad",Ahmedabad,Gujarat Titans,,Lucknow Super Giants,field,Shubman Gill,Unknown,Unknown,171,163,120,7,16,7,True
1359526,1,Rajasthan Royals,Sunrisers Hyderabad,2023.0,2023-05-07,"Sawai Mansingh Stadium, Jaipur",Jaipur,Sunrisers Hyderabad,,Rajasthan Royals,bat,GD Phillips,Unknown,Unknown,214,203,120,2,19,11,True
1359526,2,Sunrisers Hyderabad,Rajasthan Royals,2023.0,2023-05-07,"Sawai Mansingh Stadium, Jaipur",Jaipur,Sunrisers Hyderabad,,Rajasthan Royals,bat,GD Phillips,Unknown,Unknown,217,212,120,6,15,13,True
1359527,1,Punjab Kings,Kolkata Knight Riders,2023.0,2023-05-08,"Eden Gardens, Kolkata",Kolkata,Kolkata Knight Riders,,Punjab Kings,bat,AD Russell,Unknown,Unknown,179,166,120,7,21,6,True
1359527,2,Kolkata Knight Riders,Punjab Kings,2023.0,2023-05-08,"Eden Gardens, Kolkata",Kolkata,Kolkata Knight Riders,,Punjab Kings,bat,AD Russell,Unknown,Unknown,182,178,120,5,20,6,True
1359528,1,Royal Challengers Bangalore,Mumbai Indians,2023.0,2023-05-09,"Wankhede Stadium, Mumbai",Mumbai,Mumbai Indians,,Mumbai Indians,field,SA Yadav,Unknown,Unknown,199,195,120,6,21,8,True
1359528,2,Mumbai Indians,Royal Challengers Bangalore,2023.0,2023-05-09,"Wankhede Stadium, Mumbai",Mumbai,Mumbai Indians,,Mumbai Indians,field,SA Yadav,Unknown,Unknown,200,186,99,4,16,13,True
1359529,1,Chennai Super Kings,Delhi Capitals,2023.0,2023-05-10,"MA Chidambaram Stadium, Chepauk, Chennai",Chennai,Chennai Super Kings,,Chennai Super Kings,bat,RA Jadeja,Unknown,Unknown,167,152,120,8,10,7,True
1359529,2,Delhi Capitals,Chennai Super Kings,2023.0,2023-05-10,"MA Chidambaram Stadium, Chepauk, Chennai",Chennai,Chennai Super Kings,,Chennai Super Kings,bat,RA Jadeja,Unknown,Unknown,140,129,120,8,10,6,True
1359530,1,Kolkata Knight Riders,Rajasthan Royals,2023.0,2023-05-11,"Eden Gardens, Kolkata",Kolkata,Rajasthan Royals,,Rajasthan Royals,field,YBK Jaiswal,Unknown,Unknown,149,146,120,8,8,8,True
1359530,2,Rajasthan Royals,Kolkata Knight Riders,2023.0,2023-05-11,"Eden Gardens, Kolkata",Kolkata,Rajasthan Royals,,Rajasthan Royals,field,YBK Jaiswal,Unknown,Unknown,151,146,79,1,15,10,True
1359531,1,Mumbai Indians,Gujarat Titans,2023.0,2023-05-12,"Wankhede Stadium, Mumbai",Mumbai,Mumbai Indians,,Gujarat Titans,field,SA Yadav,Unknown,Unknown,218,216,120,5,22,12,True
1359531,2,Gujarat Titans,Mumbai Indians,2023.0,2023-05-12,"Wankhede Stadium, Mumbai",Mumbai,Mumbai Indians,,Gujarat Titans,field,SA Yadav,Unknown,Unknown,191,185,120,8,16,12,True
1359532,1,Sunrisers Hyderabad,Lucknow Super Giants,2023.0,2023-05-13,"Rajiv Gandhi International Stadium, Uppal, Hyderabad",Hyderabad,Lucknow Super Giants,,Sunrisers Hyderabad,bat,PN Mankad,Unknown,Unknown,182,177,120,6,18,8,True
1359532,2,Lucknow Super Giants,Sunrisers Hyderabad,2023.0,2023-05-13,"Rajiv Gandhi International Stadium, Uppal, Hyderabad",Hyderabad,Lucknow Super Giants,,Sunrisers Hyderabad,bat,PN Mankad,Unknown,Unknown,185,179,116,3,15,10,True
1359533,1,Punjab Kings,Delhi Capitals,2023.0,2023-05-13,"Arun Jaitley Stadium, Delhi",Delhi,Punjab Kings,,Delhi Capitals,field,P Simran Singh,Unknown,Unknown,167,154,120,7,13,8,True
1359533,2,Delhi Capitals,Punjab Kings,2023.0,2023-05-13,"Arun Jaitley Stadium, Delhi",Delhi,Punjab Kings,,Delhi Capitals,field,P Simran Singh,Unknown,Unknown,136,132,120,8,17,2,True
1359534,1,Royal Challengers Bangalore,Rajasthan Royals,2023.0,2023-05-14,"Sawai Mansingh Stadium, Jaipur",Jaipur,Royal Challengers Bangalore,,Royal Challengers Bangalore,bat,WD Parnell,Unknown,Unknown,171,166,120,5,12,7,True
1359534,2,Rajasthan Royals,Royal Challengers Bangalore,2023.0,2023-05-14,"Sawai Mansingh Stadium, Jaipur",Jaipur,Royal Challengers Bangalore,,Royal Challengers Bangalore,bat,WD Parnell,Unknown,Unknown,59,56,63,10,4,4,True
1359535,1,Chennai Super Kings,Kolkata Knight Riders,2023.0,2023-05-14,"MA Chidambaram Stadium, Chepauk, Chennai",Chennai,Kolkata Knight Riders,,Chennai Super Kings,bat,RK Singh,Unknown,Unknown,144,138,120,6,7,5,True
1359535,2,Kolkata Knight Riders,Chennai Super Kings,2023.0,2023-05-14,"MA Chidambaram Stadium, Chepauk, Chennai",Chennai,Kolkata Knight Riders,,Chennai Super Kings,bat,RK Singh,Unknown,Unknown,147,135,111,4,13,4,True
1359536,1,Gujarat Titans,Sunrisers Hyderabad,2023.0,2023-05-15,"Narendra Modi Stadium, Ahmedabad",Ahmedabad,Gujarat Titans,,Sunrisers Hyderabad,field,Shubman Gill,Unknown,Unknown,188,175,120,9,22,2,True
1359536,2,Sunrisers Hyderabad,Gujarat Titans,2023.0,2023-05-15,"Narendra Modi Stadium, Ahmedabad",Ahmedabad,Gujarat Titans,,Sunrisers Hyderabad,field,Shubman Gill,Unknown,Unknown,154,145,120,9,13,5,True
1359537,1,Lucknow Super Giants,Mumbai Indians,2023.0,2023-05-16,"Bharat Ratna Shri Atal Bihari Vajpayee Ekana Cricket Stadium, Lucknow",Lucknow,Lucknow Super Giants,,Mumbai Indians,field,MP Stoinis,Unknown,Unknown,177,167,120,3,6,11,True
1359537,2,Mumbai Indians,Lucknow Super Giants,2023.0,2023-05-16,"Bharat Ratna Shri Atal Bihari Vajpayee Ekana Cricket Stadium, Lucknow",Lucknow,Lucknow Super Giants,,Mumbai Indians,field,MP Stoinis,Unknown,Unknown,172,157,120,5,12,7,True
1359538,1,Delhi Capitals,Punjab Kings,2023.0,2023-05-17,"Himachal Pradesh Cricket Association Stadium, Dharamsala",Dharamsala,Delhi Capitals,,Punjab Kings,field,RR Rossouw,Unknown,Unknown,213,208,120,2,20,11,True
1359538,2,Punjab Kings,Delhi Capitals,2023.0,2023-05-17,"Himachal Pradesh Cricket Association Stadium, Dharamsala",Dharamsala,Delhi Capitals,,Punjab Kings,field,RR Rossouw,Unknown,Unknown,198,188,120,8,15,13,True
1359539,1,Sunrisers Hyderabad,Royal Challengers Bangalore,2023.0,2023-05-18,"Rajiv Gandhi International Stadium, Uppal, Hyderabad",Hyderabad,Royal Challengers Bangalore,,Royal Challengers Bangalore,field,V Kohli,Unknown,Unknown,186,180,120,5,15,8,True
1359539,2,Royal Challengers Bangalore,Sunrisers Hyderabad,2023.0,2023-05-18,"Rajiv Gandhi International Stadium, Uppal, Hyderabad",Hyderabad,Royal Challengers Bangalore,,Royal Challengers Bangalore,field,V Kohli,Unknown,Unknown,187,180,116,2,20,6,True
1359540,1,Punjab Kings,Rajasthan Royals,2023.0,2023-05-19,"Himachal Pradesh Cricket Association Stadium, Dharamsala",Dharamsala,Rajasthan Royals,,Rajasthan Royals,field,D Padikkal,Unknown,Unknown,187,181,120,5,17,9,True
1359540,2,Rajasthan Royals,Punjab Kings,2023.0,2023-05-19,"Himachal Pradesh Cricket Association Stadium, Dharamsala",Dharamsala,Rajasthan Royals,,Rajasthan Royals,field,D Padikkal,Unknown,Unknown,189,180,118,6,18,9,True
1359541,1,Chennai Super Kings,Delhi Capitals,2023.0,2023-05-20,"Arun Jaitley Stadium, Delhi",Delhi,Chennai Super Kings,,Chennai Super Kings,bat,RD Gaikwad,Unknown,Unknown,223,213,120,3,17,14,True
1359541,2,Delhi Capitals,Chennai Super Kings,2023.0,2023-05-20,"Arun Jaitley Stadium, Delhi",Delhi,Chennai Super Kings,,Chennai Super Kings,bat,RD Gaikwad,Unknown,Unknown,146,135,120,9,11,6,True
1359542,1,Lucknow Super Giants,Kolkata Knight Riders,2023.0,2023-05-20,"Eden Gardens, Kolkata",Kolkata,Lucknow Super Giants,,Kolkata Knight Riders,field,N Pooran,Unknown,Unknown,176,164,120,8,12,10,True
1359542,2,Kolkata Knight Riders,Lucknow Super Giants,2023.0,2023-05-20,"Eden Gardens, Kolkata",Kolkata,Lucknow Super Giants,,Kolkata Knight Riders,field,N Pooran,Unknown,Unknown,175,166,120,7,17,7,True
1359543,1,Sunrisers Hyderabad,Mumbai Indians,2023.0,2023-05-21,"Wankhede Stadium, Mumbai",Mumbai,Mumbai Indians,,Mumbai Indians,field,C Green,Unknown,Unknown,200,188,120,5,20,7,True
1359543,2,Mumbai Indians,Sunrisers Hyderabad,2023.0,2023-05-21,"Wankhede Stadium, Mumbai",Mumbai,Mumbai Indians,,Mumbai Indians,field,C Green,Unknown,Unknown,201,195,108,2,21,10,True
1359544,1,Royal Challengers Bangalore,Gujarat Titans,2023.0,2023-05-21,"M Chinnaswamy Stadium, Bengaluru",Bengaluru,Gujarat Titans,,Gujarat Titans,field,Shubman Gill,Unknown,Unknown,197,190,120,5,25,3,True
1359544,2,Gujarat Titans,Royal Challengers Bangalore,2023.0,2023-05-21,"M Chinnaswamy Stadium, Bengaluru",Bengaluru,Gujarat Titans,,Gujarat Titans,field,Shubman Gill,Unknown,Unknown,198,179,115,4,15,10,True
1370350,1,Chennai Super Kings,Gujarat Titans,2023.0,2023-05-23,"MA Chidambaram Stadium, Chepauk, Chennai",Chennai,Chennai Super Kings,,Gujarat Titans,field,RD Gaikwad,Qualifier 1,Unknown,172,167,120,7,14,4,True
1370350,2,Gujarat Titans,Chennai Super Kings,2023.0,2023-05-23,"MA Chidambaram Stadium, Chepauk, Chennai",Chennai,Chennai Super Kings,,Gujarat Titans,field,RD Gaikwad,Qualifier 1,Unknown,157,142,120,10,13,5,True
1370351,1,Mumbai Indians,Lucknow Super Giants,2023.0,2023-05-24,"MA Chidambaram Stadium, Chepauk, Chennai",Chennai,Mumbai Indians,,Mumbai Indians,bat,Akash Madhwal,Eliminator,Unknown,182,166,120,8,15,8,True
1370351,2,Lucknow Super Giants,Mumbai Indians,2023.0,2023-05-24,"MA Chidambaram Stadium, Chepauk, Chennai",Chennai,Mumbai Indians,,Mumbai Indians,bat,Akash Madhwal,Eliminator,Unknown,101,91,99,10,9,2,True
1370352,1,Gujarat Titans,Mumbai Indians,2023.0,2023-05-26,"Narendra Modi Stadium, Ahmedabad",Ahmedabad,Gujarat Titans,,Mumbai Indians,field,Shubman Gill,Qualifier 2,Unknown,233,223,120,3,18,13,True
1370352,2,Mumbai Indians,Gujarat Titans,2023.0,2023-05-26,"Narendra Modi Stadium, Ahmedabad",Ahmedabad,Gujarat Titans,,Mumbai Indians,field,Shubman Gill,Qualifier 2,Unknown,171,164,110,10,17,7,True
1370353,1,Gujarat Titans,Chennai Super Kings,2023.0,2023-05-29,"Narendra Modi Stadium, Ahmedabad",Ahmedabad,Chennai Super Kings,,Chennai Super Kings,field,DP Conway,Final,Unknown,214,210,120,4,20,9,True
1370353,2,Chennai Super Kings,Gujarat Titans,2023.0,2023-05-29,"Narendra Modi Stadium, Ahmedabad",Ahmedabad,Chennai Super Kings,,Chennai Super Kings,field,DP Conway,Final,Unknown,171,166,90,5,11,10,True
1422119,1,Royal Challengers Bengaluru,Chennai Super Kings,2024.0,2024-03-22,"MA Chidambaram Stadium, Chepauk, Chennai",Chennai,Chennai Super Kings,,Royal Challengers Bengaluru,bat,Mustafizur Rahman,Unknown,Unknown,173,160,120,6,16,6,True
1422119,2,Chennai Super Kings,Royal Challengers Bengaluru,2024.0,2024-03-22,"MA Chidambaram Stadium, Chepauk, Chennai",Chennai,Chennai Super Kings,,Royal Challengers Bengaluru,bat,Mustafizur Rahman,Unknown,Unknown,176,160,112,4,10,9,True
1422120,1,Delhi Capitals,Punjab Kings,2024.0,2024-03-23,"Maharaja Yadavindra Singh International Cricket Stadium, Mullanpur",Mohali,Punjab Kings,,Punjab Kings,field,SM Curran,Unknown,Unknown,174,164,120,9,15,9,True
1422120,2,Punjab Kings,Delhi Capitals,2024.0,2024-03-23,"Maharaja Yadavindra Singh International Cricket Stadium, Mullanpur",Mohali,Punjab Kings,,Punjab Kings,field,SM Curran,Unknown,Unknown,177,169,116,6,20,4,True
1422121,1,Kolkata Knight Riders,Sunrisers Hyderabad,2024.0,2024-03-23,"Eden Gardens, Kolkata",Kolkata,Kolkata Knight Riders,,Sunrisers Hyderabad,field,AD Russell,Unknown,Unknown,208,200,120,7,13,14,True
1422121,2,Sunrisers Hyderabad,Kolkata Knight Riders,2024.0,2024-03-23,"Eden Gardens, Kolkata",Kolkata,Kolkata Knight Riders,,Sunrisers Hyderabad,field,AD Russell,Unknown,Unknown,204,197,120,7,12,15,True
1422122,1,Rajasthan Royals,Lucknow Super Giants,2024.0,2024-03-24,"Sawai Mansingh Stadium, Jaipur",Jaipur,Rajasthan Royals,,Rajasthan Royals,bat,SV Samson,Unknown,Unknown,193,185,120,4,10,11,True
1422122,2,Lucknow Super Giants,Rajasthan Royals,2024.0,2024-03-24,"Sawai Mansingh Stadium, Jaipur",Jaipur,Rajasthan Royals,,Rajasthan Royals,bat,SV Samson,Unknown,Unknown,173,159,120,6,11,8,True
1422123,1,Gujarat Titans,Mumbai Indians,2024.0,2024-03-24,"Narendra Modi Stadium, Ahmedabad",Ahmedabad,Gujarat Titans,,Mumbai Indians,field,B Sai Sudharsan,Unknown,Unknown,168,156,120,6,14,4,True
1422123,2,Mumbai Indians,Gujarat Titans,2024.0,2024-03-24,"Narendra Modi Stadium, Ahmedabad",Ahmedabad,Gujarat Titans,,Mumbai Indians,field,B Sai Sudharsan,Unknown,Unknown,162,159,120,9,15,7,True
1422124,1,Punjab Kings,Royal Challengers Bengaluru,2024.0,2024-03-25,"M Chinnaswamy Stadium, Bengaluru",Bengaluru,Royal Challengers Bengaluru,,Royal Challengers Bengaluru,field,V Kohli,Unknown,Unknown,176,168,120,6,15,8,True
1422124,2,Royal Challengers Bengaluru,Punjab Kings,2024.0,2024-03-25,"M Chinnaswamy Stadium, Bengaluru",Bengaluru,Royal Challengers Bengaluru,,Royal Challengers Bengaluru,field,V Kohli,Unknown,Unknown,178,160,116,6,18,6,True
1422125,1,Chennai Super Kings,Gujarat Titans,2024.0,2024-03-26,"MA Chidambaram Stadium, Chepauk, Chennai",Chennai,Chennai Super Kings,,Gujarat Titans,field,S Dube,Unknown,Unknown,206,200,120,6,17,11,True
1422125,2,Gujarat Titans,Chennai Super Kings,2024.0,2024-03-26,"MA Chidambaram Stadium, Chepauk, Chennai",Chennai,Chennai Super Kings,,Gujarat Titans,field,S Dube,Unknown,Unknown,143,132,120,8,13,3,True
1422126,1,Sunrisers Hyderabad,Mumbai Indians,2024.0,2024-03-27,"Rajiv Gandhi International Stadium, Uppal, Hyderabad",Hyderabad,Sunrisers Hyderabad,,Mumbai Indians,field,Abhishek Sharma,Unknown,Unknown,277,258,120,3,19,18,True
1422126,2,Mumbai Indians,Sunrisers Hyderabad,2024.0,2024-03-27,"Rajiv Gandhi International Stadium, Uppal, Hyderabad",Hyderabad,Sunrisers Hyderabad,,Mumbai Indians,field,Abhishek Sharma,Unknown,Unknown,246,235,120,5,12,20,True
1422127,1,Rajasthan Royals,Delhi Capitals,2024.0,2024-03-28,"Sawai Mansingh Stadium, Jaipur",Jaipur,Rajasthan Royals,,Delhi Capitals,field,R Parag,Unknown,Unknown,185,178,120,5,15,10,True
1422127,2,Delhi Capitals,Rajasthan Royals,2024.0,2024-03-28,"Sawai Mansingh Stadium, Jaipur",Jaipur,Rajasthan Royals,,Delhi Capitals,field,R Parag,Unknown,Unknown,173,168,120,5,15,7,True
1422128,1,Royal Challengers Bengaluru,Kolkata Knight Riders,2024.0,2024-03-29,"M Chinnaswamy Stadium, Bengaluru",Bengaluru,Kolkata Knight Riders,,Kolkata Knight Riders,field,SP Narine,Unknown,Unknown,182,178,120,6,11,11,True
1422128,2,Kolkata Knight Riders,Royal Challengers Bengaluru,2024.0,2024-03-29,"M Chinnaswamy Stadium, Bengaluru",Bengaluru,Kolkata Knight Riders,,Kolkata Knight Riders,field,SP Narine,Unknown,Unknown,186,171,101,3,9,13,True
1422129,1,Lucknow Super Giants,Punjab Kings,2024.0,2024-03-30,"Bharat Ratna Shri Atal Bihari Vajpayee Ekana Cricket Stadium, Lucknow",Lucknow,Lucknow Super Giants,,Lucknow Super Giants,bat,MP Yadav,Unknown,Unknown,199,192,120,8,15,10,True
1422129,2,Punjab Kings,Lucknow Super Giants,2024.0,2024-03-30,"Bharat Ratna Shri Atal Bihari Vajpayee Ekana Cricket Stadium, Lucknow",Lucknow,Lucknow Super Giants,,Lucknow Super Giants,bat,MP Yadav,Unknown,Unknown,178,174,120,5,15,10,True
1422130,1,Sunrisers Hyderabad,Gujarat Titans,2024.0,2024-03-31,"Narendra Modi Stadium, Ahmedabad",Ahmedabad,Gujarat Titans,,Sunrisers Hyderabad,bat,MM Sharma,Unknown,Unknown,162,158,120,8,12,6,True
1422130,2,Gujarat Titans,Sunrisers Hyderabad,2024.0,2024-03-31,"Narendra Modi Stadium, Ahmedabad",Ahmedabad,Gujarat Titans,,Sunrisers Hyderabad,bat,MM Sharma,Unknown,Unknown,168,164,115,3,13,6,True
1422131,1,Delhi Capitals,Chennai Super Kings,2024.0,2024-03-31,"Dr. Y.S. Rajasekhara Reddy ACA-VDCA Cricket Stadium, Visakhapatnam",Visakhapatnam,Delhi Capitals,,Delhi Capitals,bat,KK Ahmed,Unknown,Unknown,191,180,120,5,16,9,True
1422131,2,Chennai Super Kings,Delhi Capitals,2024.0,2024-03-31,"Dr. Y.S. Rajasekhara Reddy ACA-VDCA Cricket Stadium, Visakhapatnam",Visakhapatnam,Delhi Capitals,,Delhi Capitals,bat,KK Ahmed,Unknown,Unknown,171,158,120,6,13,7,True
1422132,1,Mumbai Indians,Rajasthan Royals,2024.0,2024-04-01,"Wankhede Stadium, Mumbai",Mumbai,Rajasthan Royals,,Rajasthan Royals,field,TA Boult,Unknown,Unknown,125,118,120,9,10,3,True
1422132,2,Rajasthan Royals,Mumbai Indians,2024.0,2024-04-01,"Wankhede Stadium, Mumbai",Mumbai,Rajasthan Royals,,Rajasthan Royals,field,TA Boult,Unknown,Unknown,127,113,93,4,14,3,True
1422133,1,Lucknow Super Giants,Royal Challengers Bengaluru,2024.0,2024-04-02,"M Chinnaswamy Stadium, Bengaluru",Bengaluru,Lucknow Super Giants,,Royal Challengers Bengaluru,field,MP Yadav,Unknown,Unknown,181,171,120,5,10,14,True
1422133,2,Royal Challengers Bengaluru,Lucknow Super Giants,2024.0,2024-04-02,"M Chinnaswamy Stadium, Bengaluru",Bengaluru,Lucknow Super Giants,,Royal Challengers Bengaluru,field,MP Yadav,Unknown,Unknown,153,142,118,10,11,8,True
1422134,1,Kolkata Knight Riders,Delhi Capitals,2024.0,2024-04-03,"Dr. Y.S. Rajasekhara Reddy ACA-VDCA Cricket Stadium, Visakhapatnam",Visakhapatnam,Kolkata Knight Riders,,Kolkata Knight Riders,bat,SP Narine,Unknown,Unknown,272,250,120,7,22,18,True
1422134,2,Delhi Capitals,Kolkata Knight Riders,2024.0,2024-04-03,"Dr. Y.S. Rajasekhara Reddy ACA-VDCA Cricket Stadium, Visakhapatnam",Visakhapatnam,Kolkata Knight Riders,,Kolkata Knight Riders,bat,SP Narine,Unknown,Unknown,166,150,104,10,12,11,True
1422135,1,Gujarat Titans,Punjab Kings,2024.0,2024-04-04,"Narendra Modi Stadium, Ahmedabad",Ahmedabad,Punjab Kings,,Punjab Kings,field,Shashank Singh,Unknown,Unknown,199,190,120,4,21,5,True
1422135,2,Punjab Kings,Gujarat Titans,2024.0,2024-04-04,"Narendra Modi Stadium, Ahmedabad",Ahmedabad,Punjab Kings,,Punjab Kings,field,Shashank Singh,Unknown,Unknown,200,187,119,7,18,8,True
1422136,1,Chennai Super Kings,Sunrisers Hyderabad,2024.0,2024-04-05,"Rajiv Gandhi International Stadium, Uppal, Hyderabad",Hyderabad,Sunrisers Hyderabad,,Sunrisers Hyderabad,field,Abhishek Sharma,Unknown,Unknown,165,163,120,5,14,6,True
1422136,2,Sunrisers Hyderabad,Chennai Super Kings,2024.0,2024-04-05,"Rajiv Gandhi International Stadium, Uppal, Hyderabad",Hyderabad,Sunrisers Hyderabad,,Sunrisers Hyderabad,field,Abhishek Sharma,Unknown,Unknown,166,160,109,4,12,8,True
1422137,1,Royal Challengers Bengaluru,Rajasthan Royals,2024.0,2024-04-06,"Sawai Mansingh Stadium, Jaipur",Jaipur,Rajasthan Royals,,Rajasthan Royals,field,JC Buttler,Unknown,Unknown,183,172,120,3,14,7,True
1422137,2,Rajasthan Royals,Royal Challengers Bengaluru,2024.0,2024-04-06,"Sawai Mansingh Stadium, Jaipur",Jaipur,Rajasthan Royals,,Rajasthan Royals,field,JC Buttler,Unknown,Unknown,189,186,115,4,20,6,True
1422138,1,Mumbai Indians,Delhi Capitals,2024.0,2024-04-07,"Wankhede Stadium, Mumbai",Mumbai,Mumbai Indians,,Delhi Capitals,field,R Shepherd,Unknown,Unknown,234,220,120,5,19,14,True
1422138,2,Delhi Capitals,Mumbai Indians,2024.0,2024-04-07,"Wankhede Stadium, Mumbai",Mumbai,Mumbai Indians,,Delhi Capitals,field,R Shepherd,Unknown,Unknown,205,202,120,8,18,11,True
1422139,1,Lucknow Super Giants,Gujarat Titans,2024.0,2024-04-07,"Bharat Ratna Shri Atal Bihari Vajpayee Ekana Cricket Stadium, Lucknow",Lucknow,Lucknow Super Giants,,Lucknow Super Giants,bat,Yash Thakur,Unknown,Unknown,163,158,120,5,11,6,True
1422139,2,Gujarat Titans,Lucknow Super Giants,2024.0,2024-04-07,"Bharat Ratna Shri Atal Bihari Vajpayee Ekana Cricket Stadium, Lucknow",Lucknow,Lucknow Super Giants,,Lucknow Super Giants,bat,Yash Thakur,Unknown,Unknown,130,118,113,10,9,4,True
1426260,1,Kolkata Knight Riders,Chennai Super Kings,2024.0,2024-04-08,"MA Chidambaram Stadium, Chepauk, Chennai",Chennai,Chennai Super Kings,,Chennai Super Kings,field,RA Jadeja,Unknown,Unknown,137,124,120,9,11,4,True
1426260,2,Chennai Super Kings,Kolkata Knight Riders,2024.0,2024-04-08,"MA Chidambaram Stadium, Chepauk, Chennai",Chennai,Chennai Super Kings,,Chennai Super Kings,field,RA Jadeja,Unknown,Unknown,141,136,106,3,14,4,True
1426261,1,Sunrisers Hyderabad,Punjab Kings,2024.0,2024-04-09,"Maharaja Yadavindra Singh International Cricket Stadium, Mullanpur",Mohali,Sunrisers Hyderabad,,Punjab Kings,field,Nithish Kumar Reddy,Unknown,Unknown,182,175,120,9,18,8,True
1426261,2,Punjab Kings,Sunrisers Hyderabad,2024.0,2024-04-09,"Maharaja Yadavindra Singh International Cricket Stadium, Mullanpur",Mohali,Sunrisers Hyderabad,,Punjab Kings,field,Nithish Kumar Reddy,Unknown,Unknown,180,173,120,6,17,8,True
1426262,1,Rajasthan Royals,Gujarat Titans,2024.0,2024-04-10,"Sawai Mansingh Stadium, Jaipur",Jaipur,Gujarat Titans,,Gujarat Titans,field,Rashid Khan,Unknown,Unknown,196,189,120,3,16,8,True
1426262,2,Gujarat Titans,Rajasthan Royals,2024.0,2024-04-10,"Sawai Mansingh Stadium, Jaipur",Jaipur,Gujarat Titans,,Gujarat Titans,field,Rashid Khan,Unknown,Unknown,199,188,120,7,20,4,True
1426263,1,Royal Challengers Bengaluru,Mumbai Indians,2024.0,2024-04-11,"Wankhede Stadium, Mumbai",Mumbai,Mumbai Indians,,Mumbai Indians,field,JJ Bumrah,Unknown,Unknown,196,186,120,8,15,11,True
1426263,2,Mumbai Indians,Royal Challengers Bengaluru,2024.0,2024-04-11,"Wankhede Stadium, Mumbai",Mumbai,Mumbai Indians,,Mumbai Indians,field,JJ Bumrah,Unknown,Unknown,199,196,93,3,18,15,True
1426264,1,Lucknow Super Giants,Delhi Capitals,2024.0,2024-04-12,"Bharat Ratna Shri Atal Bihari Vajpayee Ekana Cricket Stadium, Lucknow",Lucknow,Delhi Capitals,,Lucknow Super Giants,bat,Kuldeep Yadav,Unknown,Unknown,167,157,120,7,17,2,True
1426264,2,Delhi Capitals,Lucknow Super Giants,2024.0,2024-04-12,"Bharat Ratna Shri Atal Bihari Vajpayee Ekana Cricket Stadium, Lucknow",Lucknow,Delhi Capitals,,Lucknow Super Giants,bat,Kuldeep Yadav,Unknown,Unknown,170,162,109,4,14,8,True
1426265,1,Punjab Kings,Rajasthan Royals,2024.0,2024-04-13,"Maharaja Yadavindra Singh International Cricket Stadium, Mullanpur",Mohali,Rajasthan Royals,,Rajasthan Royals,field,SO Hetmyer,Unknown,Unknown,147,139,120,8,9,6,True
1426265,2,Rajasthan Royals,Punjab Kings,2024.0,2024-04-13,"Maharaja Yadavindra Singh International Cricket Stadium, Mullanpur",Mohali,Rajasthan Royals,,Rajasthan Royals,field,SO Hetmyer,Unknown,Unknown,152,149,119,7,12,5,True
1426266,1,Lucknow Super Giants,Kolkata Knight Riders,2024.0,2024-04-14,"Eden Gardens, Kolkata",Kolkata,Kolkata Knight Riders,,Kolkata Knight Riders,field,PD Salt,Unknown,Unknown,161,153,120,7,13,7,True
1426266,2,Kolkata Knight Riders,Lucknow Super Giants,2024.0,2024-04-14,"Eden Gardens, Kolkata",Kolkata,Kolkata Knight Riders,,Kolkata Knight Riders,field,PD Salt,Unknown,Unknown,162,140,94,2,21,4,True
1426267,1,Chennai Super Kings,Mumbai Indians,2024.0,2024-04-14,"Wankhede Stadium, Mumbai",Mumbai,Chennai Super Kings,,Mumbai Indians,field,M Pathirana,Unknown,Unknown,206,198,120,4,19,11,True
1426267,2,Mumbai Indians,Chennai Super Kings,2024.0,2024-04-14,"Wankhede Stadium, Mumbai",Mumbai,Chennai Super Kings,,Mumbai Indians,field,M Pathirana,Unknown,Unknown,186,179,120,6,19,8,True
1426268,1,Sunrisers Hyderabad,Royal Challengers Bengaluru,2024.0,2024-04-15,"M Chinnaswamy Stadium, Bengaluru",Bengaluru,Sunrisers Hyderabad,,Royal Challengers Bengaluru,field,TM Head,Unknown,Unknown,287,272,120,3,19,22,True
1426268,2,Royal Challengers Bengaluru,Sunrisers Hyderabad,2024.0,2024-04-15,"M Chinnaswamy Stadium, Bengaluru",Bengaluru,Sunrisers Hyderabad,,Royal Challengers Bengaluru,field,TM Head,Unknown,Unknown,262,248,120,7,24,16,True
1426269,1,Kolkata Knight Riders,Rajasthan Royals,2024.0,2024-04-16,"Eden Gardens, Kolkata",Kolkata,Rajasthan Royals,,Rajasthan Royals,field,JC Buttler,Unknown,Unknown,223,202,120,6,24,9,True
1426269,2,Rajasthan Royals,Kolkata Knight Riders,2024.0,2024-04-16,"Eden Gardens, Kolkata",Kolkata,Rajasthan Royals,,Rajasthan Royals,field,JC Buttler,Unknown,Unknown,224,208,120,8,20,12,True
1426270,1,Gujarat Titans,Delhi Capitals,2024.0,2024-04-17,"Narendra Modi Stadium, Ahmedabad",Ahmedabad,Delhi Capitals,,Delhi Capitals,field,RR Pant,Unknown,Unknown,89,77,105,10,8,1,True
1426270,2,Delhi Capitals,Gujarat Titans,2024.0,2024-04-17,"Narendra Modi Stadium, Ahmedabad",Ahmedabad,Delhi Capitals,,Delhi Capitals,field,RR Pant,Unknown,Unknown,92,86,53,4,9,6,True
1426271,1,Mumbai Indians,Punjab Kings,2024.0,2024-04-18,"Maharaja Yadavindra Singh International Cricket Stadium, Mullanpur",Mohali,Mumbai Indians,,Punjab Kings,field,JJ Bumrah,Unknown,Unknown,192,181,120,7,14,10,True
1426271,2,Punjab Kings,Mumbai Indians,2024.0,2024-04-18,"Maharaja Yadavindra Singh International Cricket Stadium, Mullanpur",Mohali,Mumbai Indians,,Punjab Kings,field,JJ Bumrah,Unknown,Unknown,183,162,115,10,10,12,True
1426272,1,Chennai Super Kings,Lucknow Super Giants,2024.0,2024-04-19,"Bharat Ratna Shri Atal Bihari Vajpayee Ekana Cricket Stadium, Lucknow",Lucknow,Lucknow Super Giants,,Lucknow Super Giants,field,KL Rahul,Unknown,Unknown,176,172,120,6,14,7,True
1426272,2,Lucknow Super Giants,Chennai Super Kings,2024.0,2024-04-19,"Bharat Ratna Shri Atal Bihari Vajpayee Ekana Cricket Stadium, Lucknow",Lucknow,Lucknow Super Giants,,Lucknow Super Giants,field,KL Rahul,Unknown,Unknown,180,167,114,2,18,5,True
1426273,1,Sunrisers Hyderabad,Delhi Capitals,2024.0,2024-04-20,"Arun Jaitley Stadium, Delhi",Delhi,Sunrisers Hyderabad,,Delhi Capitals,field,TM Head,Unknown,Unknown,266,261,120,7,18,22,True
1426273,2,Delhi Capitals,Sunrisers Hyderabad,2024.0,2024-04-20,"Arun Jaitley Stadium, Delhi",Delhi,Sunrisers Hyderabad,,Delhi Capitals,field,TM Head,Unknown,Unknown,199,191,115,10,22,9,True
1426274,1,Kolkata Knight Riders,Royal Challengers Bengaluru,2024.0,2024-04-21,"Eden Gardens, Kolkata",Kolkata,Kolkata Knight Riders,,Royal Challengers Bengaluru,field,AD Russell,Unknown,Unknown,222,202,120,6,27,7,True
1426274,2,Royal Challengers Bengaluru,Kolkata Knight Riders,2024.0,2024-04-21,"Eden Gardens, Kolkata",Kolkata,Kolkata Knight Riders,,Royal Challengers Bengaluru,field,AD Russell,Unknown,Unknown,221,212,120,10,16,17,True
1426275,1,Punjab Kings,Gujarat Titans,2024.0,2024-04-21,"Maharaja Yadavindra Singh International Cricket Stadium, Mullanpur",Mohali,Gujarat Titans,,Punjab Kings,bat,R Sai Kishore,Unknown,Unknown,142,138,120,10,12,5,True
1426275,2,Gujarat Titans,Punjab Kings,2024.0,2024-04-21,"Maharaja Yadavindra Singh International Cricket Stadium, Mullanpur",Mohali,Gujarat Titans,,Punjab Kings,bat,R Sai Kishore,Unknown,Unknown,146,143,115,7,16,2,True
1426276,1,Mumbai Indians,Rajasthan Royals,2024.0,2024-04-22,"Sawai Mansingh Stadium, Jaipur",Jaipur,Rajasthan Royals,,Mumbai Indians,bat,Sandeep Sharma,Unknown,Unknown,179,169,120,9,14,8,True
1426276,2,Rajasthan Royals,Mumbai Indians,2024.0,2024-04-22,"Sawai Mansingh Stadium, Jaipur",Jaipur,Rajasthan Royals,,Mumbai Indians,bat,Sandeep Sharma,Unknown,Unknown,183,177,112,1,17,9,True
1426277,1,Chennai Super Kings,Lucknow Super Giants,2024.0,2024-04-23,"MA Chidambaram Stadium, Chepauk, Chennai",Chennai,Lucknow Super Giants,,Lucknow Super Giants,field,MP Stoinis,Unknown,Unknown,210,206,120,4,19,10,True
1426277,2,Lucknow Super Giants,Chennai Super Kings,2024.0,2024-04-23,"MA Chidambaram Stadium, Chepauk, Chennai",Chennai,Lucknow Super Giants,,Lucknow Super Giants,field,MP Stoinis,Unknown,Unknown,213,204,117,4,19,10,True
1426278,1,Delhi Capitals,Gujarat Titans,2024.0,2024-04-24,"Arun Jaitley Stadium, Delhi",Delhi,Delhi Capitals,,Gujarat Titans,field,RR Pant,Unknown,Unknown,224,219,120,4,18,16,True
1426278,2,Gujarat Titans,Delhi Capitals,2024.0,2024-04-24,"Arun Jaitley Stadium, Delhi",Delhi,Delhi Capitals,,Gujarat Titans,field,RR Pant,Unknown,Unknown,220,212,120,8,22,10,True
1426279,1,Royal Challengers Bengaluru,Sunrisers Hyderabad,2024.0,2024-04-25,"Rajiv Gandhi International Stadium, Uppal, Hyderabad",Hyderabad,Royal Challengers Bengaluru,,Royal Challengers Bengaluru,bat,RM Patidar,Unknown,Unknown,206,199,120,7,18,8,True
1426279,2,Sunrisers Hyderabad,Royal Challengers Bengaluru,2024.0,2024-04-25,"Rajiv Gandhi International Stadium, Uppal, Hyderabad",Hyderabad,Royal Challengers Bengaluru,,Royal Challengers Bengaluru,bat,RM Patidar,Unknown,Unknown,171,161,120,8,10,9,True
1426280,1,Kolkata Knight Riders,Punjab Kings,2024.0,2024-04-26,"Eden Gardens, Kolkata",Kolkata,Punjab Kings,,Punjab Kings,field,JM Bairstow,Unknown,Unknown,261,248,120,6,22,18,True
1426280,2,Punjab Kings,Kolkata Knight Riders,2024.0,2024-04-26,"Eden Gardens, Kolkata",Kolkata,Punjab Kings,,Punjab Kings,field,JM Bairstow,Unknown,Unknown,262,256,112,2,15,24,True
1426281,1,Delhi Capitals,Mumbai Indians,2024.0,2024-04-27,"Arun Jaitley Stadium, Delhi",Delhi,Delhi Capitals,,Mumbai Indians,field,J Fraser-McGurk,Unknown,Unknown,257,249,120,4,22,17,True
1426281,2,Mumbai Indians,Delhi Capitals,2024.0,2024-04-27,"Arun Jaitley Stadium, Delhi",Delhi,Delhi Capitals,,Mumbai Indians,field,J Fraser-McGurk,Unknown,Unknown,247,230,120,9,20,15,True
1426282,1,Lucknow Super Giants,Rajasthan Royals,2024.0,2024-04-27,"Bharat Ratna Shri Atal Bihari Vajpayee Ekana Cricket Stadium, Lucknow",Lucknow,Rajasthan Royals,,Rajasthan Royals,field,SV Samson,Unknown,Unknown,196,178,120,5,20,2,True
1426282,2,Rajasthan Royals,Lucknow Super Giants,2024.0,2024-04-27,"Bharat Ratna Shri Atal Bihari Vajpayee Ekana Cricket Stadium, Lucknow",Lucknow,Rajasthan Royals,,Rajasthan Royals,field,SV Samson,Unknown,Unknown,199,195,114,3,19,9,True
1426283,1,Gujarat Titans,Royal Challengers Bengaluru,2024.0,2024-04-28,"Narendra Modi Stadium, Ahmedabad",Ahmedabad,Royal Challengers Bengaluru,,Royal Challengers Bengaluru,field,WG Jacks,Unknown,Unknown,200,189,120,3,15,10,True
1426283,2,Royal Challengers Bengaluru,Gujarat Titans,2024.0,2024-04-28,"Narendra Modi Stadium, Ahmedabad",Ahmedabad,Royal Challengers Bengaluru,,Royal Challengers Bengaluru,field,WG Jacks,Unknown,Unknown,206,194,96,1,12,16,True
1426284,1,Chennai Super Kings,Sunrisers Hyderabad,2024.0,2024-04-28,"MA Chidambaram Stadium, Chepauk, Chennai",Chennai,Chennai Super Kings,,Sunrisers Hyderabad,field,RD Gaikwad,Unknown,Unknown,212,203,120,3,20,8,True
1426284,2,Sunrisers Hyderabad,Chennai Super Kings,2024.0,2024-04-28,"MA Chidambaram Stadium, Chepauk, Chennai",Chennai,Chennai Super Kings,,Sunrisers Hyderabad,field,RD Gaikwad,Unknown,Unknown,134,131,113,10,9,4,True
1426285,1,Delhi Capitals,Kolkata Knight Riders,2024.0,2024-04-29,"Eden Gardens, Kolkata",Kolkata,Kolkata Knight Riders,,Delhi Capitals,bat,CV Varun,Unknown,Unknown,153,140,120,9,16,5,True
1426285,2,Kolkata Knight Riders,Delhi Capitals,2024.0,2024-04-29,"Eden Gardens, Kolkata",Kolkata,Kolkata Knight Riders,,Delhi Capitals,bat,CV Varun,Unknown,Unknown,157,153,99,3,16,7,True
1426286,1,Mumbai Indians,Lucknow Super Giants,2024.0,2024-04-30,"Bharat Ratna Shri Atal Bihari Vajpayee Ekana Cricket Stadium, Lucknow",Lucknow,Lucknow Super Giants,,Lucknow Super Giants,field,MP Stoinis,Unknown,Unknown,144,136,120,7,12,4,True
1426286,2,Lucknow Super Giants,Mumbai Indians,2024.0,2024-04-30,"Bharat Ratna Shri Atal Bihari Vajpayee Ekana Cricket Stadium, Lucknow",Lucknow,Lucknow Super Giants,,Lucknow Super Giants,field,MP Stoinis,Unknown,Unknown,145,134,116,6,14,3,True
1426287,1,Chennai Super Kings,Punjab Kings,2024.0,2024-05-01,"MA Chidambaram Stadium, Chepauk, Chennai",Chennai,Punjab Kings,,Punjab Kings,field,Harpreet Brar,Unknown,Unknown,162,144,120,7,13,4,True
1426287,2,Punjab Kings,Chennai Super Kings,2024.0,2024-05-01,"MA Chidambaram Stadium, Chepauk, Chennai",Chennai,Punjab Kings,,Punjab Kings,field,Harpreet Brar,Unknown,Unknown,163,153,107,3,17,5,True
1426288,1,Sunrisers Hyderabad,Rajasthan Royals,2024.0,2024-05-02,"Rajiv Gandhi International Stadium, Uppal, Hyderabad",Hyderabad,Sunrisers Hyderabad,,Sunrisers Hyderabad,bat,B Kumar,Unknown,Unknown,201,193,120,3,13,15,True
1426288,2,Rajasthan Royals,Sunrisers Hyderabad,2024.0,2024-05-02,"Rajiv Gandhi International Stadium, Uppal, Hyderabad",Hyderabad,Sunrisers Hyderabad,,Sunrisers Hyderabad,bat,B Kumar,Unknown,Unknown,200,187,120,7,19,8,True
1426289,1,Kolkata Knight Riders,Mumbai Indians,2024.0,2024-05-03,"Wankhede Stadium, Mumbai",Mumbai,Kolkata Knight Riders,,Mumbai Indians,field,VR Iyer,Unknown,Unknown,169,162,119,10,12,9,True
1426289,2,Mumbai Indians,Kolkata Knight Riders,2024.0,2024-05-03,"Wankhede Stadium, Mumbai",Mumbai,Kolkata Knight Riders,,Mumbai Indians,field,VR Iyer,Unknown,Unknown,145,135,113,10,11,6,True
1426290,1,Gujarat Titans,Royal Challengers Bengaluru,2024.0,2024-05-04,"M Chinnaswamy Stadium, Bengaluru",Bengaluru,Royal Challengers Bengaluru,,Royal Challengers Bengaluru,field,Mohammed Siraj,Unknown,Unknown,147,140,117,10,17,5,True
1426290,2,Royal Challengers Bengaluru,Gujarat Titans,2024.0,2024-05-04,"M Chinnaswamy Stadium, Bengaluru",Bengaluru,Royal Challengers Bengaluru,,Royal Challengers Bengaluru,field,Mohammed Siraj,Unknown,Unknown,152,150,82,6,18,8,True
1426291,1,Chennai Super Kings,Punjab Kings,2024.0,2024-05-05,"Himachal Pradesh Cricket Association Stadium, Dharamsala",Dharamsala,Chennai Super Kings,,Punjab Kings,field,RA Jadeja,Unknown,Unknown,167,161,120,9,15,5,True
1426291,2,Punjab Kings,Chennai Super Kings,2024.0,2024-05-05,"Himachal Pradesh Cricket Association Stadium, Dharamsala",Dharamsala,Chennai Super Kings,,Punjab Kings,field,RA Jadeja,Unknown,Unknown,139,130,120,9,12,5,True
1426292,1,Kolkata Knight Riders,Lucknow Super Giants,2024.0,2024-05-05,"Bharat Ratna Shri Atal Bihari Vajpayee Ekana Cricket Stadium, Lucknow",Lucknow,Kolkata Knight Riders,,Lucknow Super Giants,field,SP Narine,Unknown,Unknown,235,222,120,6,21,13,True
1426292,2,Lucknow Super Giants,Kolkata Knight Riders,2024.0,2024-05-05,"Bharat Ratna Shri Atal Bihari Vajpayee Ekana Cricket Stadium, Lucknow",Lucknow,Kolkata Knight Riders,,Lucknow Super Giants,field,SP Narine,Unknown,Unknown,137,130,97,10,10,7,True
1426293,1,Sunrisers Hyderabad,Mumbai Indians,2024.0,2024-05-06,"Wankhede Stadium, Mumbai",Mumbai,Mumbai Indians,,Mumbai Indians,field,SA Yadav,Unknown,Unknown,173,159,120,8,13,5,True
1426293,2,Mumbai Indians,Sunrisers Hyderabad,2024.0,2024-05-06,"Wankhede Stadium, Mumbai",Mumbai,Mumbai Indians,,Mumbai Indians,field,SA Yadav,Unknown,Unknown,174,152,104,3,21,6,True
1426294,1,Delhi Capitals,Rajasthan Royals,2024.0,2024-05-07,"Arun Jaitley Stadium, Delhi",Delhi,Delhi Capitals,,Rajasthan Royals,field,Kuldeep Yadav,Unknown,Unknown,221,220,120,8,22,12,True
1426294,2,Rajasthan Royals,Delhi Capitals,2024.0,2024-05-07,"Arun Jaitley Stadium, Delhi",Delhi,Delhi Capitals,,Rajasthan Royals,field,Kuldeep Yadav,Unknown,Unknown,201,186,120,8,16,13,True
1426295,1,Lucknow Super Giants,Sunrisers Hyderabad,2024.0,2024-05-08,"Rajiv Gandhi International Stadium, Uppal, Hyderabad",Hyderabad,Sunrisers Hyderabad,,Lucknow Super Giants,bat,TM Head,Unknown,Unknown,165,161,120,4,16,4,True
1426295,2,Sunrisers Hyderabad,Lucknow Super Giants,2024.0,2024-05-08,"Rajiv Gandhi International Stadium, Uppal, Hyderabad",Hyderabad,Sunrisers Hyderabad,,Lucknow Super Giants,bat,TM Head,Unknown,Unknown,167,164,58,0,16,14,True
1426296,1,Royal Challengers Bengaluru,Punjab Kings,2024.0,2024-05-09,"Himachal Pradesh Cricket Association Stadium, Dharamsala",Dharamsala,Royal Challengers Bengaluru,,Punjab Kings,field,V Kohli,Unknown,Unknown,241,233,120,7,19,16,True
1426296,2,Punjab Kings,Royal Challengers Bengaluru,2024.0,2024-05-09,"Himachal Pradesh Cricket Association Stadium, Dharamsala",Dharamsala,Royal Challengers Bengaluru,,Punjab Kings,field,V Kohli,Unknown,Unknown,181,175,102,10,23,7,True
1426297,1,Gujarat Titans,Chennai Super Kings,2024.0,2024-05-10,"Narendra Modi Stadium, Ahmedabad",Ahmedabad,Gujarat Titans,,Chennai Super Kings,field,Shubman Gill,Unknown,Unknown,231,225,120,3,15,14,True
1426297,2,Chennai Super Kings,Gujarat Titans,2024.0,2024-05-10,"Narendra Modi Stadium, Ahmedabad",Ahmedabad,Gujarat Titans,,Chennai Super Kings,field,Shubman Gill,Unknown,Unknown,196,189,120,8,16,12,True
1426298,1,Kolkata Knight Riders,Mumbai Indians,2024.0,2024-05-11,"Eden Gardens, Kolkata",Kolkata,Kolkata Knight Riders,,Mumbai Indians,field,CV Varun,Unknown,Unknown,157,151,96,7,14,9,True
1426298,2,Mumbai Indians,Kolkata Knight Riders,2024.0,2024-05-11,"Eden Gardens, Kolkata",Kolkata,Kolkata Knight Riders,,Mumbai Indians,field,CV Varun,Unknown,Unknown,139,127,96,8,13,6,True
1426299,1,Rajasthan Royals,Chennai Super Kings,2024.0,2024-05-12,"MA Chidambaram Stadium, Chepauk, Chennai",Chennai,Chennai Super Kings,,Rajasthan Royals,bat,Simarjeet Singh,Unknown,Unknown,141,136,120,5,7,6,True
1426299,2,Chennai Super Kings,Rajasthan Royals,2024.0,2024-05-12,"MA Chidambaram Stadium, Chepauk, Chennai",Chennai,Chennai Super Kings,,Rajasthan Royals,bat,Simarjeet Singh,Unknown,Unknown,145,139,110,5,11,5,True
1426300,1,Royal Challengers Bengaluru,Delhi Capitals,2024.0,2024-05-12,"M Chinnaswamy Stadium, Bengaluru",Bengaluru,Royal Challengers Bengaluru,,Delhi Capitals,field,C Green,Unknown,Unknown,187,177,120,9,10,11,True
1426300,2,Delhi Capitals,Royal Challengers Bengaluru,2024.0,2024-05-12,"M Chinnaswamy Stadium, Bengaluru",Bengaluru,Royal Challengers Bengaluru,,Delhi Capitals,field,C Green,Unknown,Unknown,140,134,115,10,12,5,True
1426302,1,Delhi Capitals,Lucknow Super Giants,2024.0,2024-05-14,"Arun Jaitley Stadium, Delhi",Delhi,Delhi Capitals,,Lucknow Super Giants,field,I Sharma,Unknown,Unknown,208,200,120,4,18,10,True
1426302,2,Lucknow Super Giants,Delhi Capitals,2024.0,2024-05-14,"Arun Jaitley Stadium, Delhi",Delhi,Delhi Capitals,,Lucknow Super Giants,field,I Sharma,Unknown,Unknown,189,183,120,9,16,10,True
1426303,1,Rajasthan Royals,Punjab Kings,2024.0,2024-05-15,"Barsapara Cricket Stadium, Guwahati",Guwahati,Punjab Kings,,Rajasthan Royals,bat,SM Curran,Unknown,Unknown,144,142,120,9,18,2,True
1426303,2,Punjab Kings,Rajasthan Royals,2024.0,2024-05-15,"Barsapara Cricket Stadium, Guwahati",Guwahati,Punjab Kings,,Rajasthan Royals,bat,SM Curran,Unknown,Unknown,145,144,113,5,13,6,True
1426305,1,Lucknow Super Giants,Mumbai Indians,2024.0,2024-05-17,"Wankhede Stadium, Mumbai",Mumbai,Lucknow Super Giants,,Mumbai Indians,field,N Pooran,Unknown,Unknown,214,203,120,6,16,14,True
1426305,2,Mumbai Indians,Lucknow Super Giants,2024.0,2024-05-17,"Wankhede Stadium, Mumbai",Mumbai,Lucknow Super Giants,,Mumbai Indians,field,N Pooran,Unknown,Unknown,196,185,120,6,17,11,True
1426306,1,Royal Challengers Bengaluru,Chennai Super Kings,2024.0,2024-05-18,"M Chinnaswamy Stadium, Bengaluru",Bengaluru,Royal Challengers Bengaluru,,Chennai Super Kings,field,F du Plessis,Unknown,Unknown,218,210,120,5,14,16,True
1426306,2,Chennai Super Kings,Royal Challengers Bengaluru,2024.0,2024-05-18,"M Chinnaswamy Stadium, Bengaluru",Bengaluru,Royal Challengers Bengaluru,,Chennai Super Kings,field,F du Plessis,Unknown,Unknown,191,176,120,7,14,8,True
1426307,1,Punjab Kings,Sunrisers Hyderabad,2024.0,2024-05-19,"Rajiv Gandhi International Stadium, Uppal, Hyderabad",Hyderabad,Sunrisers Hyderabad,,Punjab Kings,bat,Abhishek Sharma,Unknown,Unknown,214,204,120,5,17,12,True
1426307,2,Sunrisers Hyderabad,Punjab Kings,2024.0,2024-05-19,"Rajiv Gandhi International Stadium, Uppal, Hyderabad",Hyderabad,Sunrisers Hyderabad,,Punjab Kings,bat,Abhishek Sharma,Unknown,Unknown,215,198,115,6,14,14,True
1426309,1,Sunrisers Hyderabad,Kolkata Knight Riders,2024.0,2024-05-21,"Narendra Modi Stadium, Ahmedabad",Ahmedabad,Kolkata Knight Riders,,Sunrisers Hyderabad,bat,MA Starc,Qualifier 1,Unknown,159,152,117,10,13,6,True
1426309,2,Kolkata Knight Riders,Sunrisers Hyderabad,2024.0,2024-05-21,"Narendra Modi Stadium, Ahmedabad",Ahmedabad,Kolkata Knight Riders,,Sunrisers Hyderabad,bat,MA Starc,Qualifier 1,Unknown,164,153,82,2,16,10,True
1426310,1,Royal Challengers Bengaluru,Rajasthan Royals,2024.0,2024-05-22,"Narendra Modi Stadium, Ahmedabad",Ahmedabad,Rajasthan Royals,,Rajasthan Royals,field,R Ashwin,Eliminator,Unknown,172,168,120,8,13,8,True
1426310,2,Rajasthan Royals,Royal Challengers Bengaluru,2024.0,2024-05-22,"Narendra Modi Stadium, Ahmedabad",Ahmedabad,Rajasthan Royals,,Rajasthan Royals,field,R Ashwin,Eliminator,Unknown,174,168,114,6,20,5,True
1426311,1,Sunrisers Hyderabad,Rajasthan Royals,2024.0,2024-05-24,"MA Chidambaram Stadium, Chepauk, Chennai",Chennai,Sunrisers Hyderabad,,Rajasthan Royals,field,Shahbaz Ahmed,Qualifier 2,Unknown,175,167,120,9,11,9,True
1426311,2,Rajasthan Royals,Sunrisers Hyderabad,2024.0,2024-05-24,"MA Chidambaram Stadium, Chepauk, Chennai",Chennai,Sunrisers Hyderabad,,Rajasthan Royals,field,Shahbaz Ahmed,Qualifier 2,Unknown,139,134,120,7,13,5,True
1426312,1,Sunrisers Hyderabad,Kolkata Knight Riders,2024.0,2024-05-26,"MA Chidambaram Stadium, Chepauk, Chennai",Chennai,Kolkata Knight Riders,,Sunrisers Hyderabad,bat,MA Starc,Final,Unknown,113,100,111,10,8,3,True
1426312,2,Kolkata Knight Riders,Sunrisers Hyderabad,2024.0,2024-05-26,"MA Chidambaram Stadium, Chepauk, Chennai",Chennai,Kolkata Knight Riders,,Sunrisers Hyderabad,bat,MA Starc,Final,Unknown,114,103,63,2,10,6,True
1473438,1,Kolkata Knight Riders,Royal Challengers Bengaluru,2025.0,2025-03-22,"Eden Gardens, Kolkata",Kolkata,Royal Challengers Bengaluru,,Royal Challengers Bengaluru,field,KH Pandya,Unknown,Unknown,174,168,120,8,18,8,True
1473438,2,Royal Challengers Bengaluru,Kolkata Knight Riders,2025.0,2025-03-22,"Eden Gardens, Kolkata",Kolkata,Royal Challengers Bengaluru,,Royal Challengers Bengaluru,field,KH Pandya,Unknown,Unknown,177,174,98,3,21,7,True
1473439,1,Sunrisers Hyderabad,Rajasthan Royals,2025.0,2025-03-23,"Rajiv Gandhi International Stadium, Uppal, Hyderabad",Hyderabad,Sunrisers Hyderabad,,Rajasthan Royals,field,Ishan Kishan,Unknown,Unknown,286,268,120,6,34,12,True
1473439,2,Rajasthan Royals,Sunrisers Hyderabad,2025.0,2025-03-23,"Rajiv Gandhi International Stadium, Uppal, Hyderabad",Hyderabad,Sunrisers Hyderabad,,Rajasthan Royals,field,Ishan Kishan,Unknown,Unknown,242,229,120,6,17,18,True
1473440,1,Mumbai Indians,Chennai Super Kings,2025.0,2025-03-23,"MA Chidambaram Stadium, Chepauk, Chennai",Chennai,Chennai Super Kings,,Chennai Super Kings,field,Noor Ahmad,Unknown,Unknown,155,145,120,9,13,5,True
1473440,2,Chennai Super Kings,Mumbai Indians,2025.0,2025-03-23,"MA Chidambaram Stadium, Chepauk, Chennai",Chennai,Chennai Super Kings,,Chennai Super Kings,field,Noor Ahmad,Unknown,Unknown,158,153,115,6,9,8,True
1473441,1,Lucknow Super Giants,Delhi Capitals,2025.0,2025-03-24,"Dr. Y.S. Rajasekhara Reddy ACA-VDCA Cricket Stadium, Visakhapatnam",Visakhapatnam,Delhi Capitals,,Delhi Capitals,field,Ashutosh Sharma,Unknown,Unknown,209,202,120,8,15,16,True
1473441,2,Delhi Capitals,Lucknow Super Giants,2025.0,2025-03-24,"Dr. Y.S. Rajasekhara Reddy ACA-VDCA Cricket Stadium, Visakhapatnam",Visakhapatnam,Delhi Capitals,,Delhi Capitals,field,Ashutosh Sharma,Unknown,Unknown,211,203,117,9,19,13,True
1473442,1,Punjab Kings,Gujarat Titans,2025.0,2025-03-25,"Narendra Modi Stadium, Ahmedabad",Ahmedabad,Punjab Kings,,Gujarat Titans,field,SS Iyer,Unknown,Unknown,243,229,120,5,22,16,True
1473442,2,Gujarat Titans,Punjab Kings,2025.0,2025-03-25,"Narendra Modi Stadium, Ahmedabad",Ahmedabad,Punjab Kings,,Gujarat Titans,field,SS Iyer,Unknown,Unknown,232,220,120,5,15,16,True
1473443,1,Rajasthan Royals,Kolkata Knight Riders,2025.0,2025-03-26,"Barsapara Cricket Stadium, Guwahati",Guwahati,Kolkata Knight Riders,,Kolkata Knight Riders,field,Q de Kock,Unknown,Unknown,151,147,120,9,11,7,True
1473443,2,Kolkata Knight Riders,Rajasthan Royals,2025.0,2025-03-26,"Barsapara Cricket Stadium, Guwahati",Guwahati,Kolkata Knight Riders,,Kolkata Knight Riders,field,Q de Kock,Unknown,Unknown,153,142,105,2,11,7,True
1473444,1,Sunrisers Hyderabad,Lucknow Super Giants,2025.0,2025-03-27,"Rajiv Gandhi International Stadium, Uppal, Hyderabad",Hyderabad,Lucknow Super Giants,,Lucknow Super Giants,field,SN Thakur,Unknown,Unknown,190,183,120,9,10,12,True
1473444,2,Lucknow Super Giants,Sunrisers Hyderabad,2025.0,2025-03-27,"Rajiv Gandhi International Stadium, Uppal, Hyderabad",Hyderabad,Lucknow Super Giants,,Lucknow Super Giants,field,SN Thakur,Unknown,Unknown,193,179,97,5,18,11,True
1473445,1,Royal Challengers Bengaluru,Chennai Super Kings,2025.0,2025-03-28,"MA Chidambaram Stadium, Chepauk, Chennai",Chennai,Royal Challengers Bengaluru,,Chennai Super Kings,field,RM Patidar,Unknown,Unknown,196,185,120,7,15,12,True
1473445,2,Chennai Super Kings,Royal Challengers Bengaluru,2025.0,2025-03-28,"MA Chidambaram Stadium, Chepauk, Chennai",Chennai,Royal Challengers Bengaluru,,Chennai Super Kings,field,RM Patidar,Unknown,Unknown,146,143,120,8,15,4,True
1473446,1,Gujarat Titans,Mumbai Indians,2025.0,2025-03-29,"Narendra Modi Stadium, Ahmedabad",Ahmedabad,Gujarat Titans,,Mumbai Indians,field,M Prasidh Krishna,Unknown,Unknown,196,181,120,8,13,9,True
1473446,2,Mumbai Indians,Gujarat Titans,2025.0,2025-03-29,"Narendra Modi Stadium, Ahmedabad",Ahmedabad,Gujarat Titans,,Mumbai Indians,field,M Prasidh Krishna,Unknown,Unknown,160,151,120,6,12,7,True
1473447,1,Sunrisers Hyderabad,Delhi Capitals,2025.0,2025-03-30,"Dr. Y.S. Rajasekhara Reddy ACA-VDCA Cricket Stadium, Visakhapatnam",Visakhapatnam,Delhi Capitals,,Sunrisers Hyderabad,bat,MA Starc,Unknown,Unknown,163,152,112,10,12,8,True
1473447,2,Delhi Capitals,Sunrisers Hyderabad,2025.0,2025-03-30,"Dr. Y.S. Rajasekhara Reddy ACA-VDCA Cricket Stadium, Visakhapatnam",Visakhapatnam,Delhi Capitals,,Sunrisers Hyderabad,bat,MA Starc,Unknown,Unknown,166,158,96,3,14,8,True
1473448,1,Rajasthan Royals,Chennai Super Kings,2025.0,2025-03-30,"Barsapara Cricket Stadium, Guwahati",Guwahati,Rajasthan Royals,,Chennai Super Kings,field,N Rana,Unknown,Unknown,182,172,120,9,15,9,True
1473448,2,Chennai Super Kings,Rajasthan Royals,2025.0,2025-03-30,"Barsapara Cricket Stadium, Guwahati",Guwahati,Rajasthan Royals,,Chennai Super Kings,field,N Rana,Unknown,Unknown,176,172,120,6,14,8,True
1473449,1,Kolkata Knight Riders,Mumbai Indians,2025.0,2025-03-31,"Wankhede Stadium, Mumbai",Mumbai,Mumbai Indians,,Mumbai Indians,field,Ashwani Kumar,Unknown,Unknown,116,109,98,10,9,6,True
1473449,2,Mumbai Indians,Kolkata Knight Riders,2025.0,2025-03-31,"Wankhede Stadium, Mumbai",Mumbai,Mumbai Indians,,Mumbai Indians,field,Ashwani Kumar,Unknown,Unknown,121,118,77,2,7,9,True
1473450,1,Lucknow Super Giants,Punjab Kings,2025.0,2025-04-01,"Bharat Ratna Shri Atal Bihari Vajpayee Ekana Cricket Stadium, Lucknow",Lucknow,Punjab Kings,,Punjab Kings,field,P Simran Singh,Unknown,Unknown,171,164,120,7,15,8,True
1473450,2,Punjab Kings,Lucknow Super Giants,2025.0,2025-04-01,"Bharat Ratna Shri Atal Bihari Vajpayee Ekana Cricket Stadium, Lucknow",Lucknow,Punjab Kings,,Punjab Kings,field,P Simran Singh,Unknown,Unknown,177,172,98,2,16,11,True
1473451,1,Royal Challengers Bengaluru,Gujarat Titans,2025.0,2025-04-02,"M Chinnaswamy Stadium, Bengaluru",Bengaluru,Gujarat Titans,,Gujarat Titans,field,Mohammed Siraj,Unknown,Unknown,169,162,120,8,15,9,True
1473451,2,Gujarat Titans,Royal Challengers Bengaluru,2025.0,2025-04-02,"M Chinnaswamy Stadium, Bengaluru",Bengaluru,Gujarat Titans,,Gujarat Titans,field,Mohammed Siraj,Unknown,Unknown,170,166,107,2,14,11,True
1473452,1,Kolkata Knight Riders,Sunrisers Hyderabad,2025.0,2025-04-03,"Eden Gardens, Kolkata",Kolkata,Kolkata Knight Riders,,Sunrisers Hyderabad,field,VG Arora,Unknown,Unknown,200,189,120,6,17,11,True
1473452,2,Sunrisers Hyderabad,Kolkata Knight Riders,2025.0,2025-04-03,"Eden Gardens, Kolkata",Kolkata,Kolkata Knight Riders,,Sunrisers Hyderabad,field,VG Arora,Unknown,Unknown,120,112,100,10,9,5,True
1473453,1,Lucknow Super Giants,Mumbai Indians,2025.0,2025-04-04,"Bharat Ratna Shri Atal Bihari Vajpayee Ekana Cricket Stadium, Lucknow",Lucknow,Lucknow Super Giants,,Mumbai Indians,field,DS Rathi,Unknown,Unknown,203,195,120,8,21,8,True
1473453,2,Mumbai Indians,Lucknow Super Giants,2025.0,2025-04-04,"Bharat Ratna Shri Atal Bihari Vajpayee Ekana Cricket Stadium, Lucknow",Lucknow,Lucknow Super Giants,,Mumbai Indians,field,DS Rathi,Unknown,Unknown,191,183,120,5,19,5,True
1473454,1,Delhi Capitals,Chennai Super Kings,2025.0,2025-04-05,"MA Chidambaram Stadium, Chepauk, Chennai",Chennai,Delhi Capitals,,Delhi Capitals,bat,KL Rahul,Unknown,Unknown,183,177,120,6,15,7,True
1473454,2,Chennai Super Kings,Delhi Capitals,2025.0,2025-04-05,"MA Chidambaram Stadium, Chepauk, Chennai",Chennai,Delhi Capitals,,Delhi Capitals,bat,KL Rahul,Unknown,Unknown,158,140,120,5,9,3,True
1473455,1,Rajasthan Royals,Punjab Kings,2025.0,2025-04-05,"Maharaja Yadavindra Singh International Cricket Stadium, Mullanpur",Mohali,Rajasthan Royals,,Punjab Kings,field,JC Archer,Unknown,Unknown,205,193,120,4,17,10,True
1473455,2,Punjab Kings,Rajasthan Royals,2025.0,2025-04-05,"Maharaja Yadavindra Singh International Cricket Stadium, Mullanpur",Mohali,Rajasthan Royals,,Punjab Kings,field,JC Archer,Unknown,Unknown,155,140,120,9,12,4,True
1473456,1,Lucknow Super Giants,Kolkata Knight Riders,2025.0,2025-04-08,"Eden Gardens, Kolkata",Kolkata,Lucknow Super Giants,,Kolkata Knight Riders,field,N Pooran,Unknown,Unknown,238,225,120,3,18,15,True
1473456,2,Kolkata Knight Riders,Lucknow Super Giants,2025.0,2025-04-08,"Eden Gardens, Kolkata",Kolkata,Lucknow Super Giants,,Kolkata Knight Riders,field,N Pooran,Unknown,Unknown,234,212,120,7,27,10,True
1473457,1,Sunrisers Hyderabad,Gujarat Titans,2025.0,2025-04-06,"Rajiv Gandhi International Stadium, Uppal, Hyderabad",Hyderabad,Gujarat Titans,,Gujarat Titans,field,Mohammed Siraj,Unknown,Unknown,152,148,120,8,19,2,True
1473457,2,Gujarat Titans,Sunrisers Hyderabad,2025.0,2025-04-06,"Rajiv Gandhi International Stadium, Uppal, Hyderabad",Hyderabad,Gujarat Titans,,Gujarat Titans,field,Mohammed Siraj,Unknown,Unknown,153,150,100,3,20,3,True
1473458,1,Royal Challengers Bengaluru,Mumbai Indians,2025.0,2025-04-07,"Wankhede Stadium, Mumbai",Mumbai,Royal Challengers Bengaluru,,Mumbai Indians,field,RM Patidar,Unknown,Unknown,221,213,120,5,18,13,True
1473458,2,Mumbai Indians,Royal Challengers Bengaluru,2025.0,2025-04-07,"Wankhede Stadium, Mumbai",Mumbai,Royal Challengers Bengaluru,,Mumbai Indians,field,RM Patidar,Unknown,Unknown,209,202,120,9,21,12,True
1473459,1,Punjab Kings,Chennai Super Kings,2025.0,2025-04-08,"Maharaja Yadavindra Singh International Cricket Stadium, Mullanpur",Mohali,Punjab Kings,,Punjab Kings,bat,Priyansh Arya,Unknown,Unknown,219,212,120,6,11,16,True
1473459,2,Chennai Super Kings,Punjab Kings,2025.0,2025-04-08,"Maharaja Yadavindra Singh International Cricket Stadium, Mullanpur",Mohali,Punjab Kings,,Punjab Kings,bat,Priyansh Arya,Unknown,Unknown,201,186,120,5,16,8,True
1473460,1,Gujarat Titans,Rajasthan Royals,2025.0,2025-04-09,"Narendra Modi Stadium, Ahmedabad",Ahmedabad,Gujarat Titans,,Rajasthan Royals,field,B Sai Sudharsan,Unknown,Unknown,217,199,120,6,20,9,True
1473460,2,Rajasthan Royals,Gujarat Titans,2025.0,2025-04-09,"Narendra Modi Stadium, Ahmedabad",Ahmedabad,Gujarat Titans,,Rajasthan Royals,field,B Sai Sudharsan,Unknown,Unknown,159,150,116,10,11,8,True
1473461,1,Royal Challengers Bengaluru,Delhi Capitals,2025.0,2025-04-10,"M Chinnaswamy Stadium, Bengaluru",Bengaluru,Delhi Capitals,,Delhi Capitals,field,KL Rahul,Unknown,Unknown,163,148,120,7,9,10,True
1473461,2,Delhi Capitals,Royal Challengers Bengaluru,2025.0,2025-04-10,"M Chinnaswamy Stadium, Bengaluru",Bengaluru,Delhi Capitals,,Delhi Capitals,field,KL Rahul,Unknown,Unknown,169,162,107,4,15,7,True
1473462,1,Chennai Super Kings,Kolkata Knight Riders,2025.0,2025-04-11,"MA Chidambaram Stadium, Chepauk, Chennai",Chennai,Kolkata Knight Riders,,Kolkata Knight Riders,field,SP Narine,Unknown,Unknown,103,98,120,9,8,1,True
1473462,2,Kolkata Knight Riders,Chennai Super Kings,2025.0,2025-04-11,"MA Chidambaram Stadium, Chepauk, Chennai",Chennai,Kolkata Knight Riders,,Kolkata Knight Riders,field,SP Narine,Unknown,Unknown,107,102,61,2,4,10,True
1473463,1,Gujarat Titans,Lucknow Super Giants,2025.0,2025-04-12,"Bharat Ratna Shri Atal Bihari Vajpayee Ekana Cricket Stadium, Lucknow",Lucknow,Lucknow Super Giants,,Lucknow Super Giants,field,AK Markram,Unknown,Unknown,180,171,120,6,18,3,True
1473463,2,Lucknow Super Giants,Gujarat Titans,2025.0,2025-04-12,"Bharat Ratna Shri Atal Bihari Vajpayee Ekana Cricket Stadium, Lucknow",Lucknow,Lucknow Super Giants,,Lucknow Super Giants,field,AK Markram,Unknown,Unknown,186,177,117,4,16,9,True
1473464,1,Punjab Kings,Sunrisers Hyderabad,2025.0,2025-04-12,"Rajiv Gandhi International Stadium, Uppal, Hyderabad",Hyderabad,Sunrisers Hyderabad,,Punjab Kings,bat,Abhishek Sharma,Unknown,Unknown,245,231,120,6,18,16,True
1473464,2,Sunrisers Hyderabad,Punjab Kings,2025.0,2025-04-12,"Rajiv Gandhi International Stadium, Uppal, Hyderabad",Hyderabad,Sunrisers Hyderabad,,Punjab Kings,bat,Abhishek Sharma,Unknown,Unknown,247,237,111,2,26,14,True
1473465,1,Rajasthan Royals,Royal Challengers Bengaluru,2025.0,2025-04-13,"Sawai Mansingh Stadium, Jaipur",Jaipur,Royal Challengers Bengaluru,,Royal Challengers Bengaluru,field,PD Salt,Unknown,Unknown,173,168,120,4,18,5,True
1473465,2,Royal Challengers Bengaluru,Rajasthan Royals,2025.0,2025-04-13,"Sawai Mansingh Stadium, Jaipur",Jaipur,Royal Challengers Bengaluru,,Royal Challengers Bengaluru,field,PD Salt,Unknown,Unknown,175,167,105,1,14,9,True
1473466,1,Mumbai Indians,Delhi Capitals,2025.0,2025-04-13,"Arun Jaitley Stadium, Delhi",Delhi,Mumbai Indians,,Delhi Capitals,field,KV Sharma,Unknown,Unknown,205,199,120,5,22,10,True
1473466,2,Delhi Capitals,Mumbai Indians,2025.0,2025-04-13,"Arun Jaitley Stadium, Delhi",Delhi,Mumbai Indians,,Delhi Capitals,field,KV Sharma,Unknown,Unknown,193,180,114,10,21,7,True
1473467,1,Lucknow Super Giants,Chennai Super Kings,2025.0,2025-04-14,"Bharat Ratna Shri Atal Bihari Vajpayee Ekana Cricket Stadium, Lucknow",Lucknow,Chennai Super Kings,,Chennai Super Kings,field,MS Dhoni,Unknown,Unknown,166,155,120,7,11,10,True
1473467,2,Chennai Super Kings,Lucknow Super Giants,2025.0,2025-04-14,"Bharat Ratna Shri Atal Bihari Vajpayee Ekana Cricket Stadium, Lucknow",Lucknow,Chennai Super Kings,,Chennai Super Kings,field,MS Dhoni,Unknown,Unknown,168,158,117,5,20,3,True
1473468,1,Punjab Kings,Kolkata Knight Riders,2025.0,2025-04-15,"Maharaja Yadavindra Singh International Cricket Stadium, Mullanpur",Mohali,Punjab Kings,,Punjab Kings,bat,YS Chahal,Unknown,Unknown,111,106,93,10,10,5,True
1473468,2,Kolkata Knight Riders,Punjab Kings,2025.0,2025-04-15,"Maharaja Yadavindra Singh International Cricket Stadium, Mullanpur",Mohali,Punjab Kings,,Punjab Kings,bat,YS Chahal,Unknown,Unknown,95,90,91,10,8,4,True
1473469,1,Delhi Capitals,Rajasthan Royals,2025.0,2025-04-16,"Arun Jaitley Stadium, Delhi",Delhi,Unknown,tie,Rajasthan Royals,field,MA Starc,Unknown,Unknown,188,179,120,5,17,7,True
1473469,2,Rajasthan Royals,Delhi Capitals,2025.0,2025-04-16,"Arun Jaitley Stadium, Delhi",Delhi,Unknown,tie,Rajasthan Royals,field,MA Starc,Unknown,Unknown,188,182,120,4,13,11,True
1473470,1,Sunrisers Hyderabad,Mumbai Indians,2025.0,2025-04-17,"Wankhede Stadium, Mumbai",Mumbai,Mumbai Indians,,Mumbai Indians,field,WG Jacks,Unknown,Unknown,162,152,120,5,14,5,True
1473470,2,Mumbai Indians,Sunrisers Hyderabad,2025.0,2025-04-17,"Wankhede Stadium, Mumbai",Mumbai,Mumbai Indians,,Mumbai Indians,field,WG Jacks,Unknown,Unknown,166,161,109,6,15,8,True
1473471,1,Royal Challengers Bengaluru,Punjab Kings,2025.0,2025-04-18,"M Chinnaswamy Stadium, Bengaluru",Bengaluru,Punjab Kings,,Punjab Kings,field,TH David,Unknown,Unknown,95,94,84,9,9,4,True
1473471,2,Punjab Kings,Royal Challengers Bengaluru,2025.0,2025-04-18,"M Chinnaswamy Stadium, Bengaluru",Bengaluru,Punjab Kings,,Punjab Kings,field,TH David,Unknown,Unknown,98,91,73,5,8,5,True
1473472,1,Delhi Capitals,Gujarat Titans,2025.0,2025-04-19,"Narendra Modi Stadium, Ahmedabad",Ahmedabad,Gujarat Titans,,Gujarat Titans,field,JC Buttler,Unknown,Unknown,203,191,120,8,15,10,True
1473472,2,Gujarat Titans,Delhi Capitals,2025.0,2025-04-19,"Narendra Modi Stadium, Ahmedabad",Ahmedabad,Gujarat Titans,,Gujarat Titans,field,JC Buttler,Unknown,Unknown,204,194,116,3,19,9,True
1473473,1,Lucknow Super Giants,Rajasthan Royals,2025.0,2025-04-19,"Sawai Mansingh Stadium, Jaipur",Jaipur,Lucknow Super Giants,,Lucknow Super Giants,bat,Avesh Khan,Unknown,Unknown,180,171,120,5,12,8,True
1473473,2,Rajasthan Royals,Lucknow Super Giants,2025.0,2025-04-19,"Sawai Mansingh Stadium, Jaipur",Jaipur,Lucknow Super Giants,,Lucknow Super Giants,bat,Avesh Khan,Unknown,Unknown,178,176,120,5,12,10,True
1473474,1,Punjab Kings,Royal Challengers Bengaluru,2025.0,2025-04-20,"Maharaja Yadavindra Singh International Cricket Stadium, Mullanpur",Mohali,Royal Challengers Bengaluru,,Royal Challengers Bengaluru,field,V Kohli,Unknown,Unknown,157,152,120,6,12,5,True
1473474,2,Royal Challengers Bengaluru,Punjab Kings,2025.0,2025-04-20,"Maharaja Yadavindra Singh International Cricket Stadium, Mullanpur",Mohali,Royal Challengers Bengaluru,,Royal Challengers Bengaluru,field,V Kohli,Unknown,Unknown,159,158,113,3,14,6,True
1473475,1,Chennai Super Kings,Mumbai Indians,2025.0,2025-04-20,"Wankhede Stadium, Mumbai",Mumbai,Mumbai Indians,,Mumbai Indians,field,RG Sharma,Unknown,Unknown,176,167,120,5,12,8,True
1473475,2,Mumbai Indians,Chennai Super Kings,2025.0,2025-04-20,"Wankhede Stadium, Mumbai",Mumbai,Mumbai Indians,,Mumbai Indians,field,RG Sharma,Unknown,Unknown,177,168,94,1,13,12,True
1473476,1,Gujarat Titans,Kolkata Knight Riders,2025.0,2025-04-21,"Eden Gardens, Kolkata",Kolkata,Gujarat Titans,,Kolkata Knight Riders,field,Shubman Gill,Unknown,Unknown,198,194,120,3,24,5,True
1473476,2,Kolkata Knight Riders,Gujarat Titans,2025.0,2025-04-21,"Eden Gardens, Kolkata",Kolkata,Gujarat Titans,,Kolkata Knight Riders,field,Shubman Gill,Unknown,Unknown,159,149,120,8,14,5,True
1473477,1,Lucknow Super Giants,Delhi Capitals,2025.0,2025-04-22,"Bharat Ratna Shri Atal Bihari Vajpayee Ekana Cricket Stadium, Lucknow",Lucknow,Delhi Capitals,,Delhi Capitals,field,Mukesh Kumar,Unknown,Unknown,159,158,120,6,14,4,True
1473477,2,Delhi Capitals,Lucknow Super Giants,2025.0,2025-04-22,"Bharat Ratna Shri Atal Bihari Vajpayee Ekana Cricket Stadium, Lucknow",Lucknow,Delhi Capitals,,Delhi Capitals,field,Mukesh Kumar,Unknown,Unknown,161,157,107,2,11,9,True
1473478,1,Sunrisers Hyderabad,Mumbai Indians,2025.0,2025-04-23,"Rajiv Gandhi International Stadium, Uppal, Hyderabad",Hyderabad,Mumbai Indians,,Mumbai Indians,field,TA Boult,Unknown,Unknown,143,139,120,8,12,6,True
1473478,2,Mumbai Indians,Sunrisers Hyderabad,2025.0,2025-04-23,"Rajiv Gandhi International Stadium, Uppal, Hyderabad",Hyderabad,Mumbai Indians,,Mumbai Indians,field,TA Boult,Unknown,Unknown,146,145,94,3,17,6,True
1473479,1,Royal Challengers Bengaluru,Rajasthan Royals,2025.0,2025-04-24,"M Chinnaswamy Stadium, Bengaluru",Bengaluru,Royal Challengers Bengaluru,,Rajasthan Royals,field,JR Hazlewood,Unknown,Unknown,205,190,120,5,22,6,True
1473479,2,Rajasthan Royals,Royal Challengers Bengaluru,2025.0,2025-04-24,"M Chinnaswamy Stadium, Bengaluru",Bengaluru,Royal Challengers Bengaluru,,Rajasthan Royals,field,JR Hazlewood,Unknown,Unknown,194,189,120,9,17,12,True
1473480,1,Chennai Super Kings,Sunrisers Hyderabad,2025.0,2025-04-25,"MA Chidambaram Stadium, Chepauk, Chennai",Chennai,Sunrisers Hyderabad,,Sunrisers Hyderabad,field,HV Patel,Unknown,Unknown,154,147,119,10,13,6,True
1473480,2,Sunrisers Hyderabad,Chennai Super Kings,2025.0,2025-04-25,"MA Chidambaram Stadium, Chepauk, Chennai",Chennai,Sunrisers Hyderabad,,Sunrisers Hyderabad,field,HV Patel,Unknown,Unknown,155,140,112,5,15,3,True
1473481,1,Punjab Kings,Kolkata Knight Riders,2025.0,2025-04-26,"Eden Gardens, Kolkata",Kolkata,Unknown,no result,Punjab Kings,bat,Unknown,Unknown,Unknown,201,198,120,4,18,11,False
1473481,2,Kolkata Knight Riders,Punjab Kings,2025.0,2025-04-26,"Eden Gardens, Kolkata",Kolkata,Unknown,no result,Punjab Kings,bat,Unknown,Unknown,Unknown,7,5,6,0,1,0,False
1473482,1,Mumbai Indians,Lucknow Super Giants,2025.0,2025-04-27,"Wankhede Stadium, Mumbai",Mumbai,Mumbai Indians,,Lucknow Super Giants,field,WG Jacks,Unknown,Unknown,215,210,120,7,18,14,True
1473482,2,Lucknow Super Giants,Mumbai Indians,2025.0,2025-04-27,"Wankhede Stadium, Mumbai",Mumbai,Mumbai Indians,,Lucknow Super Giants,field,WG Jacks,Unknown,Unknown,161,153,120,10,12,9,True
1473483,1,Delhi Capitals,Royal Challengers Bengaluru,2025.0,2025-04-27,"Arun Jaitley Stadium, Delhi",Delhi,Royal Challengers Bengaluru,,Royal Challengers Bengaluru,field,KH Pandya,Unknown,Unknown,162,158,120,8,15,5,True
1473483,2,Royal Challengers Bengaluru,Delhi Capitals,2025.0,2025-04-27,"Arun Jaitley Stadium, Delhi",Delhi,Royal Challengers Bengaluru,,Royal Challengers Bengaluru,field,KH Pandya,Unknown,Unknown,165,161,111,4,14,6,True
1473484,1,Gujarat Titans,Rajasthan Royals,2025.0,2025-04-28,"Sawai Mansingh Stadium, Jaipur",Jaipur,Rajasthan Royals,,Rajasthan Royals,field,V Suryavanshi,Unknown,Unknown,209,200,120,4,13,11,True
1473484,2,Rajasthan Royals,Gujarat Titans,2025.0,2025-04-28,"Sawai Mansingh Stadium, Jaipur",Jaipur,Rajasthan Royals,,Rajasthan Royals,field,V Suryavanshi,Unknown,Unknown,212,207,95,2,19,15,True
1473485,1,Kolkata Knight Riders,Delhi Capitals,2025.0,2025-04-29,"Arun Jaitley Stadium, Delhi",Delhi,Kolkata Knight Riders,,Delhi Capitals,field,SP Narine,Unknown,Unknown,204,189,120,9,21,8,True
1473485,2,Delhi Capitals,Kolkata Knight Riders,2025.0,2025-04-29,"Arun Jaitley Stadium, Delhi",Delhi,Kolkata Knight Riders,,Delhi Capitals,field,SP Narine,Unknown,Unknown,190,180,120,9,20,8,True
1473486,1,Chennai Super Kings,Punjab Kings,2025.0,2025-04-30,"MA Chidambaram Stadium, Chepauk, Chennai",Chennai,Punjab Kings,,Punjab Kings,field,SS Iyer,Unknown,Unknown,190,174,116,10,19,7,True
1473486,2,Punjab Kings,Chennai Super Kings,2025.0,2025-04-30,"MA Chidambaram Stadium, Chepauk, Chennai",Chennai,Punjab Kings,,Punjab Kings,field,SS Iyer,Unknown,Unknown,194,188,118,6,19,9,True
1473487,1,Mumbai Indians,Rajasthan Royals,2025.0,2025-05-01,"Sawai Mansingh Stadium, Jaipur",Jaipur,Mumbai Indians,,Rajasthan Royals,field,RD Rickelton,Unknown,Unknown,217,210,120,2,26,7,True
1473487,2,Rajasthan Royals,Mumbai Indians,2025.0,2025-05-01,"Sawai Mansingh Stadium, Jaipur",Jaipur,Mumbai Indians,,Rajasthan Royals,field,RD Rickelton,Unknown,Unknown,117,102,97,10,9,6,True
1473488,1,Gujarat Titans,Sunrisers Hyderabad,2025.0,2025-05-02,"Narendra Modi Stadium, Ahmedabad",Ahmedabad,Gujarat Titans,,Sunrisers Hyderabad,field,M Prasidh Krishna,Unknown,Unknown,224,221,120,6,22,9,True
1473488,2,Sunrisers Hyderabad,Gujarat Titans,2025.0,2025-05-02,"Narendra Modi Stadium, Ahmedabad",Ahmedabad,Gujarat Titans,,Sunrisers Hyderabad,field,M Prasidh Krishna,Unknown,Unknown,186,173,120,6,11,10,True
1473489,1,Royal Challengers Bengaluru,Chennai Super Kings,2025.0,2025-05-03,"M Chinnaswamy Stadium, Bengaluru",Bengaluru,Royal Challengers Bengaluru,,Chennai Super Kings,field,R Shepherd,Unknown,Unknown,213,207,120,5,20,14,True
1473489,2,Chennai Super Kings,Royal Challengers Bengaluru,2025.0,2025-05-03,"M Chinnaswamy Stadium, Bengaluru",Bengaluru,Royal Challengers Bengaluru,,Chennai Super Kings,field,R Shepherd,Unknown,Unknown,211,210,120,5,19,10,True
1473490,1,Kolkata Knight Riders,Rajasthan Royals,2025.0,2025-05-04,"Eden Gardens, Kolkata",Kolkata,Kolkata Knight Riders,,Kolkata Knight Riders,bat,AD Russell,Unknown,Unknown,206,196,120,4,16,12,True
1473490,2,Rajasthan Royals,Kolkata Knight Riders,2025.0,2025-05-04,"Eden Gardens, Kolkata",Kolkata,Kolkata Knight Riders,,Kolkata Knight Riders,bat,AD Russell,Unknown,Unknown,205,199,120,8,15,12,True
1473491,1,Punjab Kings,Lucknow Super Giants,2025.0,2025-05-04,"Himachal Pradesh Cricket Association Stadium, Dharamsala",Dharamsala,Punjab Kings,,Lucknow Super Giants,field,P Simran Singh,Unknown,Unknown,236,231,120,5,18,16,True
1473491,2,Lucknow Super Giants,Punjab Kings,2025.0,2025-05-04,"Himachal Pradesh Cricket Association Stadium, Dharamsala",Dharamsala,Punjab Kings,,Lucknow Super Giants,field,P Simran Singh,Unknown,Unknown,199,187,120,7,14,13,True
1473492,1,Delhi Capitals,Sunrisers Hyderabad,2025.0,2025-05-05,"Rajiv Gandhi International Stadium, Uppal, Hyderabad",Hyderabad,Unknown,no result,Sunrisers Hyderabad,field,Unknown,Unknown,Unknown,133,128,120,7,10,4,False
1473493,1,Mumbai Indians,Gujarat Titans,2025.0,2025-05-06,"Wankhede Stadium, Mumbai",Mumbai,Gujarat Titans,,Gujarat Titans,field,Shubman Gill,Unknown,Unknown,155,148,120,8,14,5,True
1473493,2,Gujarat Titans,Mumbai Indians,2025.0,2025-05-06,"Wankhede Stadium, Mumbai",Mumbai,Gujarat Titans,,Gujarat Titans,field,Shubman Gill,Unknown,Unknown,147,138,114,7,12,5,True
1473494,1,Kolkata Knight Riders,Chennai Super Kings,2025.0,2025-05-07,"Eden Gardens, Kolkata",Kolkata,Chennai Super Kings,,Kolkata Knight Riders,bat,Noor Ahmad,Unknown,Unknown,179,173,120,6,16,8,True
1473494,2,Chennai Super Kings,Kolkata Knight Riders,2025.0,2025-05-07,"Eden Gardens, Kolkata",Kolkata,Chennai Super Kings,,Kolkata Knight Riders,bat,Noor Ahmad,Unknown,Unknown,183,178,118,8,11,13,True
1473495,1,Punjab Kings,Delhi Capitals,2025.0,2025-05-08,"Himachal Pradesh Cricket Association Stadium, Dharamsala",Dharamsala,Unknown,no result,Punjab Kings,bat,Unknown,Unknown,Unknown,122,120,61,1,12,6,False
1473497,1,Punjab Kings,Rajasthan Royals,2025.0,2025-05-18,"Sawai Mansingh Stadium, Jaipur",Jaipur,Punjab Kings,,Punjab Kings,bat,Harpreet Brar,Unknown,Unknown,219,210,120,5,22,10,True
1473497,2,Rajasthan Royals,Punjab Kings,2025.0,2025-05-18,"Sawai Mansingh Stadium, Jaipur",Jaipur,Punjab Kings,,Punjab Kings,bat,Harpreet Brar,Unknown,Unknown,209,202,120,7,20,11,True
1473498,1,Delhi Capitals,Gujarat Titans,2025.0,2025-05-18,"Arun Jaitley Stadium, Delhi",Delhi,Gujarat Titans,,Gujarat Titans,field,B Sai Sudharsan,Unknown,Unknown,199,193,120,3,17,10,True
1473498,2,Gujarat Titans,Delhi Capitals,2025.0,2025-05-18,"Arun Jaitley Stadium, Delhi",Delhi,Gujarat Titans,,Gujarat Titans,field,B Sai Sudharsan,Unknown,Unknown,205,201,114,0,15,11,True
1473499,1,Lucknow Super Giants,Sunrisers Hyderabad,2025.0,2025-05-19,"Bharat Ratna Shri Atal Bihari Vajpayee Ekana Cricket Stadium, Lucknow",Lucknow,Sunrisers Hyderabad,,Sunrisers Hyderabad,field,Abhishek Sharma,Unknown,Unknown,205,194,120,7,18,10,True
1473499,2,Sunrisers Hyderabad,Lucknow Super Giants,2025.0,2025-05-19,"Bharat Ratna Shri Atal Bihari Vajpayee Ekana Cricket Stadium, Lucknow",Lucknow,Sunrisers Hyderabad,,Sunrisers Hyderabad,field,Abhishek Sharma,Unknown,Unknown,206,196,110,4,19,9,True
1473500,1,Chennai Super Kings,Rajasthan Royals,2025.0,2025-05-20,"Arun Jaitley Stadium, Delhi",Delhi,Rajasthan Royals,,Rajasthan Royals,field,Akash Madhwal,Unknown,Unknown,187,171,120,8,16,8,True
1473500,2,Rajasthan Royals,Chennai Super Kings,2025.0,2025-05-20,"Arun Jaitley Stadium, Delhi",Delhi,Rajasthan Royals,,Rajasthan Royals,field,Akash Madhwal,Unknown,Unknown,188,180,103,4,15,12,True
1473501,1,Mumbai Indians,Delhi Capitals,2025.0,2025-05-21,"Wankhede Stadium, Mumbai",Mumbai,Mumbai Indians,,Delhi Capitals,field,SA Yadav,Unknown,Unknown,180,178,120,5,14,10,True
1473501,2,Delhi Capitals,Mumbai Indians,2025.0,2025-05-21,"Wankhede Stadium, Mumbai",Mumbai,Mumbai Indians,,Delhi Capitals,field,SA Yadav,Unknown,Unknown,121,120,110,10,13,3,True
1473502,1,Lucknow Super Giants,Gujarat Titans,2025.0,2025-05-22,"Narendra Modi Stadium, Ahmedabad",Ahmedabad,Lucknow Super Giants,,Gujarat Titans,field,MR Marsh,Unknown,Unknown,235,225,120,2,17,17,True
1473502,2,Gujarat Titans,Lucknow Super Giants,2025.0,2025-05-22,"Narendra Modi Stadium, Ahmedabad",Ahmedabad,Lucknow Super Giants,,Gujarat Titans,field,MR Marsh,Unknown,Unknown,202,194,120,9,20,8,True
1473503,1,Sunrisers Hyderabad,Royal Challengers Bengaluru,2025.0,2025-05-23,"Bharat Ratna Shri Atal Bihari Vajpayee Ekana Cricket Stadium, Lucknow",Lucknow,Sunrisers Hyderabad,,Royal Challengers Bengaluru,field,Ishan Kishan,Unknown,Unknown,231,224,120,6,16,15,True
1473503,2,Royal Challengers Bengaluru,Sunrisers Hyderabad,2025.0,2025-05-23,"Bharat Ratna Shri Atal Bihari Vajpayee Ekana Cricket Stadium, Lucknow",Lucknow,Sunrisers Hyderabad,,Royal Challengers Bengaluru,field,Ishan Kishan,Unknown,Unknown,189,173,119,10,16,8,True
1473504,1,Chennai Super Kings,Gujarat Titans,2025.0,2025-05-25,"Narendra Modi Stadium, Ahmedabad",Ahmedabad,Chennai Super Kings,,Chennai Super Kings,bat,D Brevis,Unknown,Unknown,230,218,120,5,18,15,True
1473504,2,Gujarat Titans,Chennai Super Kings,2025.0,2025-05-25,"Narendra Modi Stadium, Ahmedabad",Ahmedabad,Chennai Super Kings,,Chennai Super Kings,bat,D Brevis,Unknown,Unknown,147,135,111,10,10,7,True
1473505,1,Sunrisers Hyderabad,Kolkata Knight Riders,2025.0,2025-05-25,"Arun Jaitley Stadium, Delhi",Delhi,Sunrisers Hyderabad,,Sunrisers Hyderabad,bat,H Klaasen,Unknown,Unknown,278,254,120,3,22,19,True
1473505,2,Kolkata Knight Riders,Sunrisers Hyderabad,2025.0,2025-05-25,"Arun Jaitley Stadium, Delhi",Delhi,Sunrisers Hyderabad,,Sunrisers Hyderabad,bat,H Klaasen,Unknown,Unknown,168,162,112,10,11,12,True
1473506,1,Mumbai Indians,Punjab Kings,2025.0,2025-05-26,"Sawai Mansingh Stadium, Jaipur",Jaipur,Punjab Kings,,Punjab Kings,field,JP Inglis,Unknown,Unknown,184,173,120,7,17,8,True
1473506,2,Punjab Kings,Mumbai Indians,2025.0,2025-05-26,"Sawai Mansingh Stadium, Jaipur",Jaipur,Punjab Kings,,Punjab Kings,field,JP Inglis,Unknown,Unknown,187,176,111,3,20,8,True
1473507,1,Lucknow Super Giants,Royal Challengers Bengaluru,2025.0,2025-05-27,"Bharat Ratna Shri Atal Bihari Vajpayee Ekana Cricket Stadium, Lucknow",Lucknow,Royal Challengers Bengaluru,,Royal Challengers Bengaluru,field,JM Sharma,Unknown,Unknown,227,213,120,3,17,14,True
1473507,2,Royal Challengers Bengaluru,Lucknow Super Giants,2025.0,2025-05-27,"Bharat Ratna Shri Atal Bihari Vajpayee Ekana Cricket Stadium, Lucknow",Lucknow,Royal Challengers Bengaluru,,Royal Challengers Bengaluru,field,JM Sharma,Unknown,Unknown,230,224,112,4,30,7,True
1473508,1,Punjab Kings,Royal Challengers Bengaluru,2025.0,2025-05-29,"Maharaja Yadavindra Singh International Cricket Stadium, Mullanpur",New Chandigarh,Royal Challengers Bengaluru,,Royal Challengers Bengaluru,field,Suyash Sharma,Qualifier 1,Unknown,101,90,85,10,7,4,True
1473508,2,Royal Challengers Bengaluru,Punjab Kings,2025.0,2025-05-29,"Maharaja Yadavindra Singh International Cricket Stadium, Mullanpur",New Chandigarh,Royal Challengers Bengaluru,,Royal Challengers Bengaluru,field,Suyash Sharma,Qualifier 1,Unknown,106,102,60,2,11,5,True
1473509,1,Mumbai Indians,Gujarat Titans,2025.0,2025-05-30,"Maharaja Yadavindra Singh International Cricket Stadium, New Chandigarh",New Chandigarh,Mumbai Indians,,Mumbai Indians,bat,RG Sharma,Eliminator,Unknown,228,217,120,5,14,17,True
1473509,2,Gujarat Titans,Mumbai Indians,2025.0,2025-05-30,"Maharaja Yadavindra Singh International Cricket Stadium, New Chandigarh",New Chandigarh,Mumbai Indians,,Mumbai Indians,bat,RG Sharma,Eliminator,Unknown,208,202,120,6,21,8,True
1473510,1,Mumbai Indians,Punjab Kings,2025.0,2025-06-01,"Narendra Modi Stadium, Ahmedabad",Ahmedabad,Punjab Kings,,Punjab Kings,field,SS Iyer,Qualifier 2,Unknown,203,194,120,6,18,8,True
1473510,2,Punjab Kings,Mumbai Indians,2025.0,2025-06-01,"Narendra Modi Stadium, Ahmedabad",Ahmedabad,Punjab Kings,,Punjab Kings,field,SS Iyer,Qualifier 2,Unknown,207,203,114,5,17,13,True
1473511,1,Royal Challengers Bengaluru,Punjab Kings,2025.0,2025-06-03,"Narendra Modi Stadium, Ahmedabad",Ahmedabad,Royal Challengers Bengaluru,,Punjab Kings,field,KH Pandya,Final,Unknown,190,181,120,9,11,9,True
1473511,2,Punjab Kings,Royal Challengers Bengaluru,2025.0,2025-06-03,"Narendra Modi Stadium, Ahmedabad",Ahmedabad,Royal Challengers Bengaluru,,Punjab Kings,field,KH Pandya,Final,Unknown,184,173,120,7,8,14,True
1485779,1,Punjab Kings,Delhi Capitals,2025.0,2025-05-24,"Sawai Mansingh Stadium, Jaipur",Jaipur,Delhi Capitals,,Delhi Capitals,field,Sameer Rizvi,Unknown,Unknown,206,198,120,8,17,10,True
1485779,2,Delhi Capitals,Punjab Kings,2025.0,2025-05-24,"Sawai Mansingh Stadium, Jaipur",Jaipur,Delhi Capitals,,Delhi Capitals,field,Sameer Rizvi,Unknown,Unknown,208,200,117,4,18,11,True
1527674,1,Sunrisers Hyderabad,Royal Challengers Bengaluru,2026.0,2026-03-28,"M Chinnaswamy Stadium, Bengaluru",Bengaluru,Royal Challengers Bengaluru,,Royal Challengers Bengaluru,field,JA Duffy,Unknown,Unknown,201,195,120,9,15,12,True
1527674,2,Royal Challengers Bengaluru,Sunrisers Hyderabad,2026.0,2026-03-28,"M Chinnaswamy Stadium, Bengaluru",Bengaluru,Royal Challengers Bengaluru,,Royal Challengers Bengaluru,field,JA Duffy,Unknown,Unknown,203,185,94,4,17,13,True
1527675,1,Kolkata Knight Riders,Mumbai Indians,2026.0,2026-03-29,"Wankhede Stadium, Mumbai",Mumbai,Mumbai Indians,,Mumbai Indians,field,SN Thakur,Unknown,Unknown,220,210,120,4,20,10,True
1527675,2,Mumbai Indians,Kolkata Knight Riders,2026.0,2026-03-29,"Wankhede Stadium, Mumbai",Mumbai,Mumbai Indians,,Mumbai Indians,field,SN Thakur,Unknown,Unknown,224,218,115,4,21,14,True
1527676,1,Chennai Super Kings,Rajasthan Royals,2026.0,2026-03-30,"Barsapara Cricket Stadium, Guwahati",Guwahati,Rajasthan Royals,,Rajasthan Royals,field,N Burger,Unknown,Unknown,127,111,118,10,8,5,True
1527676,2,Rajasthan Royals,Chennai Super Kings,2026.0,2026-03-30,"Barsapara Cricket Stadium, Guwahati",Guwahati,Rajasthan Royals,,Rajasthan Royals,field,N Burger,Unknown,Unknown,128,122,73,2,12,7,True
1527677,1,Gujarat Titans,Punjab Kings,2026.0,2026-03-31,"Maharaja Yadavindra Singh International Cricket Stadium, New Chandigarh",New Chandigarh,Punjab Kings,,Punjab Kings,field,C Connolly,Unknown,Unknown,162,148,120,6,15,3,True
1527677,2,Punjab Kings,Gujarat Titans,2026.0,2026-03-31,"Maharaja Yadavindra Singh International Cricket Stadium, New Chandigarh",New Chandigarh,Punjab Kings,,Punjab Kings,field,C Connolly,Unknown,Unknown,165,161,115,7,6,14,True
1527678,1,Lucknow Super Giants,Delhi Capitals,2026.0,2026-04-01,"Bharat Ratna Shri Atal Bihari Vajpayee Ekana Cricket Stadium, Lucknow",Lucknow,Delhi Capitals,,Delhi Capitals,field,Sameer Rizvi,Unknown,Unknown,141,127,112,10,11,5,True
1527678,2,Delhi Capitals,Lucknow Super Giants,2026.0,2026-04-01,"Bharat Ratna Shri Atal Bihari Vajpayee Ekana Cricket Stadium, Lucknow",Lucknow,Delhi Capitals,,Delhi Capitals,field,Sameer Rizvi,Unknown,Unknown,145,125,103,4,10,6,True
1527679,1,Sunrisers Hyderabad,Kolkata Knight Riders,2026.0,2026-04-02,"Eden Gardens, Kolkata",Kolkata,Sunrisers Hyderabad,,Kolkata Knight Riders,field,Nithish Kumar Reddy,Unknown,Unknown,226,213,120,8,24,9,True
1527679,2,Kolkata Knight Riders,Sunrisers Hyderabad,2026.0,2026-04-02,"Eden Gardens, Kolkata",Kolkata,Sunrisers Hyderabad,,Kolkata Knight Riders,field,Nithish Kumar Reddy,Unknown,Unknown,161,153,96,10,16,7,True
1527680,1,Chennai Super Kings,Punjab Kings,2026.0,2026-04-03,"MA Chidambaram Stadium, Chepauk, Chennai",Chennai,Punjab Kings,,Punjab Kings,field,Priyansh Arya,Unknown,Unknown,209,192,120,5,21,7,True
1527680,2,Punjab Kings,Chennai Super Kings,2026.0,2026-04-03,"MA Chidambaram Stadium, Chepauk, Chennai",Chennai,Punjab Kings,,Punjab Kings,field,Priyansh Arya,Unknown,Unknown,210,201,112,5,23,9,True
1527681,1,Mumbai Indians,Delhi Capitals,2026.0,2026-04-04,"Arun Jaitley Stadium, Delhi",Delhi,Delhi Capitals,,Delhi Capitals,field,Sameer Rizvi,Unknown,Unknown,162,157,120,6,17,4,True
1527681,2,Delhi Capitals,Mumbai Indians,2026.0,2026-04-04,"Arun Jaitley Stadium, Delhi",Delhi,Delhi Capitals,,Delhi Capitals,field,Sameer Rizvi,Unknown,Unknown,164,159,109,4,17,8,True
1527682,1,Rajasthan Royals,Gujarat Titans,2026.0,2026-04-04,"Narendra Modi Stadium, Ahmedabad",Ahmedabad,Rajasthan Royals,,Rajasthan Royals,bat,Ravi Bishnoi,Unknown,Unknown,210,196,120,6,18,12,True
1527682,2,Gujarat Titans,Rajasthan Royals,2026.0,2026-04-04,"Narendra Modi Stadium, Ahmedabad",Ahmedabad,Rajasthan Royals,,Rajasthan Royals,bat,Ravi Bishnoi,Unknown,Unknown,204,194,120,8,24,7,True
1527683,1,Sunrisers Hyderabad,Lucknow Super Giants,2026.0,2026-04-05,"Rajiv Gandhi International Stadium, Uppal, Hyderabad",Hyderabad,Lucknow Super Giants,,Lucknow Super Giants,field,Mohammed Shami,Unknown,Unknown,156,151,120,9,11,8,True
1527683,2,Lucknow Super Giants,Sunrisers Hyderabad,2026.0,2026-04-05,"Rajiv Gandhi International Stadium, Uppal, Hyderabad",Hyderabad,Lucknow Super Giants,,Lucknow Super Giants,field,Mohammed Shami,Unknown,Unknown,160,158,119,5,20,2,True
1527684,1,Royal Challengers Bengaluru,Chennai Super Kings,2026.0,2026-04-05,"M Chinnaswamy Stadium, Bengaluru",Bengaluru,Royal Challengers Bengaluru,,Chennai Super Kings,field,TH David,Unknown,Unknown,250,242,120,3,14,19,True
1527684,2,Chennai Super Kings,Royal Challengers Bengaluru,2026.0,2026-04-05,"M Chinnaswamy Stadium, Bengaluru",Bengaluru,Royal Challengers Bengaluru,,Chennai Super Kings,field,TH David,Unknown,Unknown,207,200,118,10,21,11,True
1527685,1,Kolkata Knight Riders,Punjab Kings,2026.0,2026-04-06,"Eden Gardens, Kolkata",Kolkata,Unknown,no result,Kolkata Knight Riders,bat,Unknown,Unknown,Unknown,25,25,22,2,3,0,False
1527686,1,Rajasthan Royals,Mumbai Indians,2026.0,2026-04-07,"Barsapara Cricket Stadium, Guwahati",Guwahati,Rajasthan Royals,,Mumbai Indians,field,YBK Jaiswal,Unknown,Unknown,150,144,66,3,12,11,True
1527686,2,Mumbai Indians,Rajasthan Royals,2026.0,2026-04-07,"Barsapara Cricket Stadium, Guwahati",Guwahati,Rajasthan Royals,,Mumbai Indians,field,YBK Jaiswal,Unknown,Unknown,123,112,66,9,12,5,True
1527687,1,Gujarat Titans,Delhi Capitals,2026.0,2026-04-08,"Arun Jaitley Stadium, Delhi",Delhi,Gujarat Titans,,Delhi Capitals,field,Rashid Khan,Unknown,Unknown,210,204,120,4,16,13,True
1527687,2,Delhi Capitals,Gujarat Titans,2026.0,2026-04-08,"Arun Jaitley Stadium, Delhi",Delhi,Gujarat Titans,,Delhi Capitals,field,Rashid Khan,Unknown,Unknown,209,201,120,8,23,8,True
1527688,1,Kolkata Knight Riders,Lucknow Super Giants,2026.0,2026-04-09,"Eden Gardens, Kolkata",Kolkata,Lucknow Super Giants,,Lucknow Super Giants,field,MD Choudhary,Unknown,Unknown,181,170,120,4,18,7,True
1527688,2,Lucknow Super Giants,Kolkata Knight Riders,2026.0,2026-04-09,"Eden Gardens, Kolkata",Kolkata,Lucknow Super Giants,,Lucknow Super Giants,field,MD Choudhary,Unknown,Unknown,182,172,120,7,13,12,True
1527689,1,Royal Challengers Bengaluru,Rajasthan Royals,2026.0,2026-04-10,"Barsapara Cricket Stadium, Guwahati",Guwahati,Rajasthan Royals,,Rajasthan Royals,field,V Suryavanshi,Unknown,Unknown,201,188,120,8,20,7,True
1527689,2,Rajasthan Royals,Royal Challengers Bengaluru,2026.0,2026-04-10,"Barsapara Cricket Stadium, Guwahati",Guwahati,Rajasthan Royals,,Rajasthan Royals,field,V Suryavanshi,Unknown,Unknown,202,199,108,4,17,12,True
1527690,1,Sunrisers Hyderabad,Punjab Kings,2026.0,2026-04-11,"Maharaja Yadavindra Singh International Cricket Stadium, New Chandigarh",New Chandigarh,Punjab Kings,,Punjab Kings,field,SS Iyer,Unknown,Unknown,219,206,120,6,15,13,True
1527690,2,Punjab Kings,Sunrisers Hyderabad,2026.0,2026-04-11,"Maharaja Yadavindra Singh International Cricket Stadium, New Chandigarh",New Chandigarh,Punjab Kings,,Punjab Kings,field,SS Iyer,Unknown,Unknown,223,218,113,4,16,16,True
1527691,1,Chennai Super Kings,Delhi Capitals,2026.0,2026-04-11,"MA Chidambaram Stadium, Chepauk, Chennai",Chennai,Chennai Super Kings,,Delhi Capitals,field,SV Samson,Unknown,Unknown,212,209,120,2,21,9,True
1527691,2,Delhi Capitals,Chennai Super Kings,2026.0,2026-04-11,"MA Chidambaram Stadium, Chepauk, Chennai",Chennai,Chennai Super Kings,,Delhi Capitals,field,SV Samson,Unknown,Unknown,189,174,120,10,15,9,True
1527692,1,Lucknow Super Giants,Gujarat Titans,2026.0,2026-04-12,"Bharat Ratna Shri Atal Bihari Vajpayee Ekana Cricket Stadium, Lucknow",Lucknow,Gujarat Titans,,Gujarat Titans,field,M Prasidh Krishna,Unknown,Unknown,164,155,120,8,17,7,True
1527692,2,Gujarat Titans,Lucknow Super Giants,2026.0,2026-04-12,"Bharat Ratna Shri Atal Bihari Vajpayee Ekana Cricket Stadium, Lucknow",Lucknow,Gujarat Titans,,Gujarat Titans,field,M Prasidh Krishna,Unknown,Unknown,165,162,112,3,23,2,True
1527693,1,Royal Challengers Bengaluru,Mumbai Indians,2026.0,2026-04-12,"Wankhede Stadium, Mumbai",Mumbai,Royal Challengers Bengaluru,,Mumbai Indians,field,PD Salt,Unknown,Unknown,240,227,120,4,18,15,True
1527693,2,Mumbai Indians,Royal Challengers Bengaluru,2026.0,2026-04-12,"Wankhede Stadium, Mumbai",Mumbai,Royal Challengers Bengaluru,,Mumbai Indians,field,PD Salt,Unknown,Unknown,222,210,120,5,18,14,True
1529264,1,Sunrisers Hyderabad,Rajasthan Royals,2026.0,2026-04-13,"Rajiv Gandhi International Stadium, Uppal, Hyderabad",Hyderabad,Sunrisers Hyderabad,,Rajasthan Royals,field,PP Hinge,Unknown,Unknown,216,207,120,6,15,15,True
1529264,2,Rajasthan Royals,Sunrisers Hyderabad,2026.0,2026-04-13,"Rajiv Gandhi International Stadium, Uppal, Hyderabad",Hyderabad,Sunrisers Hyderabad,,Rajasthan Royals,field,PP Hinge,Unknown,Unknown,159,149,114,10,14,6,True
1529265,1,Chennai Super Kings,Kolkata Knight Riders,2026.0,2026-04-14,"MA Chidambaram Stadium, Chepauk, Chennai",Chennai,Chennai Super Kings,,Kolkata Knight Riders,field,Noor Ahmad,Unknown,Unknown,192,177,120,5,18,9,True
1529265,2,Kolkata Knight Riders,Chennai Super Kings,2026.0,2026-04-14,"MA Chidambaram Stadium, Chepauk, Chennai",Chennai,Chennai Super Kings,,Kolkata Knight Riders,field,Noor Ahmad,Unknown,Unknown,160,153,120,7,10,8,True
1529266,1,Lucknow Super Giants,Royal Challengers Bengaluru,2026.0,2026-04-15,"M Chinnaswamy Stadium, Bengaluru",Bengaluru,Royal Challengers Bengaluru,,Royal Challengers Bengaluru,field,JR Hazlewood,Unknown,Unknown,146,139,120,10,11,6,True
1529266,2,Royal Challengers Bengaluru,Lucknow Super Giants,2026.0,2026-04-15,"M Chinnaswamy Stadium, Bengaluru",Bengaluru,Royal Challengers Bengaluru,,Royal Challengers Bengaluru,field,JR Hazlewood,Unknown,Unknown,149,144,91,5,13,8,True
1529267,1,Mumbai Indians,Punjab Kings,2026.0,2026-04-16,"Wankhede Stadium, Mumbai",Mumbai,Punjab Kings,,Punjab Kings,field,Arshdeep Singh,Unknown,Unknown,195,187,120,6,13,11,True
1529267,2,Punjab Kings,Mumbai Indians,2026.0,2026-04-16,"Wankhede Stadium, Mumbai",Mumbai,Punjab Kings,,Punjab Kings,field,Arshdeep Singh,Unknown,Unknown,198,188,99,3,21,9,True
1529268,1,Kolkata Knight Riders,Gujarat Titans,2026.0,2026-04-17,"Narendra Modi Stadium, Ahmedabad",Ahmedabad,Gujarat Titans,,Kolkata Knight Riders,bat,Shubman Gill,Unknown,Unknown,180,166,120,10,16,9,True
1529268,2,Gujarat Titans,Kolkata Knight Riders,2026.0,2026-04-17,"Narendra Modi Stadium, Ahmedabad",Ahmedabad,Gujarat Titans,,Kolkata Knight Riders,bat,Shubman Gill,Unknown,Unknown,181,175,118,5,14,8,True
1529269,1,Royal Challengers Bengaluru,Delhi Capitals,2026.0,2026-04-18,"M Chinnaswamy Stadium, Bengaluru",Bengaluru,Delhi Capitals,,Delhi Capitals,field,T Stubbs,Unknown,Unknown,175,164,120,8,12,7,True
1529269,2,Delhi Capitals,Royal Challengers Bengaluru,2026.0,2026-04-18,"M Chinnaswamy Stadium, Bengaluru",Bengaluru,Delhi Capitals,,Delhi Capitals,field,T Stubbs,Unknown,Unknown,179,173,119,4,15,5,True
1529270,1,Sunrisers Hyderabad,Chennai Super Kings,2026.0,2026-04-18,"Rajiv Gandhi International Stadium, Uppal, Hyderabad",Hyderabad,Sunrisers Hyderabad,,Chennai Super Kings,field,E Malinga,Unknown,Unknown,194,181,120,9,18,9,True
1529270,2,Chennai Super Kings,Sunrisers Hyderabad,2026.0,2026-04-18,"Rajiv Gandhi International Stadium, Uppal, Hyderabad",Hyderabad,Sunrisers Hyderabad,,Chennai Super Kings,field,E Malinga,Unknown,Unknown,184,166,120,8,16,4,True
1529271,1,Rajasthan Royals,Kolkata Knight Riders,2026.0,2026-04-19,"Eden Gardens, Kolkata",Kolkata,Kolkata Knight Riders,,Rajasthan Royals,bat,CV Varun,Unknown,Unknown,155,142,120,9,13,5,True
1529271,2,Kolkata Knight Riders,Rajasthan Royals,2026.0,2026-04-19,"Eden Gardens, Kolkata",Kolkata,Kolkata Knight Riders,,Rajasthan Royals,bat,CV Varun,Unknown,Unknown,161,152,118,6,14,6,True
1529272,1,Punjab Kings,Lucknow Super Giants,2026.0,2026-04-19,"Maharaja Yadavindra Singh International Cricket Stadium, New Chandigarh",New Chandigarh,Punjab Kings,,Lucknow Super Giants,field,Priyansh Arya,Unknown,Unknown,254,245,120,7,16,21,True
1529272,2,Lucknow Super Giants,Punjab Kings,2026.0,2026-04-19,"Maharaja Yadavindra Singh International Cricket Stadium, New Chandigarh",New Chandigarh,Punjab Kings,,Lucknow Super Giants,field,Priyansh Arya,Unknown,Unknown,200,191,120,5,14,11,True
1529273,1,Mumbai Indians,Gujarat Titans,2026.0,2026-04-20,"Narendra Modi Stadium, Ahmedabad",Ahmedabad,Mumbai Indians,,Gujarat Titans,field,Tilak Varma,Unknown,Unknown,199,192,120,5,17,10,True
1529273,2,Gujarat Titans,Mumbai Indians,2026.0,2026-04-20,"Narendra Modi Stadium, Ahmedabad",Ahmedabad,Mumbai Indians,,Gujarat Titans,field,Tilak Varma,Unknown,Unknown,100,93,95,10,13,1,True
1529274,1,Sunrisers Hyderabad,Delhi Capitals,2026.0,2026-04-21,"Rajiv Gandhi International Stadium, Uppal, Hyderabad",Hyderabad,Sunrisers Hyderabad,,Delhi Capitals,field,Abhishek Sharma,Unknown,Unknown,242,234,120,2,17,16,True
1529274,2,Delhi Capitals,Sunrisers Hyderabad,2026.0,2026-04-21,"Rajiv Gandhi International Stadium, Uppal, Hyderabad",Hyderabad,Sunrisers Hyderabad,,Delhi Capitals,field,Abhishek Sharma,Unknown,Unknown,195,187,120,9,15,10,True
1529275,1,Rajasthan Royals,Lucknow Super Giants,2026.0,2026-04-22,"Bharat Ratna Shri Atal Bihari Vajpayee Ekana Cricket Stadium, Lucknow",Lucknow,Rajasthan Royals,,Lucknow Super Giants,field,RA Jadeja,Unknown,Unknown,159,154,120,6,17,3,True
1529275,2,Lucknow Super Giants,Rajasthan Royals,2026.0,2026-04-22,"Bharat Ratna Shri Atal Bihari Vajpayee Ekana Cricket Stadium, Lucknow",Lucknow,Rajasthan Royals,,Lucknow Super Giants,field,RA Jadeja,Unknown,Unknown,119,112,108,10,10,5,True
1529276,1,Chennai Super Kings,Mumbai Indians,2026.0,2026-04-23,"Wankhede Stadium, Mumbai",Mumbai,Chennai Super Kings,,Mumbai Indians,field,SV Samson,Unknown,Unknown,207,198,120,6,19,12,True
1529276,2,Mumbai Indians,Chennai Super Kings,2026.0,2026-04-23,"Wankhede Stadium, Mumbai",Mumbai,Chennai Super Kings,,Mumbai Indians,field,SV Samson,Unknown,Unknown,104,97,114,10,10,1,True
1529277,1,Gujarat Titans,Royal Challengers Bengaluru,2026.0,2026-04-24,"M Chinnaswamy Stadium, Bengaluru",Bengaluru,Royal Challengers Bengaluru,,Royal Challengers Bengaluru,field,V Kohli,Unknown,Unknown,205,199,120,3,17,10,True
1529277,2,Royal Challengers Bengaluru,Gujarat Titans,2026.0,2026-04-24,"M Chinnaswamy Stadium, Bengaluru",Bengaluru,Royal Challengers Bengaluru,,Royal Challengers Bengaluru,field,V Kohli,Unknown,Unknown,206,201,113,5,17,14,True
1529278,1,Delhi Capitals,Punjab Kings,2026.0,2026-04-25,"Arun Jaitley Stadium, Delhi",Delhi,Punjab Kings,,Delhi Capitals,bat,KL Rahul,Unknown,Unknown,264,257,120,2,29,13,True
1529278,2,Punjab Kings,Delhi Capitals,2026.0,2026-04-25,"Arun Jaitley Stadium, Delhi",Delhi,Punjab Kings,,Delhi Capitals,bat,KL Rahul,Unknown,Unknown,265,251,113,4,20,20,True
1529279,1,Rajasthan Royals,Sunrisers Hyderabad,2026.0,2026-04-25,"Sawai Mansingh Stadium, Jaipur",Jaipur,Sunrisers Hyderabad,,Sunrisers Hyderabad,field,Ishan Kishan,Unknown,Unknown,228,221,120,6,20,16,True
1529279,2,Sunrisers Hyderabad,Rajasthan Royals,2026.0,2026-04-25,"Sawai Mansingh Stadium, Jaipur",Jaipur,Sunrisers Hyderabad,,Sunrisers Hyderabad,field,Ishan Kishan,Unknown,Unknown,229,211,111,5,27,10,True
1529280,1,Chennai Super Kings,Gujarat Titans,2026.0,2026-04-26,"MA Chidambaram Stadium, Chepauk, Chennai",Chennai,Gujarat Titans,,Gujarat Titans,field,K Rabada,Unknown,Unknown,158,146,120,7,18,6,True
1529280,2,Gujarat Titans,Chennai Super Kings,2026.0,2026-04-26,"MA Chidambaram Stadium, Chepauk, Chennai",Chennai,Gujarat Titans,,Gujarat Titans,field,K Rabada,Unknown,Unknown,162,160,100,2,9,11,True
1529281,1,Kolkata Knight Riders,Lucknow Super Giants,2026.0,2026-04-26,"Bharat Ratna Shri Atal Bihari Vajpayee Ekana Cricket Stadium, Lucknow",Lucknow,Unknown,tie,Lucknow Super Giants,field,RK Singh,Unknown,Unknown,155,147,120,7,8,9,True
1529281,2,Lucknow Super Giants,Kolkata Knight Riders,2026.0,2026-04-26,"Bharat Ratna Shri Atal Bihari Vajpayee Ekana Cricket Stadium, Lucknow",Lucknow,Unknown,tie,Lucknow Super Giants,field,RK Singh,Unknown,Unknown,155,147,120,8,11,7,True
1529282,1,Delhi Capitals,Royal Challengers Bengaluru,2026.0,2026-04-27,"Arun Jaitley Stadium, Delhi",Delhi,Royal Challengers Bengaluru,,Royal Challengers Bengaluru,field,JR Hazlewood,Unknown,Unknown,75,71,99,10,8,1,True
1529282,2,Royal Challengers Bengaluru,Delhi Capitals,2026.0,2026-04-27,"Arun Jaitley Stadium, Delhi",Delhi,Royal Challengers Bengaluru,,Royal Challengers Bengaluru,field,JR Hazlewood,Unknown,Unknown,77,77,39,1,5,7,True
1529283,1,Punjab Kings,Rajasthan Royals,2026.0,2026-04-28,"Maharaja Yadavindra Singh International Cricket Stadium, New Chandigarh",New Chandigarh,Rajasthan Royals,,Rajasthan Royals,field,D Ferreira,Unknown,Unknown,222,213,120,4,18,12,True
1529283,2,Rajasthan Royals,Punjab Kings,2026.0,2026-04-28,"Maharaja Yadavindra Singh International Cricket Stadium, New Chandigarh",New Chandigarh,Rajasthan Royals,,Rajasthan Royals,field,D Ferreira,Unknown,Unknown,228,222,116,4,21,14,True
1529284,1,Mumbai Indians,Sunrisers Hyderabad,2026.0,2026-04-29,"Wankhede Stadium, Mumbai",Mumbai,Sunrisers Hyderabad,,Mumbai Indians,bat,H Klaasen,Unknown,Unknown,243,235,120,5,21,14,True
1529284,2,Sunrisers Hyderabad,Mumbai Indians,2026.0,2026-04-29,"Wankhede Stadium, Mumbai",Mumbai,Sunrisers Hyderabad,,Mumbai Indians,bat,H Klaasen,Unknown,Unknown,249,237,112,4,20,18,True
1529285,1,Royal Challengers Bengaluru,Gujarat Titans,2026.0,2026-04-30,"Narendra Modi Stadium, Ahmedabad",Ahmedabad,Gujarat Titans,,Gujarat Titans,field,JO Holder,Unknown,Unknown,155,150,116,10,17,7,True
1529285,2,Gujarat Titans,Royal Challengers Bengaluru,2026.0,2026-04-30,"Narendra Modi Stadium, Ahmedabad",Ahmedabad,Gujarat Titans,,Gujarat Titans,field,JO Holder,Unknown,Unknown,158,154,95,6,13,9,True
1529286,1,Rajasthan Royals,Delhi Capitals,2026.0,2026-05-01,"Sawai Mansingh Stadium, Jaipur",Jaipur,Delhi Capitals,,Rajasthan Royals,bat,KL Rahul,Unknown,Unknown,225,216,120,6,17,14,True
1529286,2,Delhi Capitals,Rajasthan Royals,2026.0,2026-05-01,"Sawai Mansingh Stadium, Jaipur",Jaipur,Delhi Capitals,,Rajasthan Royals,bat,KL Rahul,Unknown,Unknown,226,213,115,3,20,11,True
1529287,1,Mumbai Indians,Chennai Super Kings,2026.0,2026-05-02,"MA Chidambaram Stadium, Chepauk, Chennai",Chennai,Chennai Super Kings,,Mumbai Indians,bat,RD Gaikwad,Unknown,Unknown,159,154,120,7,10,10,True
1529287,2,Chennai Super Kings,Mumbai Indians,2026.0,2026-05-02,"MA Chidambaram Stadium, Chepauk, Chennai",Chennai,Chennai Super Kings,,Mumbai Indians,bat,RD Gaikwad,Unknown,Unknown,160,156,109,2,13,7,True
1529288,1,Sunrisers Hyderabad,Kolkata Knight Riders,2026.0,2026-05-03,"Rajiv Gandhi International Stadium, Uppal, Hyderabad",Hyderabad,Kolkata Knight Riders,,Sunrisers Hyderabad,bat,CV Varun,Unknown,Unknown,165,160,114,10,18,8,True
1529288,2,Kolkata Knight Riders,Sunrisers Hyderabad,2026.0,2026-05-03,"Rajiv Gandhi International Stadium, Uppal, Hyderabad",Hyderabad,Kolkata Knight Riders,,Sunrisers Hyderabad,bat,CV Varun,Unknown,Unknown,169,156,110,3,14,6,True
1529289,1,Punjab Kings,Gujarat Titans,2026.0,2026-05-03,"Narendra Modi Stadium, Ahmedabad",Ahmedabad,Gujarat Titans,,Gujarat Titans,field,JO Holder,Unknown,Unknown,163,155,120,9,14,7,True
1529289,2,Gujarat Titans,Punjab Kings,2026.0,2026-05-03,"Narendra Modi Stadium, Ahmedabad",Ahmedabad,Gujarat Titans,,Gujarat Titans,field,JO Holder,Unknown,Unknown,167,158,119,6,13,5,True
1529290,1,Lucknow Super Giants,Mumbai Indians,2026.0,2026-05-04,"Wankhede Stadium, Mumbai",Mumbai,Mumbai Indians,,Mumbai Indians,field,RD Rickelton,Unknown,Unknown,228,217,120,5,12,16,True
1529290,2,Mumbai Indians,Lucknow Super Giants,2026.0,2026-05-04,"Wankhede Stadium, Mumbai",Mumbai,Mumbai Indians,,Mumbai Indians,field,RD Rickelton,Unknown,Unknown,229,223,112,4,17,17,True
1529291,1,Delhi Capitals,Chennai Super Kings,2026.0,2026-05-05,"Arun Jaitley Stadium, Delhi",Delhi,Chennai Super Kings,,Delhi Capitals,bat,SV Samson,Unknown,Unknown,155,153,120,7,10,9,True
1529291,2,Chennai Super Kings,Delhi Capitals,2026.0,2026-05-05,"Arun Jaitley Stadium, Delhi",Delhi,Chennai Super Kings,,Delhi Capitals,bat,SV Samson,Unknown,Unknown,159,151,105,2,12,10,True
1529292,1,Sunrisers Hyderabad,Punjab Kings,2026.0,2026-05-06,"Rajiv Gandhi International Stadium, Uppal, Hyderabad",Hyderabad,Sunrisers Hyderabad,,Punjab Kings,field,PJ Cummins,Unknown,Unknown,235,226,120,4,12,17,True
1529292,2,Punjab Kings,Sunrisers Hyderabad,2026.0,2026-05-06,"Rajiv Gandhi International Stadium, Uppal, Hyderabad",Hyderabad,Sunrisers Hyderabad,,Punjab Kings,field,PJ Cummins,Unknown,Unknown,202,193,120,7,13,13,True
1529293,1,Lucknow Super Giants,Royal Challengers Bengaluru,2026.0,2026-05-07,"Bharat Ratna Shri Atal Bihari Vajpayee Ekana Cricket Stadium, Lucknow",Lucknow,Lucknow Super Giants,,Royal Challengers Bengaluru,field,MR Marsh,Unknown,Unknown,209,199,114,3,18,12,True
1529293,2,Royal Challengers Bengaluru,Lucknow Super Giants,2026.0,2026-05-07,"Bharat Ratna Shri Atal Bihari Vajpayee Ekana Cricket Stadium, Lucknow",Lucknow,Lucknow Super Giants,,Royal Challengers Bengaluru,field,MR Marsh,Unknown,Unknown,203,191,114,6,16,13,True
1529294,1,Delhi Capitals,Kolkata Knight Riders,2026.0,2026-05-08,"Arun Jaitley Stadium, Delhi",Delhi,Kolkata Knight Riders,,Kolkata Knight Riders,field,FH Allen,Unknown,Unknown,142,140,120,8,13,6,True
1529294,2,Kolkata Knight Riders,Delhi Capitals,2026.0,2026-05-08,"Arun Jaitley Stadium, Delhi",Delhi,Kolkata Knight Riders,,Kolkata Knight Riders,field,FH Allen,Unknown,Unknown,147,147,86,2,6,13,True
1529295,1,Gujarat Titans,Rajasthan Royals,2026.0,2026-05-09,"Sawai Mansingh Stadium, Jaipur",Jaipur,Gujarat Titans,,Rajasthan Royals,field,Rashid Khan,Unknown,Unknown,229,210,120,4,19,11,True
1529295,2,Rajasthan Royals,Gujarat Titans,2026.0,2026-05-09,"Sawai Mansingh Stadium, Jaipur",Jaipur,Gujarat Titans,,Rajasthan Royals,field,Rashid Khan,Unknown,Unknown,152,149,99,10,13,9,True
1529296,1,Lucknow Super Giants,Chennai Super Kings,2026.0,2026-05-10,"MA Chidambaram Stadium, Chepauk, Chennai",Chennai,Chennai Super Kings,,Chennai Super Kings,field,J Overton,Unknown,Unknown,203,195,120,8,17,11,True
1529296,2,Chennai Super Kings,Lucknow Super Giants,2026.0,2026-05-10,"MA Chidambaram Stadium, Chepauk, Chennai",Chennai,Chennai Super Kings,,Chennai Super Kings,field,J Overton,Unknown,Unknown,208,197,116,5,10,16,True
1529297,1,Mumbai Indians,Royal Challengers Bengaluru,2026.0,2026-05-10,"Shaheed Veer Narayan Singh International Stadium, Raipur",Raipur,Royal Challengers Bengaluru,,Royal Challengers Bengaluru,field,B Kumar,Unknown,Unknown,166,160,120,7,12,6,True
1529297,2,Royal Challengers Bengaluru,Mumbai Indians,2026.0,2026-05-10,"Shaheed Veer Narayan Singh International Stadium, Raipur",Raipur,Royal Challengers Bengaluru,,Royal Challengers Bengaluru,field,B Kumar,Unknown,Unknown,167,152,120,8,9,9,True
1529298,1,Punjab Kings,Delhi Capitals,2026.0,2026-05-11,"Himachal Pradesh Cricket Association Stadium, Dharamsala",Dharamsala,Delhi Capitals,,Delhi Capitals,field,M Tiwari,Unknown,Unknown,210,193,120,5,15,13,True
1529298,2,Delhi Capitals,Punjab Kings,2026.0,2026-05-11,"Himachal Pradesh Cricket Association Stadium, Dharamsala",Dharamsala,Delhi Capitals,,Delhi Capitals,field,M Tiwari,Unknown,Unknown,216,198,114,7,21,11,True
1529299,1,Gujarat Titans,Sunrisers Hyderabad,2026.0,2026-05-12,"Narendra Modi Stadium, Ahmedabad",Ahmedabad,Gujarat Titans,,Sunrisers Hyderabad,field,K Rabada,Unknown,Unknown,168,160,120,5,18,4,True
1529299,2,Sunrisers Hyderabad,Gujarat Titans,2026.0,2026-05-12,"Narendra Modi Stadium, Ahmedabad",Ahmedabad,Gujarat Titans,,Sunrisers Hyderabad,field,K Rabada,Unknown,Unknown,86,84,89,10,8,4,True
1529300,1,Kolkata Knight Riders,Royal Challengers Bengaluru,2026.0,2026-05-13,"Shaheed Veer Narayan Singh International Stadium, Raipur",Raipur,Royal Challengers Bengaluru,,Royal Challengers Bengaluru,field,V Kohli,Unknown,Unknown,192,189,120,4,19,8,True
1529300,2,Royal Challengers Bengaluru,Kolkata Knight Riders,2026.0,2026-05-13,"Shaheed Veer Narayan Singh International Stadium, Raipur",Raipur,Royal Challengers Bengaluru,,Royal Challengers Bengaluru,field,V Kohli,Unknown,Unknown,194,180,115,4,21,5,True
1529301,1,Punjab Kings,Mumbai Indians,2026.0,2026-05-14,"Himachal Pradesh Cricket Association Stadium, Dharamsala",Dharamsala,Mumbai Indians,,Mumbai Indians,field,Tilak Varma,Unknown,Unknown,200,187,120,8,18,12,True
1529301,2,Mumbai Indians,Punjab Kings,2026.0,2026-05-14,"Himachal Pradesh Cricket Association Stadium, Dharamsala",Dharamsala,Mumbai Indians,,Mumbai Indians,field,Tilak Varma,Unknown,Unknown,205,202,119,4,13,16,True
1529302,1,Chennai Super Kings,Lucknow Super Giants,2026.0,2026-05-15,"Bharat Ratna Shri Atal Bihari Vajpayee Ekana Cricket Stadium, Lucknow",Lucknow,Lucknow Super Giants,,Lucknow Super Giants,field,MR Marsh,Unknown,Unknown,187,180,120,5,16,9,True
1529302,2,Lucknow Super Giants,Chennai Super Kings,2026.0,2026-05-15,"Bharat Ratna Shri Atal Bihari Vajpayee Ekana Cricket Stadium, Lucknow",Lucknow,Lucknow Super Giants,,Lucknow Super Giants,field,MR Marsh,Unknown,Unknown,188,178,100,3,15,13,True
1529303,1,Kolkata Knight Riders,Gujarat Titans,2026.0,2026-05-16,"Eden Gardens, Kolkata",Kolkata,Kolkata Knight Riders,,Gujarat Titans,field,SP Narine,Unknown,Unknown,247,241,120,2,12,22,True
1529303,2,Gujarat Titans,Kolkata Knight Riders,2026.0,2026-05-16,"Eden Gardens, Kolkata",Kolkata,Kolkata Knight Riders,,Gujarat Titans,field,SP Narine,Unknown,Unknown,218,198,120,4,16,12,True
1529304,1,Royal Challengers Bengaluru,Punjab Kings,2026.0,2026-05-17,"Himachal Pradesh Cricket Association Stadium, Dharamsala",Dharamsala,Royal Challengers Bengaluru,,Punjab Kings,field,VR Iyer,Unknown,Unknown,222,215,120,4,20,12,True
1529304,2,Punjab Kings,Royal Challengers Bengaluru,2026.0,2026-05-17,"Himachal Pradesh Cricket Association Stadium, Dharamsala",Dharamsala,Royal Challengers Bengaluru,,Punjab Kings,field,VR Iyer,Unknown,Unknown,199,187,120,8,16,10,True
1529305,1,Rajasthan Royals,Delhi Capitals,2026.0,2026-05-17,"Arun Jaitley Stadium, Delhi",Delhi,Delhi Capitals,,Delhi Capitals,field,MA Starc,Unknown,Unknown,193,185,120,8,17,11,True
1529305,2,Delhi Capitals,Rajasthan Royals,2026.0,2026-05-17,"Arun Jaitley Stadium, Delhi",Delhi,Delhi Capitals,,Delhi Capitals,field,MA Starc,Unknown,Unknown,197,181,116,5,12,9,True
1529306,1,Chennai Super Kings,Sunrisers Hyderabad,2026.0,2026-05-18,"MA Chidambaram Stadium, Chepauk, Chennai",Chennai,Sunrisers Hyderabad,,Chennai Super Kings,bat,Ishan Kishan,Unknown,Unknown,180,171,120,7,15,10,True
1529306,2,Sunrisers Hyderabad,Chennai Super Kings,2026.0,2026-05-18,"MA Chidambaram Stadium, Chepauk, Chennai",Chennai,Sunrisers Hyderabad,,Chennai Super Kings,bat,Ishan Kishan,Unknown,Unknown,181,175,114,5,19,7,True
1529307,1,Lucknow Super Giants,Rajasthan Royals,2026.0,2026-05-19,"Sawai Mansingh Stadium, Jaipur",Jaipur,Rajasthan Royals,,Rajasthan Royals,field,V Suryavanshi,Unknown,Unknown,220,207,120,5,20,12,True
1529307,2,Rajasthan Royals,Lucknow Super Giants,2026.0,2026-05-19,"Sawai Mansingh Stadium, Jaipur",Jaipur,Rajasthan Royals,,Rajasthan Royals,field,V Suryavanshi,Unknown,Unknown,225,212,115,3,19,15,True
1529308,1,Mumbai Indians,Kolkata Knight Riders,2026.0,2026-05-20,"Eden Gardens, Kolkata",Kolkata,Kolkata Knight Riders,,Kolkata Knight Riders,field,MK Pandey,Unknown,Unknown,147,138,120,8,11,8,True
1529308,2,Kolkata Knight Riders,Mumbai Indians,2026.0,2026-05-20,"Eden Gardens, Kolkata",Kolkata,Kolkata Knight Riders,,Kolkata Knight Riders,field,MK Pandey,Unknown,Unknown,148,142,113,6,20,2,True
1529309,1,Gujarat Titans,Chennai Super Kings,2026.0,2026-05-21,"Narendra Modi Stadium, Ahmedabad",Ahmedabad,Gujarat Titans,,Chennai Super Kings,field,Mohammed Siraj,Unknown,Unknown,229,212,120,4,19,12,True
1529309,2,Chennai Super Kings,Gujarat Titans,2026.0,2026-05-21,"Narendra Modi Stadium, Ahmedabad",Ahmedabad,Gujarat Titans,,Chennai Super Kings,field,Mohammed Siraj,Unknown,Unknown,140,136,82,10,12,9,True
1529310,1,Sunrisers Hyderabad,Royal Challengers Bengaluru,2026.0,2026-05-22,"Rajiv Gandhi International Stadium, Uppal, Hyderabad",Hyderabad,Sunrisers Hyderabad,,Sunrisers Hyderabad,bat,Ishan Kishan,Unknown,Unknown,255,241,120,4,20,16,True
1529310,2,Royal Challengers Bengaluru,Sunrisers Hyderabad,2026.0,2026-05-22,"Rajiv Gandhi International Stadium, Uppal, Hyderabad",Hyderabad,Sunrisers Hyderabad,,Sunrisers Hyderabad,bat,Ishan Kishan,Unknown,Unknown,200,192,120,4,20,7,True
1529311,1,Lucknow Super Giants,Punjab Kings,2026.0,2026-05-23,"Bharat Ratna Shri Atal Bihari Vajpayee Ekana Cricket Stadium, Lucknow",Lucknow,Punjab Kings,,Punjab Kings,field,SS Iyer,Unknown,Unknown,196,186,120,6,20,8,True
1529311,2,Punjab Kings,Lucknow Super Giants,2026.0,2026-05-23,"Bharat Ratna Shri Atal Bihari Vajpayee Ekana Cricket Stadium, Lucknow",Lucknow,Punjab Kings,,Punjab Kings,field,SS Iyer,Unknown,Unknown,200,197,108,3,23,7,True
1529312,1,Rajasthan Royals,Mumbai Indians,2026.0,2026-05-24,"Wankhede Stadium, Mumbai",Mumbai,Rajasthan Royals,,Mumbai Indians,field,JC Archer,Unknown,Unknown,205,196,120,8,10,15,True
1529312,2,Mumbai Indians,Rajasthan Royals,2026.0,2026-05-24,"Wankhede Stadium, Mumbai",Mumbai,Rajasthan Royals,,Mumbai Indians,field,JC Archer,Unknown,Unknown,175,170,120,9,12,10,True
1529313,1,Delhi Capitals,Kolkata Knight Riders,2026.0,2026-05-24,"Eden Gardens, Kolkata",Kolkata,Delhi Capitals,,Kolkata Knight Riders,field,Kuldeep Yadav,Unknown,Unknown,203,191,120,5,17,11,True
1529313,2,Kolkata Knight Riders,Delhi Capitals,2026.0,2026-05-24,"Eden Gardens, Kolkata",Kolkata,Delhi Capitals,,Kolkata Knight Riders,field,Kuldeep Yadav,Unknown,Unknown,163,158,112,10,15,8,True
1535462,1,Royal Challengers Bengaluru,Gujarat Titans,2026.0,2026-05-26,"Himachal Pradesh Cricket Association Stadium, Dharamsala",Dharamsala,Royal Challengers Bengaluru,,Gujarat Titans,field,RM Patidar,Qualifier 1,Unknown,254,247,120,5,24,14,True
1535462,2,Gujarat Titans,Royal Challengers Bengaluru,2026.0,2026-05-26,"Himachal Pradesh Cricket Association Stadium, Dharamsala",Dharamsala,Royal Challengers Bengaluru,,Gujarat Titans,field,RM Patidar,Qualifier 1,Unknown,162,154,117,10,21,7,True
1535463,1,Rajasthan Royals,Sunrisers Hyderabad,2026.0,2026-05-27,"Maharaja Yadavindra Singh International Cricket Stadium, New Chandigarh",New Chandigarh,Rajasthan Royals,,Sunrisers Hyderabad,field,V Suryavanshi,Eliminator,Unknown,243,237,120,8,20,17,True
1535463,2,Sunrisers Hyderabad,Rajasthan Royals,2026.0,2026-05-27,"Maharaja Yadavindra Singh International Cricket Stadium, New Chandigarh",New Chandigarh,Rajasthan Royals,,Sunrisers Hyderabad,field,V Suryavanshi,Eliminator,Unknown,196,180,116,10,16,9,True
1535464,1,Rajasthan Royals,Gujarat Titans,2026.0,2026-05-29,"Maharaja Yadavindra Singh International Cricket Stadium, New Chandigarh",New Chandigarh,Gujarat Titans,,Rajasthan Royals,bat,Shubman Gill,Qualifier 2,Unknown,214,208,120,6,17,14,True
1535464,2,Gujarat Titans,Rajasthan Royals,2026.0,2026-05-29,"Maharaja Yadavindra Singh International Cricket Stadium, New Chandigarh",New Chandigarh,Gujarat Titans,,Rajasthan Royals,bat,Shubman Gill,Qualifier 2,Unknown,219,204,112,3,27,6,True
1535465,1,Gujarat Titans,Royal Challengers Bengaluru,2026.0,2026-05-31,"Narendra Modi Stadium, Ahmedabad",Ahmedabad,Royal Challengers Bengaluru,,Royal Challengers Bengaluru,field,V Kohli,Final,Unknown,155,150,120,8,15,3,True
1535465,2,Royal Challengers Bengaluru,Gujarat Titans,2026.0,2026-05-31,"Narendra Modi Stadium, Ahmedabad",Ahmedabad,Royal Challengers Bengaluru,,Royal Challengers Bengaluru,field,V Kohli,Final,Unknown,161,159,108,5,18,7,True
